VALUES
120
6378136.3
1
1
1.1743e-10
4.3052e-11
3.6829e-11
1.3062e-11
7.7315e-12
1.1804e-11
2.3501e-11
6.7901e-12
5.3011e-12
7.6431e-12
1.2871e-11
1.3463e-11
3.2223e-12
2.562e-12
3.3753e-12
6.285e-12
7.9149e-12
1.2295e-11
3.2308e-12
2.5304e-12
3.2165e-12
4.304e-12
4.4482e-12
6.7698e-12
7.3072e-12
2.0195e-12
1.579e-12
1.9125e-12
3.0527e-12
2.9853e-12
3.4302e-12
6.1243e-12
6.2902e-12
2.204e-12
1.7076e-12
2.0275e-12
2.4049e-12
2.4392e-12
2.7191e-12
3.5479e-12
4.6215e-12
5.3663e-12
1.5897e-12
1.2279e-12
1.4193e-12
1.9554e-12
1.7531e-12
2.1085e-12
3.0625e-12
2.4278e-12
4.6575e-12
4.0009e-12
1.6565e-12
1.2727e-12
1.4529e-12
1.5875e-12
1.5646e-12
1.6172e-12
2.1695e-12
1.8866e-12
3.3984e-12
3.3885e-12
3.6623e-12
1.3945e-12
1.0701e-12
1.2009e-12
1.4737e-12
1.2967e-12
1.5614e-12
1.9497e-12
1.5873e-12
2.6908e-12
2.1265e-12
3.1495e-12
3.2645e-12
1.2987e-12
9.9292e-13
1.1054e-12
1.1408e-12
1.0995e-12
1.1273e-12
1.3907e-12
1.0659e-12
2.3039e-12
1.4891e-12
2.2675e-12
2.9581e-12
3.2032e-12
1.1023e-12
8.4184e-13
9.2732e-13
1.0426e-12
9.2081e-13
1.0748e-12
1.2307e-12
9.9771e-13
1.7262e-12
1.3324e-12
1.5032e-12
1.9301e-12
2.7421e-12
3.1705e-12
9.5871e-13
7.303e-13
7.9985e-13
7.9233e-13
7.5132e-13
7.6798e-13
8.7328e-13
6.9324e-13
1.3868e-12
7.9391e-13
1.5237e-12
1.2826e-12
1.8697e-12
2.8964e-12
2.9354e-12
7.4525e-13
5.6718e-13
6.1682e-13
6.5034e-13
5.7865e-13
6.4818e-13
7.0841e-13
5.6464e-13
1.0198e-12
6.9903e-13
8.7693e-13
1.1357e-12
1.0662e-12
1.7796e-12
2.6515e-12
3.1803e-12
7.0693e-13
5.3719e-13
5.8156e-13
5.5933e-13
5.2372e-13
5.3017e-13
5.7034e-13
4.8008e-13
8.4804e-13
5.0948e-13
9.2898e-13
7.3458e-13
1.279e-12
1.2397e-12
1.9136e-12
3.1826e-12
1.8243e-12
7.1959e-13
5.4646e-13
5.8869e-13
5.9238e-13
5.3e-13
5.6962e-13
6.0732e-13
4.7765e-13
8.8065e-13
5.3752e-13
8.0311e-13
8.6718e-13
8.897e-13
1.5783e-12
1.444e-12
2.3506e-12
2.3785e-12
1.159e-12
6.934e-13
5.2594e-13
5.647e-13
5.3132e-13
4.9255e-13
4.9142e-13
5.1126e-13
4.4707e-13
7.154e-13
4.6268e-13
7.5426e-13
6.3961e-13
1.0213e-12
1.0347e-12
1.789e-12
1.6464e-12
1.7023e-12
1.5911e-12
1.9301e-12
6.616e-13
5.0163e-13
5.3663e-13
5.2184e-13
4.6828e-13
4.8484e-13
5.0977e-13
3.9819e-13
7.3255e-13
4.136e-13
6.9618e-13
6.2648e-13
7.8918e-13
1.1699e-12
1.1622e-12
2.0262e-12
1.1773e-12
1.0815e-12
2.087e-12
1.1816e-12
6.2722e-13
4.7505e-13
5.0699e-13
4.6919e-13
4.3135e-13
4.2326e-13
4.3216e-13
3.8422e-13
5.7718e-13
3.9231e-13
5.8337e-13
5.2666e-13
7.4511e-13
8.8136e-13
1.2977e-12
1.2614e-12
1.4981e-12
7.3555e-13
1.626e-12
1.7271e-12
1.4404e-12
6.0923e-13
4.613e-13
4.9097e-13
4.6549e-13
4.1804e-13
4.1921e-13
4.3693e-13
3.4045e-13
6.1621e-13
3.3583e-13
5.9705e-13
4.6957e-13
6.8931e-13
8.528e-13
1.049e-12
1.5405e-12
9.8847e-13
9.1601e-13
9.551e-13
1.1675e-12
1.7572e-12
1.4614e-12
5.5612e-13
4.208e-13
4.4697e-13
4.0853e-13
3.7285e-13
3.5988e-13
3.6371e-13
3.2381e-13
4.6972e-13
3.2687e-13
4.5948e-13
4.2562e-13
5.5444e-13
7.22e-13
8.9633e-13
1.1143e-12
1.0714e-12
6.2066e-13
1.34e-12
7.5274e-13
1.2786e-12
1.9924e-12
1.1257e-12
5.4742e-13
4.1408e-13
4.3896e-13
4.0836e-13
3.6648e-13
3.5777e-13
3.7053e-13
2.8879e-13
5.1051e-13
2.7713e-13
4.9703e-13
3.6219e-13
5.7576e-13
6.2406e-13
8.9419e-13
1.1299e-12
9.0833e-13
6.6306e-13
8.5089e-13
9.2475e-13
7.337e-13
1.4205e-12
1.5965e-12
1.4285e-12
5.1564e-13
3.8984e-13
4.1256e-13
3.7346e-13
3.3871e-13
3.2189e-13
3.2348e-13
2.859e-13
4.079e-13
2.8523e-13
3.9036e-13
3.6047e-13
4.5531e-13
6.0513e-13
6.7205e-13
9.9338e-13
7.7177e-13
6.0446e-13
9.9495e-13
6.7564e-13
1.0571e-12
8.8736e-13
1.2051e-12
1.9701e-12
9.18e-13
5.294e-13
4.0014e-13
4.2282e-13
3.8776e-13
3.4742e-13
3.317e-13
3.4175e-13
2.6662e-13
4.5923e-13
2.5281e-13
4.4534e-13
3.1617e-13
5.1317e-13
5.1604e-13
7.9509e-13
9.1987e-13
8.4731e-13
5.227e-13
8.7688e-13
7.0074e-13
7.4894e-13
1.1693e-12
6.9646e-13
1.5652e-12
1.4353e-12
8.2378e-13
5.3658e-13
4.0537e-13
4.2779e-13
3.8427e-13
3.4666e-13
3.2483e-13
3.2527e-13
2.8412e-13
4.0296e-13
2.8006e-13
3.803e-13
3.4459e-13
4.3875e-13
5.6439e-13
6.074e-13
9.5605e-13
6.43e-13
6.0909e-13
8.2821e-13
7.6187e-13
8.5636e-13
9.1092e-13
1.0846e-12
9.7202e-13
1.2158e-12
1.2322e-12
1.0098e-12
5.0813e-13
3.838e-13
4.0453e-13
3.6693e-13
3.2803e-13
3.0756e-13
3.1529e-13
2.4618e-13
4.1346e-13
2.3245e-13
3.9723e-13
2.8405e-13
4.5375e-13
4.4451e-13
6.9127e-13
7.7468e-13
7.4893e-13
4.3197e-13
8.1743e-13
5.5267e-13
8.0406e-13
8.4844e-13
7.1771e-13
1.2607e-12
6.2423e-13
9.3365e-13
1.4861e-12
1.1531e-12
4.9791e-13
3.7596e-13
3.9581e-13
3.5342e-13
3.1729e-13
2.9365e-13
2.9332e-13
2.5274e-13
3.5815e-13
2.4616e-13
3.3484e-13
2.9608e-13
3.875e-13
4.7029e-13
5.2358e-13
8.0364e-13
5.1201e-13
5.1757e-13
6.5252e-13
6.9641e-13
6.3714e-13
9.3107e-13
7.5675e-13
9.1624e-13
9.5623e-13
5.5049e-13
1.2526e-12
1.6574e-12
7.0548e-13
5.1756e-13
3.9071e-13
4.1095e-13
3.6961e-13
3.2961e-13
3.0445e-13
3.1063e-13
2.4267e-13
3.9802e-13
2.2874e-13
3.7782e-13
2.7667e-13
4.276e-13
4.2124e-13
6.3585e-13
7.1713e-13
6.8581e-13
3.9806e-13
7.6447e-13
5.0375e-13
8.1152e-13
7.0801e-13
8.2779e-13
9.3824e-13
6.8176e-13
7.949e-13
7.0946e-13
1.4487e-12
1.1362e-12
9.7943e-13
4.8845e-13
3.6865e-13
3.8737e-13
3.442e-13
3.0772e-13
2.8172e-13
2.8081e-13
2.386e-13
3.3866e-13
2.2974e-13
3.1413e-13
2.7136e-13
3.6673e-13
4.1795e-13
4.9691e-13
7.0914e-13
4.6291e-13
4.5174e-13
5.811e-13
6.3154e-13
5.4905e-13
9.0804e-13
5.8758e-13
9.9136e-13
6.8252e-13
5.3917e-13
1.0364e-12
7.9719e-13
9.3715e-13
1.3599e-12
1.3397e-12
4.4182e-13
3.3338e-13
3.5006e-13
3.1274e-13
2.7819e-13
2.5384e-13
2.5776e-13
2.0137e-13
3.2326e-13
1.896e-13
3.0283e-13
2.2826e-13
3.3991e-13
3.4203e-13
4.9255e-13
5.6985e-13
5.2191e-13
3.1633e-13
5.8427e-13
4.0507e-13
6.406e-13
5.6019e-13
7.0192e-13
6.4879e-13
6.5253e-13
4.81e-13
6.3865e-13
1.0381e-12
4.6733e-13
1.0656e-12
1.6598e-12
1.5709e-12
4.1696e-13
3.1456e-13
3.3002e-13
2.9207e-13
2.6017e-13
2.3596e-13
2.3472e-13
1.9679e-13
2.7986e-13
1.8743e-13
2.5771e-13
2.1831e-13
3.0348e-13
3.2722e-13
4.1722e-13
5.457e-13
3.8137e-13
3.3939e-13
4.6987e-13
4.8192e-13
4.4219e-13
7.2216e-13
4.499e-13
8.3991e-13
4.5329e-13
4.9632e-13
6.3161e-13
6.8715e-13
6.7434e-13
5.7977e-13
1.4318e-12
2.1477e-12
7.9413e-13
4.3836e-13
3.3064e-13
3.4668e-13
3.0808e-13
2.7337e-13
2.4696e-13
2.496e-13
1.9492e-13
3.0698e-13
1.8317e-13
2.8369e-13
2.2004e-13
3.1627e-13
3.2642e-13
4.4755e-13
5.3393e-13
4.626e-13
2.9575e-13
5.1599e-13
3.837e-13
5.6822e-13
5.4403e-13
6.4323e-13
6.1481e-13
6.3746e-13
3.7959e-13
6.926e-13
7.1488e-13
4.949e-13
8.9334e-13
8.0571e-13
1.9579e-12
1.3025e-12
1.0198e-12
4.6007e-13
3.4695e-13
3.6354e-13
3.2068e-13
2.8472e-13
2.5616e-13
2.5426e-13
2.1057e-13
2.9996e-13
1.9852e-13
2.7411e-13
2.2887e-13
3.2499e-13
3.3558e-13
4.5409e-13
5.4717e-13
4.1437e-13
3.3013e-13
4.9973e-13
4.6851e-13
4.7299e-13
7.1801e-13
4.8201e-13
8.6535e-13
4.5825e-13
5.3656e-13
5.3489e-13
7.9769e-13
5.2813e-13
6.5612e-13
1.3417e-12
1.1826e-12
1.2029e-12
1.4804e-12
9.9584e-13
4.5472e-13
3.4287e-13
3.5907e-13
3.1773e-13
2.8127e-13
2.5201e-13
2.5354e-13
1.9785e-13
3.0635e-13
1.8539e-13
2.793e-13
2.2224e-13
3.0982e-13
3.2748e-13
4.299e-13
5.2721e-13
4.3264e-13
2.9047e-13
4.7954e-13
3.7866e-13
5.2053e-13
5.5227e-13
5.95e-13
6.4615e-13
6.0675e-13
3.8575e-13
6.9608e-13
5.7649e-13
5.481e-13
6.3642e-13
9.3028e-13
1.7364e-12
6.6999e-13
1.3569e-12
1.5794e-12
7.6644e-13
4.9934e-13
3.7644e-13
3.94e-13
3.4662e-13
3.0686e-13
2.7419e-13
2.7155e-13
2.2241e-13
3.1712e-13
2.0772e-13
2.8746e-13
2.3767e-13
3.422e-13
3.4287e-13
4.8489e-13
5.4565e-13
4.4473e-13
3.1927e-13
5.2491e-13
4.4739e-13
4.9836e-13
6.9243e-13
5.1641e-13
8.5243e-13
4.9792e-13
5.4165e-13
5.3888e-13
8.2948e-13
4.4118e-13
7.3367e-13
1.0313e-12
1.3657e-12
1.1046e-12
8.0094e-13
1.5244e-12
1.2174e-12
7.4835e-13
5.1506e-13
3.8824e-13
4.0617e-13
3.5817e-13
3.1637e-13
2.8153e-13
2.82e-13
2.1982e-13
3.3533e-13
2.052e-13
3.0175e-13
2.4533e-13
3.3345e-13
3.5962e-13
4.5594e-13
5.7102e-13
4.4753e-13
3.1201e-13
4.9341e-13
4.0538e-13
5.2162e-13
6.0204e-13
5.9374e-13
7.3227e-13
6.1088e-13
4.5686e-13
7.1635e-13
6.4835e-13
5.8853e-13
5.5066e-13
1.1083e-12
1.3587e-12
8.5604e-13
1.3026e-12
8.8605e-13
1.1375e-12
1.2396e-12
1.11e-12
5.1868e-13
3.9091e-13
4.0876e-13
3.5878e-13
3.1683e-13
2.8144e-13
2.7806e-13
2.2555e-13
3.2158e-13
2.0882e-13
2.8903e-13
2.3763e-13
3.4455e-13
3.3893e-13
4.935e-13
5.2712e-13
4.5568e-13
3.0033e-13
5.268e-13
4.1228e-13
4.993e-13
6.3796e-13
5.2422e-13
7.9591e-13
5.204e-13
5.1311e-13
5.7152e-13
7.9045e-13
4.3109e-13
7.1229e-13
8.231e-13
1.4648e-12
8.1157e-13
9.2442e-13
1.3264e-12
6.1236e-13
1.1209e-12
1.6815e-12
1.0022e-12
5.3803e-13
4.0544e-13
4.238e-13
3.7265e-13
3.2848e-13
2.9066e-13
2.8992e-13
2.2574e-13
3.3983e-13
2.0974e-13
3.0202e-13
2.499e-13
3.3277e-13
3.6461e-13
4.5043e-13
5.7202e-13
4.3308e-13
3.0953e-13
4.7587e-13
3.9816e-13
4.8763e-13
5.9564e-13
5.4797e-13
7.4446e-13
5.6287e-13
4.8733e-13
6.6311e-13
7.247e-13
5.493e-13
5.739e-13
1.0707e-12
1.0881e-12
9.3292e-13
9.3222e-13
1.0678e-12
1.0055e-12
6.4634e-13
1.5413e-12
1.6789e-12
1.1449e-12
5.5793e-13
4.2038e-13
4.3923e-13
3.8478e-13
3.3903e-13
2.9965e-13
2.9536e-13
2.3755e-13
3.3841e-13
2.1818e-13
3.0143e-13
2.4723e-13
3.5905e-13
3.5008e-13
5.1802e-13
5.3349e-13
4.8127e-13
2.9803e-13
5.459e-13
3.9923e-13
5.1434e-13
6.1286e-13
5.4344e-13
7.7005e-13
5.5135e-13
5.0246e-13
6.2605e-13
7.7372e-13
4.7748e-13
6.8945e-13
8.4119e-13
1.4541e-12
6.8465e-13
1.0134e-12
1.0116e-12
7.5583e-13
1.0043e-12
8.5881e-13
1.5553e-12
1.817e-12
1.1708e-12
5.589e-13
4.2106e-13
4.398e-13
3.8582e-13
3.3944e-13
2.9894e-13
2.9701e-13
2.3096e-13
3.4362e-13
2.1347e-13
3.0183e-13
2.5327e-13
3.3176e-13
3.6788e-13
4.4631e-13
5.7107e-13
4.2246e-13
3.0597e-13
4.6362e-13
3.8804e-13
4.6094e-13
5.7937e-13
5.0959e-13
7.3509e-13
5.1972e-13
4.983e-13
6.1043e-13
7.8116e-13
5.0133e-13
6.4603e-13
9.6785e-13
1.1304e-12
8.8855e-13
7.3565e-13
1.1526e-12
7.2142e-13
7.8146e-13
1.3462e-12
8.7602e-13
1.5894e-12
1.9171e-12
1.7589e-12
5.4493e-13
4.1048e-13
4.286e-13
3.7485e-13
3.2962e-13
2.9008e-13
2.8525e-13
2.2774e-13
3.2393e-13
2.0763e-13
2.8588e-13
2.3452e-13
3.3958e-13
3.3054e-13
4.9212e-13
4.9535e-13
4.5937e-13
2.7329e-13
5.1234e-13
3.5739e-13
4.7853e-13
5.4104e-13
5.0577e-13
6.8109e-13
5.1909e-13
4.4931e-13
6.0522e-13
6.9397e-13
4.7581e-13
6.0841e-13
8.5558e-13
1.2526e-12
6.4787e-13
8.9511e-13
7.8948e-13
7.5353e-13
6.9497e-13
9.9388e-13
1.2414e-12
8.3824e-13
1.6501e-12
2.6637e-12
1.7549e-12
5.5089e-13
4.1493e-13
4.3312e-13
3.7921e-13
3.3306e-13
2.9215e-13
2.8917e-13
2.2458e-13
3.3067e-13
2.0642e-13
2.8724e-13
2.4369e-13
3.1507e-13
3.5241e-13
4.2244e-13
5.4196e-13
3.9561e-13
2.8771e-13
4.3406e-13
3.5911e-13
4.2101e-13
5.3138e-13
4.5801e-13
6.7734e-13
4.6316e-13
4.6922e-13
5.4102e-13
7.6519e-13
4.3891e-13
6.6624e-13
8.2074e-13
1.2085e-12
7.5815e-13
7.2424e-13
1.0313e-12
5.4805e-13
7.9538e-13
9.2451e-13
9.9962e-13
1.3016e-12
9.6821e-13
2.3143e-12
2.9144e-12
1.4665e-12
5.6586e-13
4.2615e-13
4.4469e-13
3.8838e-13
3.4091e-13
2.9892e-13
2.9325e-13
2.3266e-13
3.3021e-13
2.1069e-13
2.8871e-13
2.373e-13
3.4147e-13
3.3357e-13
4.9582e-13
4.9319e-13
4.6434e-13
2.7044e-13
5.103e-13
3.4631e-13
4.7193e-13
5.1531e-13
4.9678e-13
6.4646e-13
5.1132e-13
4.307e-13
6.0595e-13
6.7033e-13
4.8836e-13
5.8454e-13
9.1245e-13
1.1528e-12
7.0063e-13
8.0775e-13
7.9975e-13
6.9675e-13
5.8072e-13
1.0563e-12
9.0169e-13
1.0553e-12
1.3839e-12
1.2972e-12
2.6382e-12
2.3734e-12
2.8179e-12
5.3152e-13
4.0024e-13
4.1757e-13
3.6497e-13
3.2006e-13
2.7981e-13
2.7601e-13
2.1407e-13
3.1226e-13
1.9562e-13
2.6847e-13
2.2969e-13
2.9384e-13
3.307e-13
3.9348e-13
5.0437e-13
3.6599e-13
2.6565e-13
4.0156e-13
3.2628e-13
3.8254e-13
4.7631e-13
4.1075e-13
6.0478e-13
4.1217e-13
4.2355e-13
4.7923e-13
7.0913e-13
3.8553e-13
6.4141e-13
6.9821e-13
1.2193e-12
6.3009e-13
7.6068e-13
8.5214e-13
5.2615e-13
6.9176e-13
7.0474e-13
9.8548e-13
8.8032e-13
1.0907e-12
1.8268e-12
1.4284e-12
1.9044e-12
4.4025e-12
2.8809e-12
5.3589e-13
4.0349e-13
4.2082e-13
3.671e-13
3.2172e-13
2.812e-13
2.7523e-13
2.1719e-13
3.0747e-13
1.9545e-13
2.6631e-13
2.1962e-13
3.1325e-13
3.0815e-13
4.5481e-13
4.5092e-13
4.2674e-13
2.4684e-13
4.6316e-13
3.1094e-13
4.2401e-13
4.5426e-13
4.4342e-13
5.653e-13
4.5465e-13
3.7942e-13
5.4285e-13
5.9671e-13
4.4461e-13
5.2405e-13
8.5648e-13
9.9981e-13
6.7638e-13
6.7624e-13
7.8164e-13
5.6089e-13
5.3789e-13
8.8112e-13
7.0368e-13
1.0225e-12
9.1313e-13
1.5326e-12
1.9945e-12
1.0525e-12
3.8671e-12
4.4203e-12
3.8645e-12
5.4987e-13
4.14e-13
4.3169e-13
3.768e-13
3.2996e-13
2.8764e-13
2.8282e-13
2.1908e-13
3.1692e-13
1.9904e-13
2.6981e-13
2.3235e-13
2.9472e-13
3.3304e-13
3.9454e-13
5.0417e-13
3.6561e-13
2.6388e-13
4.0086e-13
3.1936e-13
3.7754e-13
4.5881e-13
4.0153e-13
5.7662e-13
4.0056e-13
4.0451e-13
4.6418e-13
6.8806e-13
3.728e-13
6.381e-13
6.6373e-13
1.2565e-12
5.7974e-13
8.2699e-13
7.5421e-13
5.8556e-13
6.0964e-13
7.2735e-13
9.1275e-13
7.4169e-13
1.1432e-12
1.3277e-12
1.756e-12
1.5851e-12
2.3001e-12
3.9695e-12
6.7593e-12
3.3165e-12
5.7767e-13
4.3486e-13
4.5333e-13
3.9504e-13
3.4572e-13
3.0135e-13
2.9432e-13
2.3117e-13
3.2634e-13
2.0685e-13
2.8005e-13
2.3187e-13
3.273e-13
3.2497e-13
4.7439e-13
4.7171e-13
4.4537e-13
2.5858e-13
4.7842e-13
3.2171e-13
4.3382e-13
4.6191e-13
4.5022e-13
5.6812e-13
4.5778e-13
3.8282e-13
5.468e-13
6.0808e-13
4.5179e-13
5.4212e-13
8.8755e-13
1.0221e-12
7.1705e-13
6.7392e-13
8.4849e-13
5.2741e-13
5.9555e-13
7.9252e-13
7.6371e-13
9.6394e-13
8.2671e-13
1.7013e-12
1.4937e-12
1.4448e-12
3.2796e-12
2.2876e-12
5.9665e-12
5.6054e-12
3.0323e-12
6.0334e-13
4.5415e-13
4.7336e-13
4.1268e-13
3.6091e-13
3.1387e-13
3.0768e-13
2.3804e-13
3.4179e-13
2.1505e-13
2.8835e-13
2.4955e-13
3.1422e-13
3.5607e-13
4.2088e-13
5.3543e-13
3.8923e-13
2.7893e-13
4.2619e-13
3.3335e-13
3.9873e-13
4.7109e-13
4.2157e-13
5.8348e-13
4.1856e-13
4.07e-13
4.84e-13
6.9717e-13
3.8974e-13
6.5593e-13
6.9439e-13
1.3214e-12
5.915e-13
9.0933e-13
7.3702e-13
6.6928e-13
5.7125e-13
8.4648e-13
8.5296e-13
8.1902e-13
1.1106e-12
1.2235e-12
1.9474e-12
1.2197e-12
3.0533e-12
3.4428e-12
3.7109e-12
5.064e-12
5.2483e-12
2.5981e-12
6.3923e-13
4.811e-13
5.0134e-13
4.3648e-13
3.815e-13
3.3175e-13
3.2333e-13
2.5296e-13
3.5601e-13
2.2517e-13
3.0277e-13
2.5181e-13
3.5135e-13
3.5251e-13
5.0771e-13
5.0862e-13
4.7645e-13
2.7947e-13
5.0755e-13
3.4482e-13
4.5633e-13
4.8738e-13
4.6993e-13
5.9127e-13
4.7262e-13
3.9842e-13
5.6179e-13
6.3757e-13
4.6553e-13
5.7791e-13
9.2384e-13
1.0964e-12
7.5824e-13
7.1626e-13
9.1378e-13
5.4397e-13
6.591e-13
7.5334e-13
8.7351e-13
8.806e-13
9.3362e-13
1.6456e-12
1.4143e-12
1.6517e-12
2.5181e-12
3.246e-12
5.0929e-12
2.9566e-12
5.0231e-12
4.4975e-12
2.1894e-12
6.7032e-13
5.0447e-13
5.2561e-13
4.5776e-13
3.9987e-13
3.4702e-13
3.3925e-13
2.6216e-13
3.7391e-13
2.3553e-13
3.1275e-13
2.7168e-13
3.3996e-13
3.8592e-13
4.5564e-13
5.7677e-13
4.2107e-13
2.9949e-13
4.5987e-13
3.5439e-13
4.2897e-13
4.9315e-13
4.5182e-13
6.0059e-13
4.4707e-13
4.1417e-13
5.1568e-13
7.0926e-13
4.1704e-13
6.7109e-13
7.5131e-13
1.3688e-12
6.3257e-13
9.7594e-13
7.6784e-13
7.4149e-13
5.664e-13
9.6657e-13
8.161e-13
9.5267e-13
1.0398e-12
1.3858e-12
1.8999e-12
1.1676e-12
3.4278e-12
2.6833e-12
5.1843e-12
4.3756e-12
2.8673e-12
4.1094e-12
3.7597e-12
1.4458e-12
7.1069e-13
5.348e-13
5.571e-13
4.8464e-13
4.231e-13
3.6719e-13
3.5715e-13
2.7849e-13
3.9069e-13
2.467e-13
3.2939e-13
2.7521e-13
3.7939e-13
3.8486e-13
5.4596e-13
5.5266e-13
5.1163e-13
3.0451e-13
5.4151e-13
3.7356e-13
4.8339e-13
5.2112e-13
4.9426e-13
6.2283e-13
4.9116e-13
4.1834e-13
5.7891e-13
6.7184e-13
4.7901e-13
6.1784e-13
9.5277e-13
1.1903e-12
7.9022e-13
7.7835e-13
9.6366e-13
5.9518e-13
7.0855e-13
7.8121e-13
9.6556e-13
8.3329e-13
1.0716e-12
1.4991e-12
1.6216e-12
1.6051e-12
2.45e-12
3.7025e-12
4.0145e-12
4.2432e-12
4.2948e-12
2.386e-12
3.65e-12
2.4513e-12
1.7119e-12
7.4741e-13
5.6239e-13
5.8575e-13
5.0969e-13
4.4476e-13
3.8528e-13
3.7571e-13
2.9001e-13
4.1114e-13
2.5918e-13
3.4117e-13
2.9718e-13
3.6982e-13
4.2029e-13
4.9594e-13
6.2459e-13
4.5819e-13
3.2368e-13
4.988e-13
3.8021e-13
4.6477e-13
5.2215e-13
4.8844e-13
6.251e-13
4.8171e-13
4.2454e-13
5.5421e-13
7.2228e-13
4.4964e-13
6.823e-13
8.2148e-13
1.3967e-12
6.8992e-13
1.0248e-12
8.3236e-13
7.9717e-13
5.9429e-13
1.0647e-12
8.2261e-13
1.0746e-12
9.9373e-13
1.6021e-12
1.7695e-12
1.3433e-12
3.3339e-12
2.6462e-12
5.9142e-12
3.3875e-12
4.0401e-12
3.5172e-12
2.1022e-12
2.3021e-12
2.8976e-12
2.6783e-12
7.8675e-13
5.9193e-13
6.1642e-13
5.3587e-13
4.6734e-13
4.0486e-13
3.9305e-13
3.056e-13
4.2738e-13
2.6953e-13
3.5731e-13
2.9994e-13
4.0838e-13
4.1888e-13
5.848e-13
5.9928e-13
5.4686e-13
3.3098e-13
5.7594e-13
4.0446e-13
5.1121e-13
5.5815e-13
5.1952e-13
6.5746e-13
5.1025e-13
4.3884e-13
5.9511e-13
7.0479e-13
4.9018e-13
6.5472e-13
9.7102e-13
1.2842e-12
8.1099e-13
8.4266e-13
9.9629e-13
6.6159e-13
7.4018e-13
8.6312e-13
1.0229e-12
8.5945e-13
1.1714e-12
1.3933e-12
1.8478e-12
1.452e-12
2.8227e-12
3.5735e-12
4.0875e-12
4.8228e-12
3.2617e-12
3.4122e-12
3.0777e-12
1.3154e-12
2.8283e-12
4.6056e-12
2.2012e-12
8.3178e-13
6.2576e-13
6.5158e-13
5.6652e-13
4.9388e-13
4.2716e-13
4.1559e-13
3.2047e-13
4.5183e-13
2.8496e-13
3.7216e-13
3.2485e-13
4.0221e-13
4.5744e-13
5.3956e-13
6.7625e-13
4.9843e-13
3.5008e-13
5.4041e-13
4.0921e-13
5.0363e-13
5.5609e-13
5.2839e-13
6.5531e-13
5.195e-13
4.3753e-13
5.9562e-13
7.3605e-13
4.8401e-13
6.8994e-13
8.9487e-13
1.4064e-12
7.5296e-13
1.0565e-12
9.13e-13
8.361e-13
6.442e-13
1.1362e-12
8.6936e-13
1.1664e-12
1.0045e-12
1.7763e-12
1.6826e-12
1.5407e-12
3.0678e-12
3.0684e-12
5.7498e-12
3.4099e-12
4.5329e-12
2.6848e-12
2.9216e-12
1.9428e-12
1.6355e-12
4.4226e-12
3.6821e-12
2.5236e-12
8.7298e-13
6.567e-13
6.8368e-13
5.9398e-13
5.1754e-13
4.4765e-13
4.3383e-13
3.3647e-13
4.6906e-13
2.9556e-13
3.8907e-13
3.2807e-13
4.4121e-13
4.5746e-13
6.2833e-13
6.525e-13
5.8593e-13
3.6096e-13
6.1488e-13
4.3993e-13
5.4341e-13
6.0188e-13
5.4958e-13
6.9933e-13
5.3411e-13
4.6302e-13
6.1595e-13
7.4104e-13
5.0409e-13
6.9235e-13
9.8977e-13
1.3805e-12
8.3048e-13
9.0782e-13
1.025e-12
7.3422e-13
7.6449e-13
9.7738e-13
1.0591e-12
9.5673e-13
1.2344e-12
1.4235e-12
2.0097e-12
1.3443e-12
3.2082e-12
3.2512e-12
4.7582e-12
4.657e-12
3.2513e-12
3.8703e-12
2.3117e-12
1.8892e-12
2.3656e-12
2.512e-12
3.6341e-12
4.4208e-12
2.0083e-12
9.2852e-13
6.9841e-13
7.2705e-13
6.3171e-13
5.5023e-13
4.7525e-13
4.614e-13
3.5545e-13
4.9868e-13
3.1458e-13
4.0792e-13
3.5659e-13
4.3948e-13
5.0005e-13
5.8953e-13
7.3561e-13
5.4446e-13
3.8071e-13
5.8763e-13
4.4368e-13
5.4795e-13
5.9832e-13
5.7409e-13
6.9573e-13
5.6253e-13
4.5676e-13
6.4239e-13
7.5745e-13
5.2168e-13
7.013e-13
9.726e-13
1.4141e-12
8.2044e-13
1.0824e-12
1.0038e-12
8.6726e-13
7.0856e-13
1.1931e-12
9.4683e-13
1.2383e-12
1.0761e-12
1.9064e-12
1.7172e-12
1.6932e-12
2.9014e-12
3.5068e-12
5.2527e-12
4.0302e-12
4.3672e-12
2.766e-12
3.2447e-12
1.4717e-12
2.2742e-12
3.704e-12
2.0933e-12
4.3193e-12
3.3292e-12
3.2347e-12
9.7614e-13
7.342e-13
7.6414e-13
6.6355e-13
5.7765e-13
4.9897e-13
4.8277e-13
3.7365e-13
5.1929e-13
3.2698e-13
4.2749e-13
3.6203e-13
4.8102e-13
5.0391e-13
6.8095e-13
7.1693e-13
6.3294e-13
3.969e-13
6.6257e-13
4.8277e-13
5.8373e-13
6.5598e-13
5.8825e-13
7.53e-13
5.6664e-13
4.9394e-13
6.4643e-13
7.8582e-13
5.2515e-13
7.3505e-13
1.0189e-12
1.4859e-12
8.5748e-13
9.7623e-13
1.0621e-12
8.1021e-13
7.9183e-13
1.1071e-12
1.0913e-12
1.0978e-12
1.2797e-12
1.5923e-12
2.1174e-12
1.3736e-12
3.486e-12
3.0559e-12
5.3845e-12
4.2542e-12
3.8375e-12
3.7549e-12
2.3509e-12
2.1392e-12
1.7717e-12
3.6453e-12
3.0368e-12
2.4537e-12
3.3168e-12
5.7608e-12
2.1959e-12
1.0382e-12
7.8083e-13
8.1263e-13
7.0567e-13
6.1416e-13
5.2983e-13
5.1339e-13
3.9515e-13
5.519e-13
3.4817e-13
4.4857e-13
3.9255e-13
4.8169e-13
5.4825e-13
6.4588e-13
8.0279e-13
5.9622e-13
4.1557e-13
6.4032e-13
4.836e-13
5.9742e-13
6.4874e-13
6.2501e-13
7.4667e-13
6.1029e-13
4.8285e-13
6.9376e-13
7.8842e-13
5.6203e-13
7.1903e-13
1.0521e-12
1.4267e-12
8.8941e-13
1.1072e-12
1.0972e-12
8.9447e-13
7.7884e-13
1.2413e-12
1.039e-12
1.2983e-12
1.1855e-12
2.0057e-12
1.8632e-12
1.7982e-12
2.965e-12
3.8158e-12
4.8702e-12
4.6129e-12
4.0044e-12
3.3277e-12
3.0984e-12
1.5527e-12
2.505e-12
2.8017e-12
2.9286e-12
3.5859e-12
1.9034e-12
5.7232e-12
3.7484e-12
4.5111e-12
1.0823e-12
8.1392e-13
8.4694e-13
7.3507e-13
6.3945e-13
5.5167e-13
5.3297e-13
4.1173e-13
5.7054e-13
3.5907e-13
4.6637e-13
3.9655e-13
5.2075e-13
5.5085e-13
7.326e-13
7.8197e-13
6.7848e-13
4.3284e-13
7.091e-13
5.2558e-13
6.2343e-13
7.1038e-13
6.2668e-13
8.0701e-13
5.9952e-13
5.2431e-13
6.7738e-13
8.2768e-13
5.4624e-13
7.7216e-13
1.0457e-12
1.5768e-12
8.8165e-13
1.0322e-12
1.0953e-12
8.7321e-13
8.1455e-13
1.2219e-12
1.1128e-12
1.2373e-12
1.3022e-12
1.817e-12
2.1626e-12
1.516e-12
3.612e-12
3.1057e-12
5.7231e-12
3.9505e-12
4.3337e-12
3.4037e-12
2.7907e-12
2.0454e-12
1.8145e-12
4.0498e-12
2.2391e-12
3.5327e-12
2.7281e-12
3.2085e-12
3.7054e-12
8.0932e-12
6.2559e-12
1.1329e-12
8.5193e-13
8.8642e-13
7.6936e-13
6.691e-13
5.7663e-13
5.5773e-13
4.2894e-13
5.9665e-13
3.7638e-13
4.8204e-13
4.222e-13
5.1591e-13
5.8736e-13
6.9121e-13
8.5626e-13
6.3754e-13
4.4349e-13
6.8119e-13
5.1587e-13
6.3575e-13
6.8987e-13
6.6406e-13
7.8821e-13
6.4601e-13
5.035e-13
7.3084e-13
8.0993e-13
5.898e-13
7.271e-13
1.1042e-12
1.4153e-12
9.3444e-13
1.107e-12
1.1604e-12
8.9848e-13
8.2873e-13
1.2545e-12
1.1072e-12
1.3205e-12
1.2776e-12
2.0405e-12
2.022e-12
1.8279e-12
3.161e-12
3.9062e-12
4.7586e-12
4.8622e-12
3.7159e-12
3.7212e-12
2.7594e-12
1.8512e-12
2.3154e-12
2.9072e-12
3.1289e-12
2.634e-12
2.6107e-12
4.5886e-12
2.0932e-12
8.0016e-12
1.0534e-11
7.6626e-12
1.1788e-12
8.863e-13
9.2208e-13
7.9992e-13
6.954e-13
5.993e-13
5.7816e-13
4.4594e-13
6.1622e-13
3.8768e-13
5.0037e-13
4.2705e-13
5.5456e-13
5.9192e-13
7.7519e-13
8.3855e-13
7.151e-13
4.6372e-13
7.4673e-13
5.6215e-13
6.5568e-13
7.5665e-13
6.5803e-13
8.5233e-13
6.2637e-13
5.4854e-13
7.0208e-13
8.5851e-13
5.6225e-13
7.9628e-13
1.0622e-12
1.6366e-12
8.963e-13
1.0652e-12
1.1165e-12
9.1232e-13
8.2762e-13
1.3001e-12
1.1208e-12
1.3432e-12
1.3032e-12
2.0203e-12
2.1541e-12
1.6959e-12
3.6035e-12
3.3458e-12
5.7649e-12
3.9407e-12
4.5275e-12
3.1226e-12
3.105e-12
1.8232e-12
2.1428e-12
3.7708e-12
2.2828e-12
3.8432e-12
1.971e-12
4.5194e-12
2.9592e-12
4.4837e-12
1.0426e-11
1.4417e-11
7.8184e-12
1.2581e-12
9.459e-13
9.8401e-13
8.5365e-13
7.4193e-13
6.388e-13
6.1686e-13
4.7406e-13
6.5698e-13
4.1439e-13
5.2783e-13
4.6258e-13
5.6303e-13
6.4114e-13
7.5343e-13
9.3075e-13
6.9412e-13
4.8239e-13
7.3784e-13
5.6129e-13
6.8852e-13
7.4938e-13
7.1786e-13
8.5218e-13
6.9573e-13
5.3937e-13
7.8323e-13
8.5639e-13
6.2898e-13
7.5777e-13
1.1739e-12
1.4466e-12
9.9348e-13
1.1326e-12
1.2389e-12
9.2047e-13
8.8959e-13
1.29e-12
1.1903e-12
1.3663e-12
1.3895e-12
2.112e-12
2.2297e-12
1.8809e-12
3.5201e-12
3.9984e-12
5.1295e-12
5.0145e-12
3.8267e-12
3.966e-12
2.6211e-12
2.1087e-12
2.0947e-12
3.5259e-12
2.9273e-12
2.8105e-12
2.8226e-12
3.4039e-12
2.9331e-12
6.4678e-12
5.9486e-12
1.4309e-11
1.382e-11
7.6246e-12
1.328e-12
9.9838e-13
1.0385e-12
9.0055e-13
7.8238e-13
6.7364e-13
6.4901e-13
4.9992e-13
6.8894e-13
4.3333e-13
5.5598e-13
4.7612e-13
6.1176e-13
6.5841e-13
8.4966e-13
9.3097e-13
7.8056e-13
5.1396e-13
8.1481e-13
6.2198e-13
7.15e-13
8.3442e-13
7.1687e-13
9.3364e-13
6.8012e-13
5.9569e-13
7.5756e-13
9.2416e-13
6.0302e-13
8.5023e-13
1.1258e-12
1.7526e-12
9.498e-13
1.1328e-12
1.1856e-12
9.7565e-13
8.764e-13
1.4082e-12
1.1789e-12
1.4783e-12
1.3612e-12
2.2779e-12
2.2303e-12
1.9495e-12
3.7069e-12
3.8291e-12
5.9176e-12
4.403e-12
4.6987e-12
3.2429e-12
3.3438e-12
1.7481e-12
2.4709e-12
3.4725e-12
2.8132e-12
3.7075e-12
2.1034e-12
5.0482e-12
2.2164e-12
6.4955e-12
8.5457e-12
8.4664e-12
1.3872e-11
1.4258e-11
3.9318e-12
1.4215e-12
1.0686e-12
1.1115e-12
9.6385e-13
8.3721e-13
7.2024e-13
6.9447e-13
5.3333e-13
7.3666e-13
4.6454e-13
5.888e-13
5.1622e-13
6.2593e-13
7.1296e-13
8.3637e-13
1.0308e-12
7.6937e-13
5.3461e-13
8.1368e-13
6.2251e-13
7.588e-13
8.3061e-13
7.8949e-13
9.4202e-13
7.6227e-13
5.9251e-13
8.5397e-13
9.3089e-13
6.8206e-13
8.1409e-13
1.2656e-12
1.5278e-12
1.0703e-12
1.1893e-12
1.3374e-12
9.6459e-13
9.6422e-13
1.354e-12
1.2918e-12
1.4429e-12
1.5203e-12
2.2355e-12
2.4727e-12
1.9781e-12
3.976e-12
4.158e-12
5.8415e-12
5.1719e-12
4.2774e-12
4.1197e-12
2.7788e-12
2.2729e-12
2.0413e-12
4.0682e-12
2.6947e-12
3.479e-12
2.6726e-12
3.7465e-12
3.2061e-12
4.8683e-12
8.5717e-12
1.159e-11
8.0054e-12
1.4653e-11
7.4396e-12
4.7997e-12
1.4897e-12
1.1197e-12
1.1645e-12
1.0095e-12
8.7653e-13
7.5407e-13
7.2563e-13
5.5827e-13
7.6742e-13
4.8261e-13
6.1575e-13
5.2895e-13
6.7286e-13
7.2969e-13
9.2858e-13
1.0299e-12
8.4947e-13
5.6722e-13
8.8671e-13
6.8518e-13
7.7795e-13
9.1681e-13
7.7958e-13
1.0206e-12
7.3816e-13
6.4619e-13
8.1844e-13
9.9415e-13
6.4813e-13
9.0594e-13
1.1985e-12
1.867e-12
1.0098e-12
1.198e-12
1.2621e-12
1.0312e-12
9.309e-13
1.4995e-12
1.2484e-12
1.5925e-12
1.4327e-12
2.5046e-12
2.3275e-12
2.1888e-12
3.8317e-12
4.333e-12
6.0619e-12
5.035e-12
4.7724e-12
3.6132e-12
3.4304e-12
1.8275e-12
2.6404e-12
3.3494e-12
3.2309e-12
3.4284e-12
2.592e-12
4.8339e-12
2.3914e-12
7.1473e-12
6.3722e-12
1.2032e-11
1.1252e-11
8.2642e-12
7.4628e-12
8.9741e-12
3.8223e-12
1.5887e-12
1.1941e-12
1.2418e-12
1.0765e-12
9.3452e-13
8.0337e-13
7.7357e-13
5.937e-13
8.1753e-13
5.1543e-13
6.5032e-13
5.7034e-13
6.8903e-13
7.8505e-13
9.1906e-13
1.1307e-12
8.4391e-13
5.8673e-13
8.8814e-13
6.8376e-13
8.2731e-13
9.1243e-13
8.5876e-13
1.0335e-12
8.2604e-13
6.4752e-13
9.2117e-13
1.0094e-12
7.315e-13
8.7525e-13
1.3468e-12
1.6217e-12
1.1376e-12
1.2477e-12
1.4217e-12
1.0072e-12
1.0279e-12
1.413e-12
1.378e-12
1.5144e-12
1.6291e-12
2.3564e-12
2.6756e-12
2.0769e-12
4.3811e-12
4.3159e-12
6.5852e-12
5.2838e-12
4.8124e-12
4.1559e-12
3.0952e-12
2.3119e-12
2.164e-12
4.3165e-12
2.6166e-12
3.9583e-12
2.4339e-12
4.6211e-12
2.9811e-12
5.3576e-12
9.2422e-12
8.8046e-12
1.1418e-11
1.1721e-11
4.3442e-12
9.3127e-12
7.0861e-12
4.0335e-12
1.676e-12
1.2597e-12
1.3098e-12
1.1351e-12
9.8506e-13
8.4681e-13
8.1395e-13
6.2557e-13
8.5791e-13
5.3945e-13
6.8468e-13
5.8981e-13
7.433e-13
8.116e-13
1.0194e-12
1.1435e-12
9.2857e-13
6.28e-13
9.6941e-13
7.5707e-13
8.506e-13
1.0108e-12
8.5217e-13
1.121e-12
8.0609e-13
7.0518e-13
8.9094e-13
1.0768e-12
7.0253e-13
9.7134e-13
1.2898e-12
1.9958e-12
1.0842e-12
1.2722e-12
1.3554e-12
1.0883e-12
9.9814e-13
1.5867e-12
1.3386e-12
1.698e-12
1.5308e-12
2.7138e-12
2.4716e-12
2.4147e-12
4.035e-12
4.8303e-12
6.311e-12
5.7334e-12
4.8783e-12
4.1337e-12
3.4642e-12
2.0461e-12
2.7003e-12
3.5593e-12
3.4521e-12
3.3536e-12
2.9818e-12
4.5063e-12
2.952e-12
6.8043e-12
6.9908e-12
1.3123e-11
8.4775e-12
1.1911e-11
5.9935e-12
5.2813e-12
7.2911e-12
7.6859e-12
3.8526e-12
1.7882e-12
1.3439e-12
1.3974e-12
1.2109e-12
1.0507e-12
9.0266e-13
8.6811e-13
6.6585e-13
9.1434e-13
5.7632e-13
7.2413e-13
6.352e-13
7.6471e-13
8.7152e-13
1.018e-12
1.2506e-12
9.3275e-13
6.4924e-13
9.771e-13
7.5721e-13
9.0869e-13
1.0108e-12
9.4087e-13
1.1447e-12
9.0171e-13
7.1562e-13
1.0013e-12
1.1094e-12
7.9056e-13
9.569e-13
1.4423e-12
1.759e-12
1.2165e-12
1.3322e-12
1.5184e-12
1.0679e-12
1.0997e-12
1.4945e-12
1.4749e-12
1.6089e-12
1.7451e-12
2.5181e-12
2.8825e-12
2.2177e-12
4.7882e-12
4.5742e-12
7.3727e-12
5.5145e-12
5.398e-12
4.2387e-12
3.5114e-12
2.3217e-12
2.4387e-12
4.4055e-12
2.8165e-12
4.2092e-12
2.4015e-12
5.2932e-12
2.7305e-12
6.6681e-12
8.5862e-12
9.9931e-12
1.2321e-11
8.8476e-12
6.1942e-12
7.4602e-12
4.1944e-12
8.034e-12
7.2211e-12
4.3747e-12
1.8796e-12
1.4124e-12
1.4685e-12
1.2722e-12
1.1036e-12
9.4804e-13
9.103e-13
6.9899e-13
9.5648e-13
6.0137e-13
7.5957e-13
6.5596e-13
8.195e-13
9.0034e-13
1.117e-12
1.2663e-12
1.0133e-12
6.9318e-13
1.0581e-12
8.3383e-13
9.2863e-13
1.1113e-12
9.3022e-13
1.2293e-12
8.7964e-13
7.6911e-13
9.7022e-13
1.1671e-12
7.6237e-13
1.0422e-12
1.3928e-12
2.1301e-12
1.167e-12
1.3507e-12
1.4576e-12
1.1432e-12
1.0721e-12
1.6635e-12
1.4413e-12
1.7873e-12
1.6458e-12
2.8903e-12
2.6492e-12
2.609e-12
4.3014e-12
5.2671e-12
6.6588e-12
6.3884e-12
5.0583e-12
4.6733e-12
3.5038e-12
2.3198e-12
2.6988e-12
3.9925e-12
3.5025e-12
3.5633e-12
3.1672e-12
4.4465e-12
3.3617e-12
6.3127e-12
8.6286e-12
1.233e-11
9.3234e-12
1.285e-11
4.5068e-12
7.5692e-12
5.8357e-12
4.5687e-12
7.4683e-12
8.3035e-12
3.2719e-12
2.0042e-12
1.5061e-12
1.5658e-12
1.3564e-12
1.1765e-12
1.0101e-12
9.7031e-13
7.4384e-13
1.0188e-12
6.4203e-13
8.036e-13
7.0502e-13
8.4592e-13
9.6439e-13
1.1236e-12
1.3789e-12
1.0272e-12
7.1605e-13
1.0713e-12
8.3564e-13
9.9428e-13
1.1161e-12
1.0267e-12
1.2642e-12
9.8053e-13
7.8961e-13
1.0845e-12
1.2197e-12
8.5166e-13
1.0492e-12
1.5384e-12
1.9219e-12
1.2957e-12
1.4299e-12
1.6135e-12
1.1369e-12
1.1695e-12
1.5842e-12
1.5692e-12
1.7102e-12
1.8527e-12
2.6927e-12
3.0663e-12
2.3761e-12
5.1444e-12
4.8877e-12
8.0814e-12
5.8395e-12
5.9225e-12
4.3904e-12
3.913e-12
2.335e-12
2.7506e-12
4.399e-12
3.1675e-12
4.257e-12
2.5984e-12
5.5843e-12
2.7086e-12
7.5824e-12
7.7634e-12
1.2282e-11
1.1327e-11
9.9226e-12
6.5692e-12
5.589e-12
5.9547e-12
6.3563e-12
4.2804e-12
8.7415e-12
6.2103e-12
3.9501e-12
2.1119e-12
1.5869e-12
1.6496e-12
1.4287e-12
1.2388e-12
1.0636e-12
1.0202e-12
7.8279e-13
1.0689e-12
6.7204e-13
8.4502e-13
7.3137e-13
9.0639e-13
1.0013e-12
1.2283e-12
1.4058e-12
1.1095e-12
7.6684e-13
1.1589e-12
9.2027e-13
1.0174e-12
1.2246e-12
1.019e-12
1.3524e-12
9.6366e-13
8.424e-13
1.0616e-12
1.2719e-12
8.3172e-13
1.1251e-12
1.5149e-12
2.2837e-12
1.2643e-12
1.4431e-12
1.5756e-12
1.2042e-12
1.1578e-12
1.7425e-12
1.5621e-12
1.8738e-12
1.7836e-12
3.0533e-12
2.8695e-12
2.7859e-12
4.6478e-12
5.6647e-12
7.1352e-12
6.9965e-12
5.3757e-12
5.198e-12
3.6298e-12
2.6046e-12
2.7189e-12
4.5207e-12
3.4893e-12
3.9809e-12
3.2113e-12
4.7736e-12
3.5536e-12
6.2974e-12
9.8224e-12
1.1417e-11
1.144e-11
1.2042e-11
5.0328e-12
8.1042e-12
4.3427e-12
6.5442e-12
5.9533e-12
5.0127e-12
6.4535e-12
7.3668e-12
3.7811e-12
2.2542e-12
1.6938e-12
1.7607e-12
1.5248e-12
1.322e-12
1.1344e-12
1.0886e-12
8.3408e-13
1.1399e-12
7.1808e-13
8.9565e-13
7.8586e-13
9.3988e-13
1.0719e-12
1.2455e-12
1.5273e-12
1.1357e-12
7.9317e-13
1.1798e-12
9.2605e-13
1.0923e-12
1.2372e-12
1.1247e-12
1.4023e-12
1.0705e-12
8.756e-13
1.1799e-12
1.3495e-12
9.2197e-13
1.1599e-12
1.6487e-12
2.1248e-12
1.3866e-12
1.5527e-12
1.7217e-12
1.2237e-12
1.2482e-12
1.6958e-12
1.6757e-12
1.8317e-12
1.9699e-12
2.8989e-12
3.2563e-12
2.5666e-12
5.4943e-12
5.2857e-12
8.7583e-12
6.3044e-12
6.4091e-12
4.68e-12
4.2937e-12
2.4166e-12
3.0628e-12
4.4453e-12
3.5762e-12
4.25e-12
2.9416e-12
5.637e-12
2.9768e-12
7.9944e-12
7.7321e-12
1.3857e-11
1.0259e-11
1.225e-11
6.0202e-12
6.3209e-12
6.2861e-12
4.8029e-12
6.0996e-12
6.8819e-12
3.7132e-12
7.9287e-12
7.2399e-12
4.8501e-12
2.3812e-12
1.789e-12
1.8595e-12
1.6102e-12
1.3956e-12
1.1975e-12
1.1477e-12
8.7996e-13
1.1993e-12
7.5398e-13
9.4413e-13
8.1877e-13
1.0072e-12
1.1181e-12
1.3572e-12
1.5672e-12
1.2211e-12
8.5159e-13
1.2757e-12
1.0194e-12
1.1201e-12
1.3547e-12
1.1217e-12
1.4947e-12
1.0611e-12
9.2774e-13
1.1679e-12
1.3955e-12
9.1286e-13
1.2241e-12
1.6602e-12
2.4646e-12
1.3791e-12
1.5555e-12
1.7132e-12
1.2771e-12
1.2576e-12
1.832e-12
1.7032e-12
1.9661e-12
1.9457e-12
3.2158e-12
3.1332e-12
2.9559e-12
5.0723e-12
6.0424e-12
7.7334e-12
7.5674e-12
5.8407e-12
5.6965e-12
3.8816e-12
2.8804e-12
2.8201e-12
5.0549e-12
3.5135e-12
4.4815e-12
3.2052e-12
5.3485e-12
3.5991e-12
6.8596e-12
1.0384e-11
1.1503e-11
1.2961e-11
1.1282e-11
6.1777e-12
7.5655e-12
4.885e-12
6.954e-12
4.4368e-12
7.1949e-12
5.1253e-12
4.5055e-12
7.5593e-12
9.1356e-12
3.3523e-12
2.5282e-12
1.8995e-12
1.9743e-12
1.7094e-12
1.4814e-12
1.2706e-12
1.2181e-12
9.329e-13
1.2722e-12
8.0128e-13
9.9618e-13
8.7414e-13
1.0423e-12
1.189e-12
1.3779e-12
1.6887e-12
1.2531e-12
8.7686e-13
1.2969e-12
1.0239e-12
1.1974e-12
1.3682e-12
1.2293e-12
1.5516e-12
1.1664e-12
9.6894e-13
1.2816e-12
1.4913e-12
9.9696e-13
1.2824e-12
1.7655e-12
2.3544e-12
1.483e-12
1.6919e-12
1.8352e-12
1.322e-12
1.3302e-12
1.8203e-12
1.7874e-12
1.9629e-12
2.089e-12
3.1175e-12
3.4408e-12
2.77e-12
5.8167e-12
5.7228e-12
9.3577e-12
6.8527e-12
6.8229e-12
5.0775e-12
4.6196e-12
2.5755e-12
3.3358e-12
4.6023e-12
3.9535e-12
4.2777e-12
3.3046e-12
5.5796e-12
3.3799e-12
8.0162e-12
8.56e-12
1.447e-11
1.0251e-11
1.3773e-11
5.4954e-12
7.7812e-12
5.7036e-12
5.4429e-12
6.3688e-12
5.2127e-12
5.2957e-12
6.1488e-12
4.3539e-12
9.8519e-12
6.4432e-12
5.9601e-12
2.6752e-12
2.0097e-12
2.0886e-12
1.8082e-12
1.5666e-12
1.3437e-12
1.2867e-12
9.8591e-13
1.3414e-12
8.4322e-13
1.0519e-12
9.1374e-13
1.1164e-12
1.2447e-12
1.4964e-12
1.7417e-12
1.3412e-12
9.4268e-13
1.4012e-12
1.1255e-12
1.2304e-12
1.4938e-12
1.2317e-12
1.6474e-12
1.1655e-12
1.0197e-12
1.2823e-12
1.5297e-12
1.0001e-12
1.3324e-12
1.8182e-12
2.6594e-12
1.5027e-12
1.6797e-12
1.859e-12
1.3558e-12
1.3631e-12
1.9241e-12
1.8523e-12
2.0568e-12
2.1169e-12
3.3643e-12
3.4135e-12
3.1053e-12
5.5273e-12
6.373e-12
8.3737e-12
8.0581e-12
6.392e-12
6.1283e-12
4.2314e-12
3.119e-12
3.0107e-12
5.5186e-12
3.6259e-12
4.9496e-12
3.2157e-12
5.9635e-12
3.5769e-12
7.6967e-12
1.0448e-11
1.2601e-11
1.3577e-11
1.1537e-11
6.9124e-12
7.076e-12
6.0379e-12
6.3828e-12
5.0179e-12
7.5343e-12
3.8142e-12
6.4468e-12
5.9402e-12
5.6043e-12
6.7479e-12
1.1211e-11
6.1947e-12
2.8125e-12
2.1129e-12
2.1959e-12
1.9009e-12
1.6467e-12
1.4118e-12
1.3523e-12
1.0352e-12
1.409e-12
8.8721e-13
1.0998e-12
9.6505e-13
1.1473e-12
1.3093e-12
1.513e-12
1.8537e-12
1.3722e-12
9.622e-13
1.4155e-12
1.1234e-12
1.3029e-12
1.5011e-12
1.3337e-12
1.703e-12
1.2616e-12
1.0637e-12
1.3824e-12
1.6357e-12
1.0712e-12
1.4082e-12
1.8801e-12
2.5948e-12
1.5775e-12
1.8368e-12
1.9454e-12
1.4238e-12
1.4093e-12
1.9475e-12
1.8959e-12
2.0925e-12
2.2016e-12
3.3277e-12
3.6072e-12
2.9654e-12
6.0905e-12
6.1491e-12
9.8395e-12
7.4129e-12
7.1381e-12
5.5271e-12
4.8694e-12
2.7924e-12
3.5469e-12
4.8796e-12
4.2513e-12
4.4002e-12
3.6068e-12
5.546e-12
3.7655e-12
7.8499e-12
9.735e-12
1.438e-11
1.1333e-11
1.422e-11
5.5761e-12
8.65e-12
5.1739e-12
6.5967e-12
5.6883e-12
5.9003e-12
5.4457e-12
4.5851e-12
6.1683e-12
7.5051e-12
3.8872e-12
1.2021e-11
1.2378e-11
9.1258e-12
2.9921e-12
2.2475e-12
2.3356e-12
2.0216e-12
1.7509e-12
1.5011e-12
1.4364e-12
1.0999e-12
1.4941e-12
9.3917e-13
1.1674e-12
1.0157e-12
1.2332e-12
1.3803e-12
1.6447e-12
1.9281e-12
1.4687e-12
1.0394e-12
1.5343e-12
1.2375e-12
1.3473e-12
1.6404e-12
1.348e-12
1.8092e-12
1.2758e-12
1.1174e-12
1.4032e-12
1.6732e-12
1.0923e-12
1.4489e-12
1.9861e-12
2.8668e-12
1.6331e-12
1.8153e-12
2.0106e-12
1.4414e-12
1.4721e-12
2.0215e-12
2.0056e-12
2.1491e-12
2.2923e-12
3.504e-12
3.6999e-12
3.2385e-12
5.9917e-12
6.6656e-12
9.018e-12
8.4739e-12
6.9888e-12
6.493e-12
4.6504e-12
3.3176e-12
3.2832e-12
5.8931e-12
3.859e-12
5.3432e-12
3.3081e-12
6.5065e-12
3.5869e-12
8.5362e-12
1.0318e-11
1.4133e-11
1.358e-11
1.2728e-11
7.1441e-12
7.285e-12
6.768e-12
5.8877e-12
6.1847e-12
6.7833e-12
4.3365e-12
6.6655e-12
4.4247e-12
7.9847e-12
5.2398e-12
6.8793e-12
1.281e-11
1.7225e-11
4.7386e-12
3.1777e-12
2.387e-12
2.4805e-12
2.1468e-12
1.8592e-12
1.5933e-12
1.525e-12
1.1669e-12
1.5855e-12
9.9808e-13
1.2338e-12
1.0827e-12
1.2837e-12
1.4654e-12
1.6886e-12
2.0684e-12
1.5272e-12
1.0731e-12
1.5706e-12
1.2523e-12
1.4409e-12
1.6728e-12
1.4706e-12
1.8983e-12
1.3872e-12
1.1857e-12
1.5164e-12
1.8223e-12
1.1712e-12
1.5712e-12
2.0396e-12
2.907e-12
1.7095e-12
2.0314e-12
2.101e-12
1.5633e-12
1.5207e-12
2.1245e-12
2.0485e-12
2.2709e-12
2.3636e-12
3.6087e-12
3.8493e-12
3.2211e-12
6.4752e-12
6.6996e-12
1.046e-11
8.1363e-12
7.5463e-12
6.1288e-12
5.1741e-12
3.115e-12
3.7901e-12
5.3795e-12
4.5734e-12
4.7529e-12
3.9179e-12
5.7851e-12
4.1588e-12
7.9212e-12
1.1076e-11
1.4376e-11
1.3118e-11
1.4283e-11
6.3331e-12
9.0318e-12
5.3995e-12
7.382e-12
5.2479e-12
7.222e-12
4.8968e-12
5.3374e-12
6.394e-12
5.6866e-12
5.5953e-12
9.2598e-12
7.7548e-12
1.8487e-11
9.1904e-12
8.1893e-12
3.3903e-12
2.5464e-12
2.6459e-12
2.2897e-12
1.9825e-12
1.699e-12
1.6246e-12
1.2435e-12
1.6865e-12
1.0601e-12
1.3135e-12
1.1442e-12
1.3814e-12
1.5513e-12
1.8336e-12
2.1634e-12
1.6319e-12
1.1615e-12
1.7042e-12
1.379e-12
1.4962e-12
1.8257e-12
1.496e-12
2.0142e-12
1.4159e-12
1.2419e-12
1.5568e-12
1.8574e-12
1.2098e-12
1.6011e-12
2.2008e-12
3.141e-12
1.8003e-12
1.9966e-12
2.205e-12
1.5621e-12
1.6116e-12
2.1652e-12
2.1991e-12
2.2873e-12
2.512e-12
3.7072e-12
4.0565e-12
3.4216e-12
6.5653e-12
7.0584e-12
9.8112e-12
8.988e-12
7.7298e-12
6.9213e-12
5.1945e-12
3.5433e-12
3.6759e-12
6.295e-12
4.2761e-12
5.7559e-12
3.5726e-12
7.0626e-12
3.7641e-12
9.3957e-12
1.0483e-11
1.5865e-11
1.3641e-11
1.4464e-11
7.1929e-12
8.2132e-12
7.1027e-12
6.1579e-12
7.006e-12
6.2609e-12
5.4075e-12
6.0286e-12
5.14e-12
8.303e-12
3.9925e-12
9.9659e-12
9.9984e-12
1.0849e-11
9.7748e-12
1.6845e-11
4.3695e-12
3.5942e-12
2.6996e-12
2.8051e-12
2.4273e-12
2.1015e-12
1.8003e-12
1.7218e-12
1.317e-12
1.7866e-12
1.1244e-12
1.3865e-12
1.2167e-12
1.4387e-12
1.643e-12
1.8879e-12
2.3124e-12
1.7026e-12
1.1988e-12
1.7464e-12
1.3981e-12
1.5967e-12
1.8664e-12
1.6247e-12
2.1179e-12
1.5286e-12
1.3227e-12
1.6675e-12
2.0317e-12
1.2845e-12
1.7543e-12
2.2221e-12
3.2591e-12
1.8606e-12
2.2531e-12
2.2793e-12
1.7231e-12
1.6477e-12
2.3273e-12
2.2226e-12
2.4723e-12
2.5496e-12
3.9181e-12
4.1266e-12
3.4984e-12
6.9044e-12
7.2896e-12
1.1115e-11
8.9103e-12
7.9764e-12
6.7866e-12
5.4871e-12
3.4865e-12
4.0333e-12
6.0018e-12
4.8804e-12
5.26e-12
4.1982e-12
6.2635e-12
4.4982e-12
8.284e-12
1.2263e-11
1.4635e-11
1.492e-11
1.4233e-11
7.3071e-12
9.0455e-12
6.1958e-12
7.6606e-12
5.5478e-12
8.0306e-12
4.5143e-12
6.5749e-12
5.7093e-12
6.6814e-12
5.7584e-12
7.0269e-12
1.1121e-11
1.4315e-11
5.8274e-12
1.8034e-11
8.4577e-12
4.9848e-12
3.8125e-12
2.8633e-12
2.975e-12
2.574e-12
2.2281e-12
1.9087e-12
1.824e-12
1.3955e-12
1.89e-12
1.1879e-12
1.4676e-12
1.2799e-12
1.5372e-12
1.7312e-12
2.0314e-12
2.4105e-12
1.8021e-12
1.2889e-12
1.881e-12
1.5259e-12
1.6509e-12
2.0176e-12
1.6493e-12
2.2268e-12
1.5608e-12
1.3711e-12
1.7154e-12
2.0493e-12
1.3308e-12
1.7604e-12
2.4222e-12
3.4259e-12
1.9715e-12
2.188e-12
2.402e-12
1.6906e-12
1.752e-12
2.3177e-12
2.3917e-12
2.4327e-12
2.729e-12
3.9115e-12
4.4058e-12
3.5975e-12
7.1211e-12
7.4349e-12
1.056e-11
9.4501e-12
8.4513e-12
7.298e-12
5.7435e-12
3.7384e-12
4.0956e-12
6.6244e-12
4.767e-12
6.0929e-12
3.9326e-12
7.5046e-12
4.0589e-12
1.0065e-11
1.0934e-11
1.7267e-11
1.3871e-11
1.6015e-11
7.1644e-12
9.276e-12
7.0856e-12
6.9484e-12
7.2704e-12
6.5051e-12
6.0518e-12
5.5183e-12
6.3379e-12
7.3898e-12
4.6369e-12
1.0207e-11
7.7946e-12
1.5636e-11
7.5302e-12
1.0619e-11
9.0546e-12
1.0098e-11
5.2745e-12
4.0575e-12
3.0474e-12
3.1662e-12
2.7393e-12
2.3709e-12
2.0305e-12
1.9406e-12
1.4839e-12
2.01e-12
1.2647e-12
1.5559e-12
1.3654e-12
1.6106e-12
1.8398e-12
2.1083e-12
2.5823e-12
1.8959e-12
1.3376e-12
1.9402e-12
1.5585e-12
1.7675e-12
2.0786e-12
1.7933e-12
2.358e-12
1.6831e-12
1.4722e-12
1.8327e-12
2.2597e-12
1.4086e-12
1.9536e-12
2.4244e-12
3.6433e-12
2.0278e-12
2.4965e-12
2.4766e-12
1.8992e-12
1.7878e-12
2.5511e-12
2.4142e-12
2.6915e-12
2.7555e-12
4.2474e-12
4.4344e-12
3.7885e-12
7.3725e-12
7.8972e-12
1.1799e-11
9.6992e-12
8.4313e-12
7.4624e-12
5.8123e-12
3.8784e-12
4.2812e-12
6.6883e-12
5.1797e-12
5.8663e-12
4.4545e-12
6.9374e-12
4.7825e-12
8.9701e-12
1.3208e-11
1.5338e-11
1.6434e-11
1.4457e-11
8.2069e-12
8.9767e-12
7.1453e-12
7.6304e-12
6.4088e-12
8.2678e-12
4.8101e-12
7.2917e-12
5.25e-12
8.2006e-12
5.0889e-12
8.2939e-12
1.1333e-11
1.0981e-11
8.3527e-12
1.3804e-11
5.422e-12
1.092e-11
1.0422e-11
7.1846e-12
4.3046e-12
3.2326e-12
3.3584e-12
2.9053e-12
2.5142e-12
2.1531e-12
2.0563e-12
1.5725e-12
2.1271e-12
1.3368e-12
1.6472e-12
1.4378e-12
1.7188e-12
1.9407e-12
2.2621e-12
2.6978e-12
2.0009e-12
1.4368e-12
2.087e-12
1.696e-12
1.8307e-12
2.2397e-12
1.8272e-12
2.4731e-12
1.7285e-12
1.5209e-12
1.8987e-12
2.2726e-12
1.4707e-12
1.9471e-12
2.6779e-12
3.7615e-12
2.1693e-12
2.4147e-12
2.6292e-12
1.8472e-12
1.9134e-12
2.5087e-12
2.6105e-12
2.6173e-12
2.9735e-12
4.1702e-12
4.7961e-12
3.8153e-12
7.7359e-12
7.8973e-12
1.1381e-11
9.9906e-12
9.233e-12
7.7229e-12
6.341e-12
3.9559e-12
4.5641e-12
6.9809e-12
5.3464e-12
6.4452e-12
4.4009e-12
7.9435e-12
4.4974e-12
1.0674e-11
1.1857e-11
1.8479e-11
1.4657e-11
1.7351e-11
7.3565e-12
1.0275e-11
7.0434e-12
7.9253e-12
7.2534e-12
7.4332e-12
6.2756e-12
5.8115e-12
7.0838e-12
6.7743e-12
5.7021e-12
9.0148e-12
9.0158e-12
1.5898e-11
5.8514e-12
1.5198e-11
6.9405e-12
6.4465e-12
1.1143e-11
1.462e-11
5.3639e-12
4.5959e-12
3.4515e-12
3.5858e-12
3.1019e-12
2.6841e-12
2.298e-12
2.1949e-12
1.6777e-12
2.2696e-12
1.4278e-12
1.7528e-12
1.5381e-12
1.8102e-12
2.0684e-12
2.3637e-12
2.8955e-12
2.1197e-12
1.4984e-12
2.1648e-12
1.7438e-12
1.9649e-12
2.323e-12
1.9879e-12
2.6339e-12
1.8615e-12
1.6432e-12
2.0238e-12
2.5204e-12
1.5527e-12
2.181e-12
2.6626e-12
4.0805e-12
2.2242e-12
2.7761e-12
2.709e-12
2.1028e-12
1.9523e-12
2.811e-12
2.6379e-12
2.945e-12
2.9987e-12
4.6222e-12
4.802e-12
4.1141e-12
7.9313e-12
8.5674e-12
1.2604e-11
1.0551e-11
8.9797e-12
8.1837e-12
6.1986e-12
4.2979e-12
4.5725e-12
7.4412e-12
5.5211e-12
6.5603e-12
4.734e-12
7.7832e-12
5.0626e-12
9.979e-12
1.4007e-11
1.6592e-11
1.7687e-11
1.5284e-11
8.9685e-12
9.1557e-12
8.0263e-12
7.6127e-12
7.4252e-12
8.2394e-12
5.625e-12
7.5078e-12
5.6651e-12
9.0835e-12
4.6957e-12
1.022e-11
9.9824e-12
1.2884e-11
8.4535e-12
1.0682e-11
7.7564e-12
8.3267e-12
6.743e-12
1.5759e-11
1.0771e-11
6.2885e-12
4.8901e-12
3.6721e-12
3.8147e-12
3.2996e-12
2.8547e-12
2.4439e-12
2.3329e-12
1.7833e-12
2.4093e-12
1.5141e-12
1.8611e-12
1.6259e-12
1.9353e-12
2.1899e-12
2.5374e-12
3.0394e-12
2.2382e-12
1.6125e-12
2.3325e-12
1.8978e-12
2.0446e-12
2.5028e-12
2.0386e-12
2.765e-12
1.9273e-12
1.6985e-12
2.1156e-12
2.5379e-12
1.6361e-12
2.1702e-12
2.9797e-12
4.1645e-12
2.4033e-12
2.6873e-12
2.8981e-12
2.0404e-12
2.104e-12
2.7504e-12
2.8662e-12
2.8543e-12
3.2577e-12
4.5051e-12
5.2465e-12
4.096e-12
8.4405e-12
8.4888e-12
1.2323e-11
1.0665e-11
1.0103e-11
8.2396e-12
6.9995e-12
4.2197e-12
5.0834e-12
7.4133e-12
6.0056e-12
6.8588e-12
4.9617e-12
8.4405e-12
5.0587e-12
1.1306e-11
1.3227e-11
1.9621e-11
1.6075e-11
1.8527e-11
7.8949e-12
1.1137e-11
7.2168e-12
8.8549e-12
7.2336e-12
8.5875e-12
6.2777e-12
6.7312e-12
7.3628e-12
7.2343e-12
6.3682e-12
8.2661e-12
1.0892e-11
1.3895e-11
6.9241e-12
1.5482e-11
5.4391e-12
9.2574e-12
8.5224e-12
9.4844e-12
1.1576e-11
1.2858e-11
7.6074e-12
5.2035e-12
3.9077e-12
4.0594e-12
3.511e-12
3.0374e-12
2.5998e-12
2.4817e-12
1.8964e-12
2.5623e-12
1.6115e-12
1.9746e-12
1.7326e-12
2.0348e-12
2.3255e-12
2.6508e-12
3.2474e-12
2.3705e-12
1.6787e-12
2.4166e-12
1.951e-12
2.1855e-12
2.5955e-12
2.2048e-12
2.9403e-12
2.0603e-12
1.8326e-12
2.2368e-12
2.8081e-12
1.7138e-12
2.4313e-12
2.932e-12
4.5608e-12
2.4455e-12
3.0852e-12
2.971e-12
2.3288e-12
2.1371e-12
3.1006e-12
2.8876e-12
3.2262e-12
3.2723e-12
5.0323e-12
5.2194e-12
4.4657e-12
8.5671e-12
9.2797e-12
1.3514e-11
1.1437e-11
9.6144e-12
8.9202e-12
6.6418e-12
4.7233e-12
4.9049e-12
8.2147e-12
5.9066e-12
7.2892e-12
5.0439e-12
8.7161e-12
5.3534e-12
1.1187e-11
1.4686e-11
1.8232e-11
1.8671e-11
1.6693e-11
9.5655e-12
9.7094e-12
8.7236e-12
7.8184e-12
8.3136e-12
8.2326e-12
6.5317e-12
7.4465e-12
6.6663e-12
9.3082e-12
5.1157e-12
1.1302e-11
9.2077e-12
1.5688e-11
7.3875e-12
1.2566e-11
7.7766e-12
6.4433e-12
9.6237e-12
1.1929e-11
7.0433e-12
1.3769e-11
1.5258e-11
7.328e-12
5.5298e-12
4.1521e-12
4.3131e-12
3.7302e-12
3.2266e-12
2.7615e-12
2.6347e-12
2.0133e-12
2.7172e-12
1.7074e-12
2.094e-12
1.8306e-12
2.1706e-12
2.4607e-12
2.8359e-12
3.41e-12
2.4953e-12
1.8023e-12
2.5976e-12
2.115e-12
2.2753e-12
2.7854e-12
2.2657e-12
3.0786e-12
2.1403e-12
1.8892e-12
2.3475e-12
2.8228e-12
1.8126e-12
2.4104e-12
3.3008e-12
4.5979e-12
2.6516e-12
2.9815e-12
3.1827e-12
2.252e-12
2.305e-12
3.0187e-12
3.1326e-12
3.1191e-12
3.5515e-12
4.8791e-12
5.7083e-12
4.4062e-12
9.1571e-12
9.1399e-12
1.3276e-11
1.1389e-11
1.0963e-11
8.7817e-12
7.6449e-12
4.4973e-12
5.5941e-12
7.8712e-12
6.6655e-12
7.2881e-12
5.5403e-12
8.9473e-12
5.6564e-12
1.1908e-11
1.4799e-11
2.0606e-11
1.7852e-11
1.945e-11
8.6883e-12
1.1761e-11
7.6594e-12
9.5552e-12
7.3718e-12
9.5819e-12
6.2256e-12
7.7474e-12
7.3234e-12
8.4011e-12
6.5605e-12
8.8703e-12
1.1967e-11
1.2586e-11
8.3956e-12
1.3557e-11
6.4892e-12
9.3231e-12
6.7026e-12
1.3521e-11
8.7419e-12
8.4065e-12
1.6447e-11
1.4806e-11
7.6616e-12
5.8864e-12
4.4203e-12
4.5916e-12
3.9708e-12
3.4344e-12
2.9388e-12
2.8039e-12
2.142e-12
2.8909e-12
1.8178e-12
2.2234e-12
1.9509e-12
2.2865e-12
2.6137e-12
2.9719e-12
3.6412e-12
2.6505e-12
1.8801e-12
2.6979e-12
2.1818e-12
2.431e-12
2.8979e-12
2.4458e-12
3.2795e-12
2.281e-12
2.0414e-12
2.4733e-12
3.1243e-12
1.8929e-12
2.7054e-12
3.2347e-12
5.0852e-12
2.6933e-12
3.4245e-12
3.2644e-12
2.5778e-12
2.3431e-12
3.4207e-12
3.1641e-12
3.5364e-12
3.5777e-12
5.4803e-12
5.6888e-12
4.846e-12
9.2853e-12
1.004e-11
1.4548e-11
1.2358e-11
1.035e-11
9.668e-12
7.1513e-12
5.1483e-12
5.2864e-12
8.9915e-12
6.349e-12
8.0279e-12
5.4014e-12
9.685e-12
5.6825e-12
1.25e-11
1.5338e-11
2.0099e-11
1.9487e-11
1.8544e-11
1.0052e-11
1.0642e-11
9.2469e-12
8.3571e-12
8.9859e-12
8.4974e-12
7.2949e-12
7.4045e-12
7.739e-12
9.2031e-12
6.0502e-12
1.1557e-11
1.0082e-11
1.7246e-11
6.8588e-12
1.5192e-11
6.7582e-12
7.6953e-12
9.5934e-12
9.3548e-12
1.0009e-11
1.0334e-11
1.0076e-11
1.6028e-11
1.5349e-11
1.0598e-11
6.2612e-12
4.7011e-12
4.8831e-12
4.2226e-12
3.6517e-12
3.1246e-12
2.9797e-12
2.2762e-12
3.0689e-12
1.9283e-12
2.3601e-12
2.0644e-12
2.4394e-12
2.7698e-12
3.1766e-12
3.8324e-12
2.7887e-12
2.0183e-12
2.8996e-12
2.3615e-12
2.5373e-12
3.1057e-12
2.5236e-12
3.4337e-12
2.3814e-12
2.1049e-12
2.6094e-12
3.1451e-12
2.0117e-12
2.6828e-12
3.6616e-12
5.0904e-12
2.9311e-12
3.3152e-12
3.5034e-12
2.4959e-12
2.531e-12
3.3328e-12
3.4296e-12
3.4318e-12
3.8772e-12
5.3252e-12
6.2176e-12
4.777e-12
9.9442e-12
9.9138e-12
1.4337e-11
1.2246e-11
1.1881e-11
9.4147e-12
8.3183e-12
4.8228e-12
6.1218e-12
8.4205e-12
7.3485e-12
7.7945e-12
6.1481e-12
9.5459e-12
6.293e-12
1.2608e-11
1.6544e-11
2.1684e-11
1.9927e-11
2.0374e-11
9.6999e-12
1.2289e-11
8.4239e-12
1.0092e-11
7.8458e-12
1.0363e-11
6.3658e-12
8.6284e-12
7.2901e-12
9.7009e-12
6.5327e-12
1.0431e-11
1.2361e-11
1.3729e-11
9.2258e-12
1.2517e-11
7.8742e-12
8.1298e-12
8.0737e-12
1.3533e-11
6.9538e-12
1.195e-11
1.233e-11
9.8475e-12
1.6722e-11
2.1131e-11
1.1905e-11
6.6483e-12
4.9921e-12
5.1853e-12
4.4837e-12
3.8772e-12
3.317e-12
3.1632e-12
2.4158e-12
3.2571e-12
2.0477e-12
2.5005e-12
2.1938e-12
2.5665e-12
2.9343e-12
3.3284e-12
4.0786e-12
2.9607e-12
2.1034e-12
3.0098e-12
2.437e-12
2.7023e-12
3.2312e-12
2.7115e-12
3.6519e-12
2.5242e-12
2.2697e-12
2.7339e-12
3.4688e-12
2.0905e-12
3.003e-12
3.5721e-12
5.652e-12
2.968e-12
3.7928e-12
3.5895e-12
2.8488e-12
2.5705e-12
3.7706e-12
3.4669e-12
3.8755e-12
3.9136e-12
5.9671e-12
6.2093e-12
5.256e-12
1.0086e-11
1.0851e-11
1.5716e-11
1.3319e-11
1.1192e-11
1.0424e-11
7.7304e-12
5.568e-12
5.7183e-12
9.7592e-12
6.8523e-12
8.7576e-12
5.8151e-12
1.065e-11
6.0698e-12
1.384e-11
1.6051e-11
2.2048e-11
2.0261e-11
2.0639e-11
1.0506e-11
1.1845e-11
9.6579e-12
9.1971e-12
9.4609e-12
9.1239e-12
7.841e-12
7.6136e-12
8.6044e-12
9.146e-12
7.0091e-12
1.1399e-11
1.1931e-11
1.7622e-11
7.6035e-12
1.6575e-11
6.317e-12
9.309e-12
8.2953e-12
1.1253e-11
9.9026e-12
8.202e-12
1.4247e-11
1.1941e-11
1.0279e-11
2.3122e-11
2.3124e-11
1.496e-11
7.0964e-12
5.328e-12
5.5339e-12
4.7848e-12
4.1371e-12
3.539e-12
3.3735e-12
2.5763e-12
3.4703e-12
2.1803e-12
2.6637e-12
2.3311e-12
2.7458e-12
3.1219e-12
3.565e-12
4.3132e-12
3.123e-12
2.2635e-12
3.243e-12
2.6409e-12
2.8349e-12
3.4681e-12
2.8157e-12
3.8352e-12
2.6538e-12
2.3484e-12
2.9047e-12
3.5087e-12
2.236e-12
2.9906e-12
4.0664e-12
5.6475e-12
3.2449e-12
3.6919e-12
3.8642e-12
2.7744e-12
2.785e-12
3.6961e-12
3.7608e-12
3.7959e-12
4.2393e-12
5.85e-12
6.7813e-12
5.2153e-12
1.0815e-11
1.0822e-11
1.5533e-11
1.3256e-11
1.2869e-11
1.0153e-11
9.0251e-12
5.204e-12
6.6667e-12
9.0781e-12
8.0505e-12
8.3934e-12
6.776e-12
1.026e-11
6.9528e-12
1.3457e-11
1.8386e-11
2.2982e-11
2.2175e-11
2.1455e-11
1.0839e-11
1.2829e-11
9.4371e-12
1.0538e-11
8.6595e-12
1.0953e-11
6.8069e-12
9.2941e-12
7.4984e-12
1.0797e-11
6.537e-12
1.2114e-11
1.2477e-11
1.6407e-11
9.4731e-12
1.3743e-11
8.6102e-12
7.5375e-12
9.7585e-12
1.1738e-11
8.44e-12
1.1881e-11
9.8799e-12
1.3928e-11
1.2439e-11
1.4348e-11
2.6124e-11
2.9085e-11
2.2075e-11
7.6055e-12
5.7107e-12
5.9313e-12
5.1281e-12
4.4337e-12
3.7922e-12
3.6148e-12
2.7599e-12
3.7177e-12
2.3368e-12
2.8493e-12
2.4997e-12
2.9192e-12
3.3381e-12
3.7779e-12
4.6299e-12
3.3521e-12
2.3846e-12
3.4038e-12
2.7581e-12
3.0452e-12
3.65e-12
3.048e-12
4.1194e-12
2.8325e-12
2.5557e-12
3.0644e-12
3.8996e-12
2.3416e-12
3.3738e-12
4.0043e-12
6.3542e-12
3.3191e-12
4.2525e-12
4.0059e-12
3.1887e-12
2.8617e-12
4.2121e-12
3.8525e-12
4.3074e-12
4.3439e-12
6.5909e-12
6.8812e-12
5.7828e-12
1.1134e-11
1.1893e-11
1.728e-11
1.4539e-11
1.2325e-11
1.1358e-11
8.5047e-12
6.0705e-12
6.2923e-12
1.067e-11
7.5272e-12
9.6109e-12
6.3813e-12
1.1762e-11
6.6245e-12
1.5382e-11
1.7165e-11
2.4346e-11
2.1446e-11
2.3154e-11
1.118e-11
1.3383e-11
1.0197e-11
1.0382e-11
9.9625e-12
1.0202e-11
8.3185e-12
8.2781e-12
9.3231e-12
9.5614e-12
7.8605e-12
1.1472e-11
1.3965e-11
1.7725e-11
9.1372e-12
1.7096e-11
7.172e-12
1.0235e-11
7.8758e-12
1.3687e-11
8.6469e-12
1.0066e-11
1.4193e-11
9.6263e-12
1.4623e-11
1.7328e-11
1.621e-11
3.2685e-11
3.8574e-11
1.49e-11
8.0142e-12
6.0169e-12
6.2491e-12
5.4025e-12
4.6704e-12
3.9944e-12
3.806e-12
2.9058e-12
3.9109e-12
2.4568e-12
2.9965e-12
2.6234e-12
3.0813e-12
3.5074e-12
3.9897e-12
4.8389e-12
3.4885e-12
2.5309e-12
3.6173e-12
2.9447e-12
3.1585e-12
3.861e-12
3.1328e-12
4.2701e-12
2.9486e-12
2.6117e-12
3.2232e-12
3.9013e-12
2.4777e-12
3.323e-12
4.5006e-12
6.2487e-12
3.5817e-12
4.0976e-12
4.2518e-12
3.0769e-12
3.0571e-12
4.0942e-12
4.1128e-12
4.1965e-12
4.6225e-12
6.4311e-12
7.3755e-12
5.7019e-12
1.1732e-11
1.1824e-11
1.6821e-11
1.4372e-11
1.3885e-11
1.0963e-11
9.7317e-12
5.6225e-12
7.2016e-12
9.8134e-12
8.7342e-12
9.0558e-12
7.3893e-12
1.1058e-11
7.5963e-12
1.4426e-11
2.0197e-11
2.4493e-11
2.4411e-11
2.2729e-11
1.1985e-11
1.3436e-11
1.0562e-11
1.0945e-11
9.6894e-12
1.1386e-11
7.5085e-12
9.735e-12
8.0226e-12
1.1547e-11
6.741e-12
1.3422e-11
1.2646e-11
1.9076e-11
9.4359e-12
1.6206e-11
8.7447e-12
8.316e-12
1.0559e-11
1.087e-11
1.0102e-11
1.0215e-11
1.2031e-11
1.3672e-11
9.9744e-12
2.0034e-11
1.9146e-11
2.0238e-11
4.7258e-11
2.9082e-11
1.7283e-11
8.5492e-12
6.4192e-12
6.6667e-12
5.7633e-12
4.9819e-12
4.2602e-12
4.0592e-12
3.0986e-12
4.1703e-12
2.6208e-12
3.1912e-12
2.7994e-12
3.264e-12
3.7328e-12
4.2157e-12
5.1669e-12
3.7314e-12
2.6577e-12
3.7853e-12
3.0685e-12
3.375e-12
4.0528e-12
3.3697e-12
4.5665e-12
3.1266e-12
2.8274e-12
3.379e-12
4.3063e-12
2.5804e-12
3.7221e-12
4.4192e-12
7.011e-12
3.653e-12
4.6823e-12
4.4003e-12
3.5065e-12
3.1352e-12
4.6249e-12
4.2109e-12
4.7093e-12
4.7441e-12
7.1652e-12
7.5071e-12
6.2628e-12
1.2109e-11
1.2833e-11
1.8747e-11
1.561e-11
1.3396e-11
1.2149e-11
9.2288e-12
6.4821e-12
6.8246e-12
1.1418e-11
8.1534e-12
1.0309e-11
6.9138e-12
1.2671e-11
7.1582e-12
1.6656e-11
1.8244e-11
2.6247e-11
2.2538e-11
2.5317e-11
1.1818e-11
1.4769e-11
1.0658e-11
1.1504e-11
1.0303e-11
1.1312e-11
8.5609e-12
9.1e-12
9.6649e-12
1.0251e-11
8.3185e-12
1.1784e-11
1.5307e-11
1.7705e-11
1.0453e-11
1.6888e-11
8.4742e-12
1.0285e-11
8.8277e-12
1.4662e-11
8.0972e-12
1.1943e-11
1.2138e-11
1.1674e-11
1.4204e-11
1.3787e-11
2.2175e-11
2.3644e-11
2.9105e-11
3.2496e-11
3.5268e-11
1.5362e-11
9.0705e-12
6.8098e-12
7.0722e-12
6.1135e-12
5.2841e-12
4.5183e-12
4.3036e-12
3.2849e-12
4.4178e-12
2.7749e-12
3.3794e-12
2.9594e-12
3.4672e-12
3.9504e-12
4.4781e-12
5.4424e-12
3.9088e-12
2.8376e-12
4.047e-12
3.2924e-12
3.5295e-12
4.3103e-12
3.4959e-12
4.7667e-12
3.2854e-12
2.9117e-12
3.5864e-12
4.3483e-12
2.7529e-12
3.7012e-12
4.993e-12
6.934e-12
3.9645e-12
4.5576e-12
4.6939e-12
3.4227e-12
3.3672e-12
4.5521e-12
4.5124e-12
4.6589e-12
5.0572e-12
7.1081e-12
8.0486e-12
6.2723e-12
1.2776e-11
1.2989e-11
1.8324e-11
1.5687e-11
1.5024e-11
1.1915e-11
1.0502e-11
6.1134e-12
7.772e-12
1.0686e-11
9.4518e-12
9.8362e-12
8.0292e-12
1.2003e-11
8.2644e-12
1.5614e-11
2.2068e-11
2.6412e-11
2.6727e-11
2.4408e-11
1.3165e-11
1.4275e-11
1.1779e-11
1.1475e-11
1.0885e-11
1.184e-11
8.4299e-12
1.0096e-11
8.8784e-12
1.2067e-11
7.2556e-12
1.4317e-11
1.3173e-11
2.1113e-11
9.5161e-12
1.8683e-11
8.6784e-12
9.8555e-12
1.0687e-11
1.2119e-11
1.0874e-11
9.5281e-12
1.4388e-11
1.1726e-11
1.2256e-11
1.9506e-11
1.5457e-11
2.7807e-11
3.4368e-11
2.0308e-11
3.8993e-11
3.0588e-11
1.1033e-11
9.7305e-12
7.306e-12
7.5873e-12
6.5585e-12
5.6684e-12
4.8463e-12
4.6159e-12
3.5227e-12
4.7375e-12
2.9766e-12
3.62e-12
3.1753e-12
3.6968e-12
4.2281e-12
4.7656e-12
5.8413e-12
4.2083e-12
3.0006e-12
4.2656e-12
3.4581e-12
3.7905e-12
4.5578e-12
3.7759e-12
5.1267e-12
3.4982e-12
3.1673e-12
3.7766e-12
4.8144e-12
2.8826e-12
4.1559e-12
4.9461e-12
7.8248e-12
4.0766e-12
5.2175e-12
4.9008e-12
3.9035e-12
3.4828e-12
5.1431e-12
4.6645e-12
5.2185e-12
5.252e-12
7.9003e-12
8.3042e-12
6.8812e-12
1.3363e-11
1.4052e-11
2.0666e-11
1.7e-11
1.4793e-11
1.316e-11
1.0168e-11
6.9962e-12
7.5097e-12
1.2342e-11
8.9613e-12
1.1155e-11
7.6074e-12
1.3743e-11
7.8747e-12
1.8133e-11
1.9861e-11
2.8511e-11
2.4295e-11
2.7795e-11
1.2815e-11
1.6356e-11
1.1429e-11
1.2807e-11
1.0892e-11
1.2659e-11
8.9248e-12
1.022e-11
1.0018e-11
1.1422e-11
8.6718e-12
1.2789e-11
1.6288e-11
1.8561e-11
1.1512e-11
1.7107e-11
9.7665e-12
1.0203e-11
1.0566e-11
1.4833e-11
9.2216e-12
1.2854e-11
1.1557e-11
1.3997e-11
1.2266e-11
1.7026e-11
2.1541e-11
1.8872e-11
3.7586e-11
2.3575e-11
2.4574e-11
3.4252e-11
2.3115e-11
1.2595e-11
1.0381e-11
7.7933e-12
8.0933e-12
6.9954e-12
6.0455e-12
5.1683e-12
4.9211e-12
3.7553e-12
5.0469e-12
3.1697e-12
3.8549e-12
3.3766e-12
3.947e-12
4.5004e-12
5.086e-12
6.1919e-12
4.4325e-12
3.2187e-12
4.582e-12
3.7246e-12
3.9911e-12
4.8685e-12
3.9475e-12
5.383e-12
3.7039e-12
3.2837e-12
4.0372e-12
4.9013e-12
3.0946e-12
4.1692e-12
5.6028e-12
7.7842e-12
4.4402e-12
5.1255e-12
5.2458e-12
3.851e-12
3.755e-12
5.1225e-12
5.0122e-12
5.2358e-12
5.6022e-12
7.9618e-12
8.8945e-12
6.9973e-12
1.4094e-11
1.4463e-11
2.0264e-11
1.7373e-11
1.6461e-11
1.3142e-11
1.1458e-11
6.7439e-12
8.4657e-12
1.1813e-11
1.0308e-11
1.0839e-11
8.7843e-12
1.3223e-11
9.048e-12
1.7185e-11
2.4232e-11
2.9036e-11
2.9398e-11
2.6779e-11
1.4503e-11
1.5544e-11
1.3168e-11
1.2321e-11
1.2286e-11
1.2544e-11
9.5731e-12
1.059e-11
1.0062e-11
1.2599e-11
8.1151e-12
1.5011e-11
1.4225e-11
2.2563e-11
1.0028e-11
2.0782e-11
8.842e-12
1.1469e-11
1.0702e-11
1.4564e-11
1.1069e-11
1.083e-11
1.5599e-11
1.1151e-11
1.479e-11
1.6866e-11
1.9397e-11
2.7058e-11
2.7751e-11
2.8241e-11
2.7901e-11
2.1641e-11
2.5518e-11
2.5685e-11
1.3143e-11
1.1102e-11
8.3355e-12
8.6561e-12
7.4816e-12
6.4652e-12
5.5266e-12
5.262e-12
4.0149e-12
5.3955e-12
3.3895e-12
4.1174e-12
3.6113e-12
4.1986e-12
4.8023e-12
5.4027e-12
6.6227e-12
4.7603e-12
3.3974e-12
4.8217e-12
3.9081e-12
4.271e-12
5.1401e-12
4.2451e-12
5.7709e-12
3.9273e-12
3.5572e-12
4.2355e-12
5.3952e-12
3.2312e-12
4.6498e-12
5.5568e-12
8.7469e-12
4.5653e-12
5.8259e-12
5.4779e-12
4.3552e-12
3.8826e-12
5.7342e-12
5.184e-12
5.8015e-12
5.8332e-12
8.7459e-12
9.2181e-12
7.594e-12
1.4805e-11
1.5461e-11
2.29e-11
1.86e-11
1.6414e-11
1.4307e-11
1.125e-11
7.567e-12
8.2918e-12
1.3361e-11
9.8835e-12
1.2075e-11
8.4014e-12
1.4885e-11
8.7109e-12
1.9687e-11
2.1882e-11
3.0958e-11
2.6581e-11
3.0374e-11
1.4086e-11
1.7998e-11
1.2463e-11
1.4158e-11
1.172e-11
1.4077e-11
9.4348e-12
1.1461e-11
1.0429e-11
1.2842e-11
8.952e-12
1.4277e-11
1.6884e-11
2.0228e-11
1.2185e-11
1.7995e-11
1.071e-11
1.0331e-11
1.2183e-11
1.4741e-11
1.1043e-11
1.2971e-11
1.3257e-11
1.5034e-11
1.1791e-11
2.0407e-11
1.874e-11
2.3822e-11
3.5588e-11
1.9361e-11
3.427e-11
2.4891e-11
1.6194e-11
2.8289e-11
2.766e-11
1.5811e-11
1.1736e-11
8.8107e-12
9.1494e-12
7.9075e-12
6.8328e-12
5.8403e-12
5.5592e-12
4.2413e-12
5.6962e-12
3.5771e-12
4.3451e-12
3.8066e-12
4.4404e-12
5.0662e-12
5.7098e-12
6.9614e-12
4.9691e-12
3.6084e-12
5.1285e-12
4.1648e-12
4.4615e-12
5.4352e-12
4.4064e-12
6.0075e-12
4.1275e-12
3.6594e-12
4.492e-12
5.4586e-12
3.4384e-12
4.6397e-12
6.2126e-12
8.6363e-12
4.916e-12
5.6931e-12
5.7981e-12
4.2806e-12
4.1418e-12
5.6961e-12
5.5069e-12
5.816e-12
6.1395e-12
8.8208e-12
9.726e-12
7.727e-12
1.5392e-11
1.5932e-11
2.2223e-11
1.906e-11
1.7852e-11
1.4359e-11
1.2357e-11
7.3674e-12
9.1037e-12
1.2934e-11
1.1085e-11
1.1824e-11
9.4662e-12
1.4419e-11
9.7542e-12
1.8752e-11
2.6169e-11
3.1712e-11
3.1789e-11
2.9238e-11
1.5682e-11
1.6909e-11
1.4414e-11
1.3256e-11
1.3571e-11
1.3306e-11
1.0659e-11
1.1089e-11
1.125e-11
1.3015e-11
9.0503e-12
1.5332e-11
1.5409e-11
2.3042e-11
1.0791e-11
2.1945e-11
9.2503e-12
1.2562e-11
1.0797e-11
1.6714e-11
1.0934e-11
1.2867e-11
1.5641e-11
1.2637e-11
1.5773e-11
1.6034e-11
2.3056e-11
2.3158e-11
3.47e-11
2.709e-11
2.2692e-11
2.972e-11
1.8063e-11
1.7922e-11
3.0178e-11
3.2538e-11
1.5394e-11
1.2602e-11
9.4615e-12
9.8249e-12
8.4912e-12
7.3366e-12
6.2704e-12
5.9682e-12
4.5528e-12
6.1144e-12
3.8405e-12
4.6603e-12
4.087e-12
4.7458e-12
5.4282e-12
6.0962e-12
7.4731e-12
5.3602e-12
3.8286e-12
5.426e-12
4.3959e-12
4.7914e-12
5.7693e-12
4.7524e-12
6.4651e-12
4.3907e-12
3.9752e-12
4.7303e-12
6.0157e-12
3.6069e-12
5.1749e-12
6.2177e-12
9.7217e-12
5.0913e-12
6.4698e-12
6.0976e-12
4.8335e-12
4.3104e-12
6.3608e-12
5.736e-12
6.4213e-12
6.4504e-12
9.6462e-12
1.0188e-11
8.3535e-12
1.6339e-11
1.6964e-11
2.5298e-11
2.03e-11
1.815e-11
1.5504e-11
1.2396e-11
8.1499e-12
9.1113e-12
1.4398e-11
1.0846e-11
1.2998e-11
9.2315e-12
1.6006e-11
9.5968e-12
2.1193e-11
2.4147e-11
3.3419e-11
2.922e-11
3.2851e-11
1.552e-11
1.9557e-11
1.3676e-11
1.5438e-11
1.2744e-11
1.5429e-11
1.01e-11
1.267e-11
1.0953e-11
1.4287e-11
9.2291e-12
1.5958e-11
1.7205e-11
2.239e-11
1.2496e-11
1.9483e-11
1.1208e-11
1.087e-11
1.3262e-11
1.4933e-11
1.2618e-11
1.2831e-11
1.5783e-11
1.5026e-11
1.3525e-11
2.1708e-11
1.8296e-11
2.8569e-11
3.1781e-11
2.4461e-11
3.302e-11
2.0766e-11
2.2508e-11
2.0313e-11
1.9501e-11
3.563e-11
3.2682e-11
1.6208e-11
1.3379e-11
1.0044e-11
1.043e-11
9.0134e-12
7.7872e-12
6.655e-12
6.3328e-12
4.8305e-12
6.4837e-12
4.0712e-12
4.9396e-12
4.328e-12
5.0393e-12
5.7523e-12
6.4674e-12
7.8943e-12
5.6212e-12
4.081e-12
5.7921e-12
4.6987e-12
5.0322e-12
6.122e-12
4.9633e-12
6.7635e-12
4.641e-12
4.1136e-12
5.0426e-12
6.1311e-12
3.8547e-12
5.207e-12
6.9491e-12
9.6647e-12
5.4921e-12
6.3754e-12
6.4694e-12
4.7974e-12
4.6121e-12
6.3868e-12
6.1093e-12
6.5145e-12
6.7952e-12
9.8611e-12
1.0742e-11
8.6144e-12
1.6988e-11
1.7713e-11
2.466e-11
2.1123e-11
1.9569e-11
1.5856e-11
1.3458e-11
8.1298e-12
9.876e-12
1.43e-11
1.201e-11
1.3022e-11
1.0271e-11
1.587e-11
1.0586e-11
2.0672e-11
2.8419e-11
3.5035e-11
3.456e-11
3.2317e-11
1.7028e-11
1.8683e-11
1.579e-11
1.4549e-11
1.4976e-11
1.4443e-11
1.1851e-11
1.1902e-11
1.2583e-11
1.3729e-11
1.0152e-11
1.5817e-11
1.693e-11
2.3332e-11
1.1939e-11
2.2782e-11
1.0115e-11
1.3332e-11
1.1449e-11
1.8398e-11
1.1157e-11
1.4837e-11
1.5572e-11
1.5126e-11
1.588e-11
1.848e-11
2.4616e-11
2.2598e-11
4.1718e-11
2.3383e-11
2.9511e-11
2.8731e-11
1.5159e-11
2.4921e-11
2.1505e-11
2.2984e-11
3.5685e-11
3.396e-11
1.6413e-11
1.4257e-11
1.0704e-11
1.1115e-11
9.6055e-12
8.2982e-12
7.0912e-12
6.7475e-12
5.1463e-12
6.9073e-12
4.3377e-12
5.2586e-12
4.6112e-12
5.3483e-12
6.1173e-12
6.8592e-12
8.4083e-12
6.019e-12
4.3021e-12
6.0896e-12
4.9303e-12
5.3617e-12
6.4568e-12
5.3074e-12
7.2215e-12
4.8972e-12
4.4291e-12
5.2703e-12
6.6865e-12
4.0166e-12
5.7401e-12
6.9405e-12
1.0765e-11
5.664e-12
7.1604e-12
6.7705e-12
5.3465e-12
4.7738e-12
7.0335e-12
6.331e-12
7.0885e-12
7.1144e-12
1.0619e-11
1.1231e-11
9.1749e-12
1.7991e-11
1.8594e-11
2.7897e-11
2.2141e-11
2.0022e-11
1.679e-11
1.3622e-11
8.7663e-12
9.9779e-12
1.5488e-11
1.186e-11
1.3959e-11
1.0103e-11
1.7147e-11
1.0534e-11
2.2705e-11
2.6658e-11
3.6004e-11
3.2226e-11
3.5305e-11
1.7103e-11
2.1067e-11
1.506e-11
1.6669e-11
1.3976e-11
1.6722e-11
1.0969e-11
1.3826e-11
1.1703e-11
1.569e-11
9.6498e-12
1.7689e-11
1.7578e-11
2.482e-11
1.2676e-11
2.1424e-11
1.1408e-11
1.1855e-11
1.3807e-11
1.5786e-11
1.3637e-11
1.3029e-11
1.7917e-11
1.4775e-11
1.6007e-11
2.1527e-11
2.0968e-11
3.0115e-11
3.26e-11
2.8813e-11
2.8208e-11
2.5964e-11
2.1512e-11
1.7166e-11
2.6865e-11
2.5285e-11
2.328e-11
3.6647e-11
3.4309e-11
1.9444e-11
1.5167e-11
1.1386e-11
1.1823e-11
1.0216e-11
8.8255e-12
7.5412e-12
7.174e-12
5.4711e-12
7.3396e-12
4.608e-12
5.5852e-12
4.894e-12
5.6889e-12
6.4965e-12
7.2883e-12
8.9047e-12
6.3273e-12
4.5918e-12
6.5091e-12
5.2742e-12
5.6479e-12
6.8607e-12
5.5628e-12
7.5753e-12
5.1924e-12
4.5999e-12
5.6322e-12
6.8492e-12
4.2999e-12
5.8114e-12
7.7325e-12
1.0758e-11
6.1056e-12
7.0983e-12
7.1857e-12
5.3454e-12
5.1131e-12
7.1194e-12
6.7489e-12
7.2542e-12
7.4903e-12
1.0965e-11
1.1819e-11
9.5565e-12
1.8683e-11
1.9588e-11
2.7288e-11
2.3307e-11
2.1384e-11
1.7439e-11
1.4605e-11
8.9311e-12
1.0667e-11
1.5733e-11
1.2945e-11
1.4269e-11
1.1077e-11
1.7371e-11
1.142e-11
2.2672e-11
3.065e-11
3.8528e-11
3.7314e-11
3.5559e-11
1.835e-11
2.0593e-11
1.7103e-11
1.5999e-11
1.6304e-11
1.578e-11
1.2979e-11
1.2912e-11
1.3863e-11
1.4673e-11
1.1236e-11
1.6481e-11
1.8513e-11
2.3551e-11
1.3209e-11
2.332e-11
1.1203e-11
1.3733e-11
1.25e-11
1.9346e-11
1.1819e-11
1.6164e-11
1.5828e-11
1.7244e-11
1.5668e-11
2.1914e-11
2.4445e-11
2.6028e-11
4.4129e-11
2.2748e-11
3.5022e-11
2.4663e-11
1.9375e-11
2.3855e-11
1.8274e-11
3.1769e-11
2.516e-11
2.4015e-11
3.7837e-11
4.1306e-11
3.9279e-11
1.6234e-11
1.2189e-11
1.2656e-11
1.0936e-11
9.4468e-12
8.0716e-12
7.6781e-12
5.855e-12
7.8542e-12
4.9316e-12
5.9733e-12
5.2373e-12
6.068e-12
6.9403e-12
7.7704e-12
9.5251e-12
6.8058e-12
4.8672e-12
6.8824e-12
5.5677e-12
6.0428e-12
7.276e-12
5.9704e-12
8.1214e-12
5.5021e-12
4.9683e-12
5.915e-12
7.482e-12
4.5052e-12
6.4086e-12
7.8031e-12
1.1995e-11
6.346e-12
7.9751e-12
7.5715e-12
5.9521e-12
5.3254e-12
7.8282e-12
7.0381e-12
7.8797e-12
7.9023e-12
1.1778e-11
1.2468e-11
1.0158e-11
1.9952e-11
2.0553e-11
3.0991e-11
2.4366e-11
2.2242e-11
1.8351e-11
1.5069e-11
9.5162e-12
1.0994e-11
1.6809e-11
1.3045e-11
1.5115e-11
1.1115e-11
1.8506e-11
1.1622e-11
2.4484e-11
2.9657e-11
3.9143e-11
3.5885e-11
3.8142e-11
1.8973e-11
2.2766e-11
1.673e-11
1.8037e-11
1.5523e-11
1.814e-11
1.2144e-11
1.5065e-11
1.2832e-11
1.7179e-11
1.0402e-11
1.955e-11
1.8469e-11
2.7576e-11
1.3095e-11
2.3816e-11
1.1639e-11
1.3254e-11
1.4135e-11
1.7416e-11
1.4248e-11
1.3956e-11
1.9415e-11
1.5115e-11
1.8189e-11
2.1243e-11
2.4637e-11
2.9557e-11
3.7136e-11
3.0139e-11
2.7528e-11
3.0417e-11
1.8363e-11
2.161e-11
2.5664e-11
2.1904e-11
3.2056e-11
2.6037e-11
2.5037e-11
4.4382e-11
8.1806e-11
2.6302e-11
1.7239e-11
1.2942e-11
1.3438e-11
1.1611e-11
1.0029e-11
8.5687e-12
8.1494e-12
6.2138e-12
8.3317e-12
5.2302e-12
6.3335e-12
5.55e-12
6.4418e-12
7.3584e-12
8.2396e-12
1.0074e-11
7.1457e-12
5.1827e-12
7.3389e-12
5.9394e-12
6.3597e-12
7.7137e-12
6.2557e-12
8.5112e-12
5.8285e-12
5.1596e-12
6.3115e-12
7.6741e-12
4.8123e-12
6.5041e-12
8.6318e-12
1.2011e-11
6.8111e-12
7.9238e-12
8.0112e-12
5.9707e-12
5.69e-12
7.9547e-12
7.4855e-12
8.0962e-12
8.292e-12
1.2223e-11
1.3061e-11
1.0633e-11
2.0643e-11
2.1722e-11
3.0346e-11
2.5806e-11
2.3488e-11
1.9252e-11
1.5929e-11
9.8448e-12
1.1576e-11
1.7359e-11
1.4007e-11
1.5679e-11
1.1985e-11
1.906e-11
1.2361e-11
2.4923e-11
3.3147e-11
4.2467e-11
4.0399e-11
3.9196e-11
1.9826e-11
2.276e-11
1.8503e-11
1.7695e-11
1.7689e-11
1.7418e-11
1.4141e-11
1.4221e-11
1.518e-11
1.6012e-11
1.2362e-11
1.7634e-11
2.0288e-11
2.4377e-11
1.4621e-11
2.4132e-11
1.2472e-11
1.4089e-11
1.3897e-11
1.9923e-11
1.2973e-11
1.6969e-11
1.6843e-11
1.8707e-11
1.5945e-11
2.4843e-11
2.4054e-11
3.0643e-11
4.3521e-11
2.6262e-11
3.6374e-11
2.4008e-11
2.274e-11
2.0375e-11
2.3234e-11
3.0312e-11
2.1844e-11
3.3226e-11
2.6694e-11
2.9598e-11
9.0598e-11
5.5197e-11
4.0557e-11
1.8518e-11
1.3904e-11
1.4437e-11
1.2474e-11
1.0773e-11
9.2038e-12
8.7529e-12
6.6734e-12
8.9475e-12
5.6171e-12
6.7983e-12
5.9599e-12
6.8984e-12
7.8895e-12
8.8212e-12
1.0813e-11
7.7125e-12
5.518e-12
7.7959e-12
6.301e-12
6.8268e-12
8.2169e-12
6.7331e-12
9.1534e-12
6.1977e-12
5.5849e-12
6.6554e-12
8.3897e-12
5.0659e-12
7.1687e-12
8.7933e-12
1.3387e-11
7.1269e-12
8.8985e-12
8.4876e-12
6.6383e-12
5.9555e-12
8.729e-12
7.8443e-12
8.7785e-12
8.7987e-12
1.31e-11
1.3872e-11
1.1281e-11
2.2179e-11
2.2796e-11
3.451e-11
2.6925e-11
2.4755e-11
2.0151e-11
1.6698e-11
1.0382e-11
1.2129e-11
1.8327e-11
1.4364e-11
1.6439e-11
1.2235e-11
2.0049e-11
1.2822e-11
2.6488e-11
3.3035e-11
4.2775e-11
4.0054e-11
4.1299e-11
2.1041e-11
2.4611e-11
1.8597e-11
1.9512e-11
1.7296e-11
1.9654e-11
1.3554e-11
1.6356e-11
1.4284e-11
1.8706e-11
1.1479e-11
2.1447e-11
2.0003e-11
3.0473e-11
1.3919e-11
2.6438e-11
1.209e-11
1.4857e-11
1.4458e-11
1.9514e-11
1.4596e-11
1.5471e-11
2.0257e-11
1.6282e-11
1.9636e-11
2.1776e-11
2.7618e-11
2.8497e-11
4.1646e-11
2.9441e-11
3.2023e-11
3.1728e-11
1.7945e-11
2.5135e-11
2.1865e-11
2.7615e-11
3.0436e-11
2.2968e-11
3.422e-11
3.1502e-11
6.0822e-11
5.9943e-11
8.6087e-11
5.9263e-11
1.9715e-11
1.4802e-11
1.5368e-11
1.3278e-11
1.1468e-11
9.7961e-12
9.3145e-12
7.1009e-12
9.5167e-12
5.9734e-12
7.2273e-12
6.3333e-12
7.3412e-12
8.3874e-12
9.376e-12
1.1471e-11
8.1234e-12
5.8879e-12
8.3299e-12
6.733e-12
7.2092e-12
8.7304e-12
7.0824e-12
9.6255e-12
6.5868e-12
5.8249e-12
7.1202e-12
8.6528e-12
5.4221e-12
7.325e-12
9.6997e-12
1.3496e-11
7.6501e-12
8.8994e-12
8.9948e-12
6.7086e-12
6.3773e-12
8.9389e-12
8.3643e-12
9.0867e-12
9.2488e-12
1.3705e-11
1.4546e-11
1.1903e-11
2.2989e-11
2.4232e-11
3.4006e-11
2.876e-11
2.6016e-11
2.14e-11
1.7523e-11
1.0923e-11
1.2669e-11
1.9267e-11
1.5277e-11
1.7333e-11
1.3064e-11
2.1031e-11
1.3482e-11
2.7543e-11
3.6104e-11
4.703e-11
4.4052e-11
4.3382e-11
2.1582e-11
2.5257e-11
2.0097e-11
1.969e-11
1.9228e-11
1.9405e-11
1.5409e-11
1.5866e-11
1.6606e-11
1.7812e-11
1.3583e-11
1.9435e-11
2.237e-11
2.6289e-11
1.6201e-11
2.5653e-11
1.3894e-11
1.4692e-11
1.5544e-11
2.0537e-11
1.4506e-11
1.7535e-11
1.8608e-11
1.9643e-11
1.7079e-11
2.6883e-11
2.4649e-11
3.4505e-11
4.2546e-11
3.1039e-11
3.5106e-11
2.7794e-11
2.3667e-11
1.995e-11
2.7114e-11
2.5891e-11
2.781e-11
3.1665e-11
2.3418e-11
4.0976e-11
6.422e-11
4.0623e-11
9.1611e-11
1.104e-10
6.1422e-11
2.1126e-11
1.5862e-11
1.6469e-11
1.4229e-11
1.2288e-11
1.0496e-11
9.9798e-12
7.6077e-12
1.0195e-11
6.3996e-12
7.7394e-12
6.7842e-12
7.8454e-12
8.9719e-12
1.0019e-11
1.228e-11
8.7449e-12
6.2589e-12
8.8361e-12
7.1344e-12
7.7185e-12
9.2848e-12
7.5998e-12
1.0322e-11
6.9875e-12
6.2818e-12
7.4951e-12
9.4124e-12
5.701e-12
8.0227e-12
9.915e-12
1.4943e-11
8.0089e-12
9.932e-12
9.5208e-12
7.4056e-12
6.6656e-12
9.7363e-12
8.7512e-12
9.7852e-12
9.8043e-12
1.4585e-11
1.5445e-11
1.2543e-11
2.4671e-11
2.5322e-11
3.8448e-11
2.9817e-11
2.7557e-11
2.2193e-11
1.8503e-11
1.1367e-11
1.3379e-11
2.0048e-11
1.5811e-11
1.7937e-11
1.3454e-11
2.1785e-11
1.4122e-11
2.8727e-11
3.6741e-11
4.6915e-11
4.4656e-11
4.4792e-11
2.3261e-11
2.6617e-11
2.0609e-11
2.1109e-11
1.9234e-11
2.1279e-11
1.5141e-11
1.7715e-11
1.5998e-11
2.0286e-11
1.2847e-11
2.3368e-11
2.2215e-11
3.3453e-11
1.5246e-11
2.9194e-11
1.2939e-11
1.6531e-11
1.5048e-11
2.1812e-11
1.4948e-11
1.7317e-11
2.0716e-11
1.8129e-11
2.0404e-11
2.3528e-11
2.9476e-11
2.8649e-11
4.4547e-11
2.8651e-11
3.7928e-11
3.1199e-11
2.1011e-11
2.6046e-11
2.1472e-11
3.18e-11
2.5859e-11
2.8856e-11
3.2154e-11
2.8304e-11
8.228e-11
4.2656e-11
6.6111e-11
1.2913e-10
1.201e-10
3.9727e-11
2.2494e-11
1.6889e-11
1.7534e-11
1.5149e-11
1.3082e-11
1.1173e-11
1.0622e-11
8.0963e-12
1.0846e-11
6.8068e-12
8.2295e-12
7.2114e-12
8.3489e-12
9.5402e-12
1.0649e-11
1.3033e-11
9.2179e-12
6.6762e-12
9.4376e-12
7.6185e-12
8.1576e-12
9.8633e-12
8.0042e-12
1.0865e-11
7.4309e-12
6.5634e-12
8.0186e-12
9.7368e-12
6.0988e-12
8.2318e-12
1.0881e-11
1.5133e-11
8.5786e-12
9.9725e-12
1.0085e-11
7.5188e-12
7.1379e-12
1.0018e-11
9.3361e-12
1.017e-11
1.0307e-11
1.5325e-11
1.6186e-11
1.3291e-11
2.5581e-11
2.6964e-11
3.8057e-11
3.1983e-11
2.8808e-11
2.3745e-11
1.9281e-11
1.2094e-11
1.3869e-11
2.1326e-11
1.6663e-11
1.9115e-11
1.4233e-11
2.3141e-11
1.4699e-11
3.0338e-11
3.9297e-11
5.1873e-11
4.7999e-11
4.7781e-11
2.349e-11
2.7879e-11
2.1762e-11
2.1811e-11
2.08e-11
2.1564e-11
1.6685e-11
1.7689e-11
1.8031e-11
1.9896e-11
1.4806e-11
2.1726e-11
2.463e-11
2.925e-11
1.7822e-11
2.7888e-11
1.5323e-11
1.5629e-11
1.7223e-11
2.1383e-11
1.6147e-11
1.8032e-11
2.0729e-11
2.0184e-11
1.8845e-11
2.7972e-11
2.6501e-11
3.6843e-11
4.3178e-11
3.4814e-11
3.3454e-11
3.2737e-11
2.303e-11
2.3234e-11
2.7994e-11
2.537e-11
3.1995e-11
2.6837e-11
2.9655e-11
3.8608e-11
5.6769e-11
5.5418e-11
6.5964e-11
8.7814e-11
1.3696e-10
8.0413e-11
4.0941e-11
2.425e-11
1.8209e-11
1.8905e-11
1.6332e-11
1.4103e-11
1.2045e-11
1.145e-11
8.7268e-12
1.169e-11
7.3367e-12
8.8669e-12
7.7714e-12
8.9796e-12
1.0268e-11
1.1453e-11
1.4036e-11
9.981e-12
7.1455e-12
1.0081e-11
8.1313e-12
8.7856e-12
1.0561e-11
8.637e-12
1.1718e-11
7.9325e-12
7.1127e-12
8.4988e-12
1.063e-11
6.4597e-12
9.0373e-12
1.1253e-11
1.6788e-11
9.0601e-12
1.1157e-11
1.0751e-11
8.3149e-12
7.5116e-12
1.0929e-11
9.832e-12
1.0979e-11
1.1e-11
1.635e-11
1.7312e-11
1.4046e-11
2.7626e-11
2.8333e-11
4.3108e-11
3.3279e-11
3.0865e-11
2.4657e-11
2.0628e-11
1.2566e-11
1.4846e-11
2.2137e-11
1.7505e-11
1.9754e-11
1.4872e-11
2.3897e-11
1.5624e-11
3.1443e-11
4.1018e-11
5.1933e-11
4.9975e-11
4.8995e-11
2.5779e-11
2.9007e-11
2.2885e-11
2.3007e-11
2.1434e-11
2.3203e-11
1.6969e-11
1.93e-11
1.8023e-11
2.2104e-11
1.4541e-11
2.551e-11
2.5191e-11
3.6766e-11
1.7176e-11
3.2277e-11
1.4352e-11
1.8331e-11
1.6232e-11
2.4304e-11
1.5699e-11
1.9402e-11
2.1351e-11
2.0478e-11
2.0961e-11
2.645e-11
3.067e-11
3.1177e-11
4.6472e-11
2.9686e-11
4.2917e-11
3.1082e-11
2.5133e-11
2.5744e-11
2.5393e-11
3.2897e-11
2.574e-11
3.3104e-11
2.7388e-11
3.5436e-11
7.691e-11
3.8778e-11
8.7828e-11
9.4243e-11
9.7244e-11
9.0591e-11
7.3154e-11
3.0943e-11
2.5569e-11
1.9197e-11
1.9931e-11
1.7217e-11
1.4867e-11
1.2697e-11
1.2067e-11
9.1967e-12
1.2315e-11
7.728e-12
9.3366e-12
8.1812e-12
9.4615e-12
1.0813e-11
1.2053e-11
1.4756e-11
1.0425e-11
7.5442e-12
1.0657e-11
8.5922e-12
9.2006e-12
1.1107e-11
9.0169e-12
1.2224e-11
8.3564e-12
7.3708e-12
9.0017e-12
1.0919e-11
6.8382e-12
9.2179e-12
1.2166e-11
1.691e-11
9.5903e-12
1.1135e-11
1.1273e-11
8.3941e-12
7.966e-12
1.1181e-11
1.0393e-11
1.1334e-11
1.1457e-11
1.7066e-11
1.7967e-11
1.4781e-11
2.8395e-11
2.9883e-11
4.2449e-11
3.5434e-11
3.1835e-11
2.6257e-11
2.1186e-11
1.3343e-11
1.5166e-11
2.3508e-11
1.8152e-11
2.0999e-11
1.5481e-11
2.5361e-11
1.6001e-11
3.326e-11
4.2694e-11
5.6894e-11
5.2195e-11
5.23e-11
2.5535e-11
3.0556e-11
2.3483e-11
2.3993e-11
2.2393e-11
2.3816e-11
1.7957e-11
1.9613e-11
1.9441e-11
2.2159e-11
1.6018e-11
2.4383e-11
2.7046e-11
3.3121e-11
1.9457e-11
3.0807e-11
1.672e-11
1.6974e-11
1.8855e-11
2.2714e-11
1.7763e-11
1.8759e-11
2.2933e-11
2.0697e-11
2.0931e-11
2.8552e-11
2.9325e-11
3.7945e-11
4.6454e-11
3.7032e-11
3.3831e-11
3.662e-11
2.2447e-11
2.7417e-11
2.7242e-11
2.9657e-11
3.2649e-11
2.6377e-11
3.3851e-11
3.2438e-11
7.1105e-11
5.1208e-11
6.1096e-11
1.0989e-10
9.9409e-11
6.1715e-11
9.4717e-11
6.2924e-11
3.4491e-11
2.7666e-11
2.0774e-11
2.1568e-11
1.8631e-11
1.6087e-11
1.3738e-11
1.3056e-11
9.9496e-12
1.3323e-11
8.3601e-12
1.0097e-11
8.8488e-12
1.0217e-11
1.1681e-11
1.3015e-11
1.5949e-11
1.1326e-11
8.1099e-12
1.1436e-11
9.2136e-12
9.9441e-12
1.1943e-11
9.7615e-12
1.3227e-11
8.956e-12
8.0082e-12
9.5844e-12
1.1938e-11
7.2785e-12
1.0122e-11
1.2696e-11
1.8751e-11
1.019e-11
1.246e-11
1.2073e-11
9.2813e-12
8.4182e-12
1.2196e-11
1.0988e-11
1.2248e-11
1.2275e-11
1.8228e-11
1.9296e-11
1.5644e-11
3.0761e-11
3.153e-11
4.8036e-11
3.6963e-11
3.4354e-11
2.7289e-11
2.2856e-11
1.385e-11
1.6372e-11
2.4364e-11
1.9261e-11
2.1689e-11
1.633e-11
2.614e-11
1.7156e-11
3.4316e-11
4.539e-11
5.726e-11
5.5412e-11
5.3401e-11
2.8292e-11
3.1486e-11
2.5146e-11
2.4976e-11
2.3623e-11
2.5195e-11
1.8807e-11
2.093e-11
2.0099e-11
2.3958e-11
1.633e-11
2.7628e-11
2.8507e-11
4.0035e-11
1.9419e-11
3.5335e-11
1.6126e-11
2.0035e-11
1.7901e-11
2.6649e-11
1.6879e-11
2.1381e-11
2.2334e-11
2.2835e-11
2.1507e-11
2.9767e-11
3.1441e-11
3.5474e-11
4.8127e-11
3.2752e-11
4.5835e-11
3.251e-11
2.8272e-11
2.5648e-11
3.0145e-11
3.2274e-11
3.0388e-11
3.3835e-11
2.7427e-11
3.9946e-11
6.4981e-11
4.7748e-11
8.0221e-11
8.3413e-11
1.2337e-10
6.5001e-11
6.1535e-11
7.2393e-11
6.7693e-11
3.7417e-11
2.9466e-11
2.2124e-11
2.2969e-11
1.9841e-11
1.7131e-11
1.4628e-11
1.39e-11
1.0592e-11
1.4179e-11
8.8962e-12
1.0741e-11
9.4113e-12
1.0874e-11
1.2427e-11
1.3836e-11
1.6942e-11
1.1958e-11
8.6463e-12
1.2207e-11
9.8292e-12
1.0526e-11
1.2687e-11
1.0304e-11
1.3949e-11
9.533e-12
8.3958e-12
1.0252e-11
1.2419e-11
7.7783e-12
1.0468e-11
1.3801e-11
1.9163e-11
1.0878e-11
1.2608e-11
1.2786e-11
9.5014e-12
9.0207e-12
1.2649e-11
1.1744e-11
1.2803e-11
1.2927e-11
1.9261e-11
2.0246e-11
1.6663e-11
3.199e-11
3.3573e-11
4.8007e-11
3.9801e-11
3.5721e-11
2.9446e-11
2.3653e-11
1.4928e-11
1.6859e-11
2.6264e-11
2.0101e-11
2.3391e-11
1.711e-11
2.8177e-11
1.7696e-11
3.6944e-11
4.7124e-11
6.316e-11
5.7641e-11
5.7919e-11
2.8209e-11
3.3851e-11
2.5721e-11
2.6667e-11
2.4445e-11
2.6577e-11
1.9578e-11
2.1965e-11
2.1218e-11
2.4953e-11
1.7531e-11
2.7749e-11
3.0122e-11
3.8298e-11
2.1481e-11
3.4871e-11
1.8406e-11
1.9039e-11
2.0785e-11
2.5082e-11
1.9647e-11
2.0299e-11
2.5511e-11
2.1948e-11
2.3484e-11
2.9761e-11
3.3148e-11
3.9293e-11
5.2778e-11
3.8731e-11
3.7801e-11
3.9601e-11
2.3595e-11
3.1138e-11
2.7296e-11
3.5578e-11
3.2222e-11
3.1524e-11
3.4955e-11
3.2643e-11
8.1672e-11
4.3365e-11
7.3288e-11
9.6603e-11
8.9875e-11
8.1655e-11
6.6933e-11
4.8572e-11
8.1475e-11
7.7731e-11
3.2376e-11
3.1515e-11
2.3665e-11
2.4569e-11
2.1223e-11
1.8323e-11
1.5645e-11
1.4866e-11
1.1327e-11
1.5162e-11
9.5129e-12
1.1483e-11
1.0062e-11
1.1609e-11
1.3271e-11
1.4773e-11
1.8099e-11
1.2838e-11
9.1931e-12
1.2957e-11
1.0428e-11
1.1244e-11
1.3492e-11
1.1022e-11
1.4915e-11
1.0103e-11
9.0074e-12
1.0799e-11
1.3394e-11
8.1936e-12
1.1327e-11
1.4305e-11
2.0922e-11
1.1449e-11
1.3902e-11
1.3541e-11
1.0349e-11
9.4265e-12
1.3594e-11
1.2273e-11
1.3648e-11
1.3688e-11
2.0302e-11
2.1489e-11
1.7408e-11
3.4216e-11
3.5057e-11
5.3448e-11
4.1033e-11
3.8176e-11
3.0216e-11
2.5286e-11
1.5287e-11
1.8032e-11
2.6848e-11
2.1166e-11
2.3845e-11
1.7901e-11
2.8645e-11
1.8789e-11
3.7516e-11
5.0016e-11
6.3122e-11
6.114e-11
5.8261e-11
3.0908e-11
3.4215e-11
2.748e-11
2.7142e-11
2.5873e-11
2.7383e-11
2.0694e-11
2.272e-11
2.2244e-11
2.5987e-11
1.8208e-11
2.9885e-11
3.2096e-11
4.3449e-11
2.1909e-11
3.852e-11
1.8202e-11
2.1733e-11
2.0056e-11
2.8947e-11
1.8612e-11
2.3298e-11
2.404e-11
2.5133e-11
2.2557e-11
3.3185e-11
3.2611e-11
4.0752e-11
5.1049e-11
3.7297e-11
4.7239e-11
3.5825e-11
3.0086e-11
2.7009e-11
3.3742e-11
3.2328e-11
3.5929e-11
3.3205e-11
3.2571e-11
4.0649e-11
6.5964e-11
5.3562e-11
6.8187e-11
9.9878e-11
1.1115e-10
5.7305e-11
7.3278e-11
5.0039e-11
5.3067e-11
8.8321e-11
6.6159e-11
3.2927e-11
3.3467e-11
2.513e-11
2.6088e-11
2.2534e-11
1.9454e-11
1.661e-11
1.5781e-11
1.2023e-11
1.6089e-11
1.0094e-11
1.218e-11
1.0671e-11
1.2319e-11
1.4078e-11
1.5658e-11
1.9174e-11
1.3522e-11
9.7694e-12
1.3785e-11
1.1086e-11
1.1873e-11
1.4289e-11
1.1611e-11
1.5695e-11
1.0724e-11
9.4295e-12
1.1512e-11
1.3926e-11
8.7247e-12
1.1719e-11
1.5439e-11
2.1411e-11
1.2167e-11
1.4074e-11
1.4302e-11
1.06e-11
1.0075e-11
1.41e-11
1.3091e-11
1.4249e-11
1.4391e-11
2.1419e-11
2.2509e-11
1.8508e-11
3.5551e-11
3.7171e-11
5.3495e-11
4.406e-11
3.9547e-11
3.2553e-11
2.6077e-11
1.6463e-11
1.8514e-11
2.8913e-11
2.1994e-11
2.5685e-11
1.8679e-11
3.0861e-11
1.9327e-11
4.0423e-11
5.136e-11
6.9004e-11
6.2822e-11
6.3112e-11
3.0772e-11
3.6867e-11
2.7806e-11
2.9116e-11
2.6324e-11
2.912e-11
2.1043e-11
2.4132e-11
2.2812e-11
2.756e-11
1.889e-11
3.0982e-11
3.3031e-11
4.3493e-11
2.3326e-11
3.8981e-11
1.9909e-11
2.1232e-11
2.248e-11
2.778e-11
2.1282e-11
2.2187e-11
2.7742e-11
2.3583e-11
2.5736e-11
3.1326e-11
3.6658e-11
4.0696e-11
5.9574e-11
3.9625e-11
4.3427e-11
4.0946e-11
2.602e-11
3.3117e-11
2.8653e-11
3.9771e-11
3.2126e-11
3.7295e-11
3.4042e-11
3.8779e-11
8.2915e-11
4.3881e-11
8.0032e-11
8.2499e-11
1.0594e-10
7.4254e-11
5.8944e-11
6.3817e-11
5.6057e-11
5.9427e-11
7.5808e-11
6.8893e-11
3.7304e-11
3.6092e-11
2.7103e-11
2.8138e-11
2.4305e-11
2.0982e-11
1.7914e-11
1.7018e-11
1.2965e-11
1.7349e-11
1.0884e-11
1.313e-11
1.1504e-11
1.3263e-11
1.5161e-11
1.6863e-11
2.0654e-11
1.4635e-11
1.0479e-11
1.4762e-11
1.1869e-11
1.2787e-11
1.533e-11
1.252e-11
1.6916e-11
1.1464e-11
1.0191e-11
1.224e-11
1.5118e-11
9.2779e-12
1.2751e-11
1.6205e-11
2.3484e-11
1.2937e-11
1.5602e-11
1.5278e-11
1.1606e-11
1.0618e-11
1.524e-11
1.3794e-11
1.5296e-11
1.5358e-11
2.2746e-11
2.4075e-11
1.9485e-11
3.8284e-11
3.9202e-11
5.9785e-11
4.583e-11
4.2647e-11
3.3689e-11
2.8128e-11
1.7006e-11
1.9973e-11
2.9809e-11
2.3396e-11
2.6421e-11
1.9731e-11
3.1654e-11
2.0677e-11
4.1355e-11
5.5253e-11
6.9961e-11
6.7585e-11
6.4037e-11
3.3862e-11
3.7474e-11
3.0092e-11
2.9726e-11
2.8366e-11
2.999e-11
2.2765e-11
2.4863e-11
2.4585e-11
2.8419e-11
2.0255e-11
3.2547e-11
3.605e-11
4.7354e-11
2.4674e-11
4.2109e-11
2.0577e-11
2.3609e-11
2.2697e-11
3.1452e-11
2.0948e-11
2.5347e-11
2.6691e-11
2.7514e-11
2.4513e-11
3.6723e-11
3.4899e-11
4.6437e-11
5.6159e-11
4.2564e-11
4.8377e-11
4.0494e-11
3.1054e-11
3.0003e-11
3.5968e-11
3.4526e-11
4.0236e-11
3.3726e-11
3.8587e-11
4.0408e-11
7.9257e-11
5.5108e-11
7.1631e-11
1.1388e-10
9.8619e-11
7.0393e-11
6.7658e-11
4.5489e-11
6.8077e-11
6.0823e-11
5.128e-11
7.864e-11
7.593e-11
4.674e-11
3.806e-11
2.858e-11
2.967e-11
2.5626e-11
2.2122e-11
1.8886e-11
1.794e-11
1.3667e-11
1.8283e-11
1.1468e-11
1.3831e-11
1.2117e-11
1.3976e-11
1.5971e-11
1.7746e-11
2.1731e-11
1.5313e-11
1.1056e-11
1.5593e-11
1.2526e-11
1.3416e-11
1.6122e-11
1.3106e-11
1.769e-11
1.2085e-11
1.0609e-11
1.2952e-11
1.5643e-11
9.804e-12
1.3142e-11
1.7304e-11
2.3962e-11
1.3636e-11
1.5737e-11
1.6028e-11
1.1843e-11
1.1273e-11
1.5739e-11
1.4625e-11
1.5879e-11
1.6057e-11
2.3847e-11
2.5082e-11
2.0583e-11
3.9587e-11
4.1212e-11
5.9656e-11
4.8842e-11
4.3881e-11
3.6046e-11
2.8837e-11
1.8185e-11
2.0404e-11
3.1871e-11
2.4154e-11
2.8253e-11
2.0462e-11
3.386e-11
2.1172e-11
4.4281e-11
5.6141e-11
7.5396e-11
6.8624e-11
6.8791e-11
3.3656e-11
4.013e-11
3.015e-11
3.1744e-11
2.8427e-11
3.1834e-11
2.267e-11
2.6425e-11
2.4567e-11
3.0311e-11
2.0375e-11
3.4387e-11
3.6175e-11
4.8982e-11
2.5315e-11
4.3464e-11
2.1527e-11
2.3724e-11
2.4289e-11
3.1036e-11
2.2997e-11
2.4662e-11
3.0027e-11
2.5974e-11
2.7987e-11
3.398e-11
4.0099e-11
4.3405e-11
6.6535e-11
4.1152e-11
4.9714e-11
4.2002e-11
2.938e-11
3.4108e-11
3.1676e-11
4.2191e-11
3.4126e-11
4.1582e-11
3.4097e-11
4.5885e-11
8.1177e-11
5.2843e-11
8.2245e-11
9.3221e-11
1.192e-10
6.4007e-11
7.4187e-11
5.8314e-11
5.0277e-11
7.799e-11
5.1837e-11
5.3183e-11
8.7874e-11
9.3679e-11
5.5401e-11
4.0853e-11
3.0668e-11
3.1859e-11
2.7517e-11
2.3755e-11
2.028e-11
1.9262e-11
1.4674e-11
1.9626e-11
1.2311e-11
1.4842e-11
1.3004e-11
1.4977e-11
1.7117e-11
1.9032e-11
2.3298e-11
1.65e-11
1.1806e-11
1.661e-11
1.3355e-11
1.4373e-11
1.7223e-11
1.4061e-11
1.8975e-11
1.2867e-11
1.1406e-11
1.3722e-11
1.6881e-11
1.0389e-11
1.4205e-11
1.8107e-11
2.6096e-11
1.4453e-11
1.7329e-11
1.7051e-11
1.2879e-11
1.1834e-11
1.6903e-11
1.5343e-11
1.696e-11
1.7046e-11
2.5216e-11
2.6677e-11
2.1584e-11
4.2364e-11
4.3382e-11
6.6103e-11
5.0665e-11
4.7065e-11
3.7194e-11
3.0925e-11
1.8746e-11
2.1882e-11
3.2791e-11
2.5584e-11
2.9006e-11
2.1513e-11
3.4676e-11
2.249e-11
4.5191e-11
6.0167e-11
7.6568e-11
7.357e-11
6.9697e-11
3.6619e-11
4.0672e-11
3.2504e-11
3.2258e-11
3.0644e-11
3.2535e-11
2.4639e-11
2.6965e-11
2.6695e-11
3.0801e-11
2.2098e-11
3.511e-11
3.964e-11
5.0959e-11
2.7199e-11
4.5359e-11
2.2791e-11
2.5299e-11
2.5289e-11
3.3703e-11
2.3383e-11
2.7162e-11
2.9695e-11
2.9547e-11
2.6957e-11
3.9699e-11
3.7815e-11
5.1104e-11
6.1923e-11
4.7049e-11
4.9481e-11
4.494e-11
3.1294e-11
3.3396e-11
3.6609e-11
3.8005e-11
4.2204e-11
3.5833e-11
4.2409e-11
4.1031e-11
9.2302e-11
5.4674e-11
8.5135e-11
1.191e-10
1.0553e-10
8.0445e-11
6.3951e-11
5.7272e-11
6.3004e-11
5.5737e-11
6.7059e-11
5.3393e-11
6.0521e-11
1.1042e-10
1.06e-10
5.0854e-11
4.3548e-11
3.2712e-11
3.395e-11
2.9322e-11
2.5315e-11
2.161e-11
2.0526e-11
1.5634e-11
2.0909e-11
1.3114e-11
1.5807e-11
1.3847e-11
1.5959e-11
1.8236e-11
2.0233e-11
2.4762e-11
1.7423e-11
1.2593e-11
1.7754e-11
1.4249e-11
1.5262e-11
1.8316e-11
1.4892e-11
2.0079e-11
1.3708e-11
1.202e-11
1.4663e-11
1.7693e-11
1.1083e-11
1.4829e-11
1.9544e-11
2.6981e-11
1.5379e-11
1.7727e-11
1.8057e-11
1.3326e-11
1.2691e-11
1.7689e-11
1.6454e-11
1.7815e-11
1.8047e-11
2.6728e-11
2.8151e-11
2.3046e-11
4.438e-11
4.6049e-11
6.6871e-11
5.4533e-11
4.9038e-11
4.019e-11
3.2143e-11
2.0228e-11
2.2676e-11
3.5367e-11
2.6751e-11
3.13e-11
2.2594e-11
3.742e-11
2.3364e-11
4.8821e-11
6.182e-11
8.2838e-11
7.5461e-11
7.5426e-11
3.704e-11
4.3917e-11
3.2947e-11
3.4761e-11
3.0948e-11
3.4916e-11
2.462e-11
2.8997e-11
2.6655e-11
3.3363e-11
2.212e-11
3.8081e-11
3.9675e-11
5.4778e-11
2.7584e-11
4.844e-11
2.3404e-11
2.6555e-11
2.6387e-11
3.4873e-11
2.4966e-11
2.7727e-11
3.2589e-11
2.9144e-11
3.0408e-11
3.7857e-11
4.3624e-11
4.7785e-11
7.332e-11
4.4081e-11
5.5709e-11
4.3756e-11
3.3032e-11
3.4936e-11
3.5672e-11
4.3473e-11
3.8058e-11
4.4108e-11
3.6497e-11
5.1169e-11
8.2376e-11
6.2568e-11
8.498e-11
1.1427e-10
1.2652e-10
6.7622e-11
8.4693e-11
5.0267e-11
6.3999e-11
7.1473e-11
4.7762e-11
7.0072e-11
6.0349e-11
7.5985e-11
1.3189e-10
9.7281e-11
7.5935e-11
4.3014e-11
3.6383e-11
7.7154e-12
1.1823e-11
2.3516e-11
5.295e-12
7.6414e-12
1.2876e-11
1.3439e-11
2.5602e-12
3.3738e-12
6.2825e-12
7.9209e-12
1.2282e-11
2.5289e-12
3.2143e-12
4.3076e-12
4.4471e-12
6.7662e-12
7.2963e-12
1.5779e-12
1.9111e-12
3.0512e-12
2.9874e-12
3.4297e-12
6.1191e-12
6.2823e-12
1.7067e-12
2.026e-12
2.4057e-12
2.4391e-12
2.7171e-12
3.5452e-12
4.6178e-12
5.3631e-12
1.2272e-12
1.4182e-12
1.9544e-12
1.754e-12
2.1086e-12
3.0608e-12
2.4261e-12
4.6582e-12
4.0009e-12
1.272e-12
1.4519e-12
1.5878e-12
1.5646e-12
1.6165e-12
2.167e-12
1.8844e-12
3.397e-12
3.39e-12
3.6629e-12
1.0694e-12
1.2001e-12
1.4731e-12
1.2971e-12
1.5617e-12
1.9489e-12
1.5868e-12
2.6918e-12
2.1269e-12
3.1487e-12
3.2663e-12
9.9241e-13
1.1046e-12
1.1408e-12
1.0996e-12
1.1271e-12
1.3888e-12
1.0649e-12
2.3036e-12
1.4905e-12
2.2671e-12
2.9621e-12
3.2068e-12
8.4136e-13
9.2665e-13
1.0421e-12
9.2092e-13
1.0748e-12
1.2304e-12
9.9744e-13
1.7264e-12
1.3327e-12
1.5034e-12
1.9306e-12
2.7434e-12
3.1707e-12
7.2997e-13
7.9935e-13
7.9227e-13
7.5139e-13
7.6795e-13
8.7227e-13
6.9309e-13
1.3869e-12
7.9468e-13
1.5236e-12
1.2845e-12
1.8704e-12
2.8968e-12
2.9358e-12
5.6687e-13
6.1638e-13
6.5009e-13
5.7865e-13
6.4813e-13
7.0823e-13
5.6474e-13
1.0198e-12
6.9921e-13
8.7699e-13
1.1359e-12
1.0667e-12
1.7798e-12
2.6522e-12
3.1783e-12
5.3695e-13
5.8118e-13
5.5925e-13
5.2372e-13
5.3019e-13
5.6973e-13
4.7997e-13
8.4811e-13
5.0969e-13
9.2902e-13
7.355e-13
1.2791e-12
1.24e-12
1.9141e-12
3.1834e-12
1.8234e-12
5.4616e-13
5.883e-13
5.9218e-13
5.2998e-13
5.6957e-13
6.0713e-13
4.7771e-13
8.8077e-13
5.377e-13
8.0305e-13
8.6725e-13
8.8995e-13
1.5787e-12
1.4446e-12
2.3529e-12
2.3767e-12
1.1602e-12
5.257e-13
5.6432e-13
5.3121e-13
4.9252e-13
4.9145e-13
5.1078e-13
4.4698e-13
7.1543e-13
4.6275e-13
7.5431e-13
6.4013e-13
1.0212e-12
1.0349e-12
1.7893e-12
1.647e-12
1.7017e-12
1.591e-12
1.9306e-12
5.0139e-13
5.3627e-13
5.2165e-13
4.6825e-13
4.848e-13
5.0961e-13
3.9826e-13
7.3257e-13
4.1377e-13
6.9607e-13
6.265e-13
7.8926e-13
1.1703e-12
1.1628e-12
2.0284e-12
1.178e-12
1.0817e-12
2.0878e-12
1.181e-12
4.7483e-13
5.0665e-13
4.691e-13
4.3135e-13
4.2327e-13
4.3185e-13
3.8419e-13
5.7724e-13
3.9233e-13
5.8339e-13
5.2689e-13
7.451e-13
8.8144e-13
1.298e-12
1.2626e-12
1.4977e-12
7.357e-13
1.6256e-12
1.727e-12
1.4412e-12
4.6109e-13
4.9065e-13
4.6534e-13
4.18e-13
4.1917e-13
4.3681e-13
3.4056e-13
6.1625e-13
3.3595e-13
5.9689e-13
4.6961e-13
6.8928e-13
8.5312e-13
1.0494e-12
1.5418e-12
9.891e-13
9.1638e-13
9.5581e-13
1.1674e-12
1.7578e-12
1.4616e-12
4.2061e-13
4.4668e-13
4.0844e-13
3.7283e-13
3.599e-13
3.6346e-13
3.2379e-13
4.6979e-13
3.2687e-13
4.5951e-13
4.2574e-13
5.5439e-13
7.2201e-13
8.9659e-13
1.1151e-12
1.0712e-12
6.2084e-13
1.3396e-12
7.5307e-13
1.2791e-12
1.9927e-12
1.126e-12
4.1391e-13
4.3865e-13
4.0824e-13
3.6646e-13
3.5775e-13
3.7046e-13
2.8884e-13
5.1055e-13
2.7723e-13
4.9685e-13
3.6224e-13
5.7571e-13
6.2434e-13
8.9443e-13
1.1308e-12
9.0832e-13
6.6339e-13
8.5103e-13
9.246e-13
7.3392e-13
1.4205e-12
1.5965e-12
1.4284e-12
3.8967e-13
4.123e-13
3.7336e-13
3.387e-13
3.2192e-13
3.2328e-13
2.8585e-13
4.0794e-13
2.8521e-13
3.9037e-13
3.6054e-13
4.5527e-13
6.0516e-13
6.7235e-13
9.9386e-13
7.7154e-13
6.0453e-13
9.9469e-13
6.7581e-13
1.0573e-12
8.8714e-13
1.2046e-12
1.9698e-12
9.178e-13
3.9997e-13
4.2253e-13
3.8763e-13
3.4738e-13
3.3168e-13
3.4169e-13
2.6661e-13
4.5926e-13
2.5286e-13
4.4515e-13
3.1621e-13
5.1312e-13
5.1627e-13
7.952e-13
9.2047e-13
8.4696e-13
5.2305e-13
8.7689e-13
7.0057e-13
7.489e-13
1.1694e-12
6.9661e-13
1.5652e-12
1.4352e-12
8.2377e-13
4.052e-13
4.2751e-13
3.8418e-13
3.4663e-13
3.2488e-13
3.2512e-13
2.8408e-13
4.0299e-13
2.8005e-13
3.803e-13
3.446e-13
4.3872e-13
5.6438e-13
6.077e-13
9.5638e-13
6.4281e-13
6.0908e-13
8.2806e-13
7.6188e-13
8.5655e-13
9.1072e-13
1.0843e-12
9.7148e-13
1.2153e-12
1.2324e-12
1.0099e-12
3.8365e-13
4.0425e-13
3.6682e-13
3.28e-13
3.0756e-13
3.1524e-13
2.4618e-13
4.1347e-13
2.3251e-13
3.9706e-13
2.8409e-13
4.5373e-13
4.4467e-13
6.9123e-13
7.7509e-13
7.4845e-13
4.3221e-13
8.1732e-13
5.5245e-13
8.0391e-13
8.4847e-13
7.1773e-13
1.2605e-12
6.2398e-13
9.3367e-13
1.4859e-12
1.1534e-12
3.7582e-13
3.9555e-13
3.5333e-13
3.1726e-13
2.9369e-13
2.9322e-13
2.527e-13
3.5816e-13
2.4614e-13
3.3485e-13
2.9608e-13
3.8748e-13
4.7031e-13
5.2388e-13
8.0394e-13
5.1185e-13
5.1756e-13
6.524e-13
6.9637e-13
6.3729e-13
9.3104e-13
7.5665e-13
9.1615e-13
9.5614e-13
5.506e-13
1.2527e-12
1.6572e-12
7.0632e-13
3.9057e-13
4.1067e-13
3.6949e-13
3.2957e-13
3.0447e-13
3.1058e-13
2.4266e-13
3.9802e-13
2.2878e-13
3.7766e-13
2.7671e-13
4.2758e-13
4.2139e-13
6.3581e-13
7.1749e-13
6.8533e-13
3.983e-13
7.6439e-13
5.0359e-13
8.1139e-13
7.0809e-13
8.2778e-13
9.3804e-13
6.8173e-13
7.949e-13
7.0954e-13
1.4487e-12
1.1357e-12
9.7974e-13
3.6851e-13
3.8712e-13
3.441e-13
3.077e-13
2.8176e-13
2.8072e-13
2.3856e-13
3.3865e-13
2.2972e-13
3.1411e-13
2.7136e-13
3.667e-13
4.1795e-13
4.9715e-13
7.0947e-13
4.6282e-13
4.5173e-13
5.8101e-13
6.3147e-13
5.4917e-13
9.081e-13
5.8754e-13
9.9118e-13
6.8249e-13
5.3914e-13
1.0365e-12
7.9694e-13
9.3708e-13
1.36e-12
1.3371e-12
3.3325e-13
3.4982e-13
3.1264e-13
2.7816e-13
2.5386e-13
2.5773e-13
2.0136e-13
3.2328e-13
1.8963e-13
3.0271e-13
2.283e-13
3.399e-13
3.4212e-13
4.9253e-13
5.7012e-13
5.2155e-13
3.165e-13
5.842e-13
4.0495e-13
6.405e-13
5.6024e-13
7.019e-13
6.4877e-13
6.5255e-13
4.8099e-13
6.3875e-13
1.0382e-12
4.67e-13
1.0655e-12
1.6585e-12
1.5694e-12
3.1444e-13
3.298e-13
2.9199e-13
2.6014e-13
2.3599e-13
2.3465e-13
1.9676e-13
2.7985e-13
1.8741e-13
2.577e-13
2.1831e-13
3.0347e-13
3.2724e-13
4.1741e-13
5.4603e-13
3.8138e-13
3.3938e-13
4.6978e-13
4.8184e-13
4.4225e-13
7.2223e-13
4.4983e-13
8.397e-13
4.5329e-13
4.963e-13
6.3171e-13
6.8724e-13
6.7441e-13
5.7981e-13
1.4322e-12
2.1473e-12
7.9437e-13
3.3053e-13
3.4645e-13
3.0799e-13
2.7334e-13
2.4698e-13
2.4956e-13
1.9491e-13
3.0697e-13
1.8319e-13
2.8356e-13
2.2005e-13
3.1628e-13
3.2647e-13
4.4757e-13
5.342e-13
4.6231e-13
2.9587e-13
5.1592e-13
3.8359e-13
5.6814e-13
5.4405e-13
6.432e-13
6.1477e-13
6.3755e-13
3.796e-13
6.9264e-13
7.1488e-13
4.9473e-13
8.9327e-13
8.0503e-13
1.9583e-12
1.3023e-12
1.0197e-12
3.4683e-13
3.6329e-13
3.2059e-13
2.847e-13
2.5619e-13
2.5421e-13
2.1054e-13
2.9996e-13
1.985e-13
2.741e-13
2.2887e-13
3.25e-13
3.356e-13
4.5426e-13
5.4755e-13
4.1439e-13
3.3012e-13
4.9964e-13
4.6842e-13
4.7304e-13
7.1808e-13
4.8196e-13
8.6517e-13
4.5818e-13
5.3656e-13
5.3499e-13
7.9776e-13
5.2818e-13
6.5612e-13
1.3422e-12
1.1818e-12
1.203e-12
1.4803e-12
9.9544e-13
3.4275e-13
3.5883e-13
3.1764e-13
2.8124e-13
2.5202e-13
2.5351e-13
1.9784e-13
3.0635e-13
1.854e-13
2.792e-13
2.2225e-13
3.0984e-13
3.2753e-13
4.2992e-13
5.2748e-13
4.3235e-13
2.9056e-13
4.7949e-13
3.7858e-13
5.2047e-13
5.5231e-13
5.9502e-13
6.4604e-13
6.0686e-13
3.8572e-13
6.9608e-13
5.7639e-13
5.4808e-13
6.3634e-13
9.3056e-13
1.7363e-12
6.6966e-13
1.357e-12
1.5794e-12
7.6675e-13
3.7632e-13
3.9374e-13
3.4651e-13
3.0684e-13
2.7423e-13
2.7149e-13
2.2238e-13
3.1713e-13
2.077e-13
2.8744e-13
2.3767e-13
3.422e-13
3.429e-13
4.8509e-13
5.4607e-13
4.4474e-13
3.193e-13
5.2482e-13
4.4732e-13
4.9842e-13
6.9251e-13
5.1636e-13
8.5234e-13
4.9782e-13
5.4163e-13
5.389e-13
8.2945e-13
4.4118e-13
7.3367e-13
1.0319e-12
1.3662e-12
1.1049e-12
8.0069e-13
1.5241e-12
1.2173e-12
7.4835e-13
3.8812e-13
4.059e-13
3.5807e-13
3.1633e-13
2.8155e-13
2.8196e-13
2.1981e-13
3.3533e-13
2.0521e-13
3.0165e-13
2.4534e-13
3.3347e-13
3.5966e-13
4.5599e-13
5.7133e-13
4.4725e-13
3.121e-13
4.9336e-13
4.0531e-13
5.2159e-13
6.0203e-13
5.937e-13
7.3209e-13
6.1099e-13
4.5685e-13
7.1638e-13
6.4828e-13
5.8855e-13
5.5068e-13
1.1089e-12
1.3583e-12
8.5569e-13
1.3028e-12
8.8569e-13
1.1375e-12
1.2396e-12
1.1097e-12
3.9079e-13
4.0849e-13
3.5868e-13
3.1681e-13
2.8148e-13
2.7803e-13
2.2552e-13
3.2159e-13
2.088e-13
2.8902e-13
2.3762e-13
3.4456e-13
3.3898e-13
4.9368e-13
5.2754e-13
4.5565e-13
3.0036e-13
5.2673e-13
4.1222e-13
4.9936e-13
6.38e-13
5.242e-13
7.9591e-13
5.2025e-13
5.1316e-13
5.7155e-13
7.9032e-13
4.3113e-13
7.1233e-13
8.2347e-13
1.4654e-12
8.1185e-13
9.2419e-13
1.3262e-12
6.124e-13
1.1207e-12
1.6816e-12
1.0013e-12
4.0531e-13
4.2352e-13
3.7254e-13
3.2845e-13
2.9068e-13
2.899e-13
2.2572e-13
3.3983e-13
2.0974e-13
3.0191e-13
2.4991e-13
3.328e-13
3.6464e-13
4.5051e-13
5.7235e-13
4.3284e-13
3.0962e-13
4.7584e-13
3.9812e-13
4.8764e-13
5.9565e-13
5.4792e-13
7.4423e-13
5.6291e-13
4.8738e-13
6.6314e-13
7.2468e-13
5.4932e-13
5.7397e-13
1.0712e-12
1.0883e-12
9.3268e-13
9.3245e-13
1.0671e-12
1.0056e-12
6.4629e-13
1.5411e-12
1.6793e-12
1.1449e-12
4.2025e-13
4.3893e-13
3.8467e-13
3.39e-13
2.9969e-13
2.9531e-13
2.3752e-13
3.3841e-13
2.1816e-13
3.0141e-13
2.4723e-13
3.5905e-13
3.5012e-13
5.1821e-13
5.3392e-13
4.8123e-13
2.9807e-13
5.4585e-13
3.9918e-13
5.1439e-13
6.1288e-13
5.4345e-13
7.7017e-13
5.5116e-13
5.025e-13
6.2605e-13
7.7352e-13
4.7761e-13
6.8948e-13
8.4164e-13
1.4546e-12
6.8478e-13
1.0131e-12
1.0115e-12
7.5567e-13
1.0042e-12
8.5858e-13
1.5546e-12
1.8171e-12
1.1708e-12
4.2094e-13
4.3951e-13
3.857e-13
3.3941e-13
2.9897e-13
2.9697e-13
2.3095e-13
3.4362e-13
2.1347e-13
3.0174e-13
2.5326e-13
3.3179e-13
3.6793e-13
4.4641e-13
5.714e-13
4.2224e-13
3.0604e-13
4.6361e-13
3.8802e-13
4.6099e-13
5.794e-13
5.0957e-13
7.3485e-13
5.1976e-13
4.9831e-13
6.1043e-13
7.8117e-13
5.0134e-13
6.4611e-13
9.6833e-13
1.1311e-12
8.8835e-13
7.3581e-13
1.1519e-12
7.2149e-13
7.8144e-13
1.346e-12
8.7594e-13
1.5897e-12
1.9171e-12
1.7588e-12
4.1036e-13
4.2831e-13
3.7474e-13
3.2959e-13
2.9012e-13
2.8521e-13
2.2772e-13
3.2394e-13
2.0761e-13
2.8586e-13
2.3453e-13
3.3959e-13
3.3059e-13
4.9231e-13
4.9577e-13
4.5933e-13
2.7332e-13
5.123e-13
3.5735e-13
4.7857e-13
5.4102e-13
5.0581e-13
6.8126e-13
5.1891e-13
4.4933e-13
6.0522e-13
6.9381e-13
4.7596e-13
6.0843e-13
8.5599e-13
1.2531e-12
6.4785e-13
8.9502e-13
7.895e-13
7.5334e-13
6.9496e-13
9.9379e-13
1.2403e-12
8.3875e-13
1.6503e-12
2.6644e-12
1.7549e-12
4.1482e-13
4.3283e-13
3.7909e-13
3.3303e-13
2.9218e-13
2.8916e-13
2.2457e-13
3.3066e-13
2.0642e-13
2.8716e-13
2.4369e-13
3.1512e-13
3.5246e-13
4.2256e-13
5.4233e-13
3.9545e-13
2.8778e-13
4.3405e-13
3.591e-13
4.2104e-13
5.3138e-13
4.5796e-13
6.7711e-13
4.6321e-13
4.6925e-13
5.4098e-13
7.6519e-13
4.3891e-13
6.6629e-13
8.2105e-13
1.2092e-12
7.5803e-13
7.2434e-13
1.0308e-12
5.4803e-13
7.9541e-13
9.2429e-13
9.9843e-13
1.3017e-12
9.6855e-13
2.3142e-12
2.9152e-12
1.4663e-12
4.2603e-13
4.4439e-13
3.8827e-13
3.4088e-13
2.9896e-13
2.9321e-13
2.3263e-13
3.3022e-13
2.1066e-13
2.8868e-13
2.373e-13
3.4147e-13
3.3362e-13
4.96e-13
4.9361e-13
4.643e-13
2.705e-13
5.1028e-13
3.4628e-13
4.7197e-13
5.1527e-13
4.9684e-13
6.4666e-13
5.1117e-13
4.3075e-13
6.0597e-13
6.7021e-13
4.8851e-13
5.8455e-13
9.129e-13
1.153e-12
7.0059e-13
8.0781e-13
7.9981e-13
6.966e-13
5.8077e-13
1.0563e-12
9.0051e-13
1.0557e-12
1.3845e-12
1.2972e-12
2.6386e-12
2.3727e-12
2.8174e-12
4.0014e-13
4.1729e-13
3.6487e-13
3.2003e-13
2.7984e-13
2.7599e-13
2.1406e-13
3.1226e-13
1.9562e-13
2.6839e-13
2.2969e-13
2.9389e-13
3.3073e-13
3.9361e-13
5.0472e-13
3.6585e-13
2.6571e-13
4.0158e-13
3.2627e-13
3.8258e-13
4.763e-13
4.1071e-13
6.046e-13
4.1219e-13
4.2355e-13
4.792e-13
7.0913e-13
3.8553e-13
6.4145e-13
6.9848e-13
1.2198e-12
6.2998e-13
7.608e-13
8.519e-13
5.2614e-13
6.9182e-13
7.0455e-13
9.8382e-13
8.8025e-13
1.0912e-12
1.8266e-12
1.429e-12
1.9044e-12
4.4017e-12
2.882e-12
4.0338e-13
4.2054e-13
3.6699e-13
3.2168e-13
2.8124e-13
2.752e-13
2.1717e-13
3.0747e-13
1.9543e-13
2.6629e-13
2.1962e-13
3.1326e-13
3.0819e-13
4.5497e-13
4.5131e-13
4.2668e-13
2.4691e-13
4.6314e-13
3.109e-13
4.2403e-13
4.5423e-13
4.4349e-13
5.6552e-13
4.5454e-13
3.7942e-13
5.4287e-13
5.9664e-13
4.4476e-13
5.2406e-13
8.5693e-13
9.9983e-13
6.7644e-13
6.7631e-13
7.817e-13
5.6078e-13
5.3791e-13
8.8119e-13
7.0313e-13
1.023e-12
9.1383e-13
1.5327e-12
1.995e-12
1.0525e-12
3.8669e-12
4.4209e-12
3.8642e-12
4.139e-13
4.314e-13
3.7669e-13
3.2992e-13
2.8768e-13
2.828e-13
2.1906e-13
3.1691e-13
1.9903e-13
2.6975e-13
2.3235e-13
2.9475e-13
3.3307e-13
3.9467e-13
5.0453e-13
3.655e-13
2.6393e-13
4.0086e-13
3.1934e-13
3.7758e-13
4.5878e-13
4.0152e-13
5.7647e-13
4.0056e-13
4.0452e-13
4.6416e-13
6.8806e-13
3.7279e-13
6.3807e-13
6.64e-13
1.2568e-12
5.797e-13
8.2712e-13
7.542e-13
5.8562e-13
6.0971e-13
7.2729e-13
9.1103e-13
7.4155e-13
1.1437e-12
1.3276e-12
1.7566e-12
1.5854e-12
2.2992e-12
3.97e-12
6.761e-12
3.3146e-12
4.3475e-13
4.5303e-13
3.9492e-13
3.4568e-13
3.0139e-13
2.9428e-13
2.3115e-13
3.2633e-13
2.0683e-13
2.8002e-13
2.3187e-13
3.2731e-13
3.2502e-13
4.7455e-13
4.7212e-13
4.4533e-13
2.5862e-13
4.7841e-13
3.2166e-13
4.3383e-13
4.6189e-13
4.5028e-13
5.6835e-13
4.5771e-13
3.8283e-13
5.4686e-13
6.0804e-13
4.5194e-13
5.4215e-13
8.8811e-13
1.022e-12
7.172e-13
6.7404e-13
8.4856e-13
5.2733e-13
5.9552e-13
7.9261e-13
7.6364e-13
9.6444e-13
8.2726e-13
1.7019e-12
1.4941e-12
1.4447e-12
3.2796e-12
2.288e-12
5.9652e-12
5.6059e-12
3.033e-12
4.5405e-13
4.7305e-13
4.1256e-13
3.6088e-13
3.139e-13
3.0767e-13
2.3803e-13
3.4179e-13
2.1504e-13
2.8828e-13
2.4954e-13
3.1425e-13
3.5611e-13
4.2101e-13
5.3584e-13
3.8913e-13
2.7897e-13
4.2619e-13
3.3333e-13
3.9876e-13
4.7105e-13
4.2156e-13
5.8332e-13
4.186e-13
4.0701e-13
4.8396e-13
6.9715e-13
3.8973e-13
6.5588e-13
6.9473e-13
1.3215e-12
5.9149e-13
9.0953e-13
7.3704e-13
6.6941e-13
5.7127e-13
8.4645e-13
8.5169e-13
8.1906e-13
1.111e-12
1.2234e-12
1.9479e-12
1.22e-12
3.0522e-12
3.4434e-12
3.7126e-12
5.064e-12
5.2488e-12
2.5979e-12
4.8099e-13
5.01e-13
4.3635e-13
3.8146e-13
3.318e-13
3.233e-13
2.5294e-13
3.56e-13
2.2514e-13
3.0274e-13
2.5181e-13
3.5139e-13
3.5258e-13
5.0787e-13
5.0905e-13
4.7637e-13
2.7953e-13
5.0755e-13
3.4478e-13
4.5636e-13
4.8737e-13
4.6999e-13
5.9147e-13
4.7257e-13
3.9842e-13
5.6185e-13
6.3753e-13
4.6569e-13
5.7793e-13
9.2447e-13
1.0961e-12
7.5842e-13
7.1637e-13
9.1381e-13
5.4395e-13
6.5907e-13
7.5334e-13
8.7372e-13
8.8091e-13
9.3384e-13
1.6462e-12
1.4148e-12
1.6513e-12
2.5179e-12
3.2465e-12
5.0926e-12
2.9582e-12
5.0235e-12
4.4988e-12
2.1883e-12
5.0436e-13
5.2527e-13
4.5762e-13
3.9983e-13
3.4706e-13
3.3923e-13
2.6214e-13
3.739e-13
2.3552e-13
3.1269e-13
2.7167e-13
3.4e-13
3.8596e-13
4.5577e-13
5.7722e-13
4.2098e-13
2.9953e-13
4.5989e-13
3.5437e-13
4.2901e-13
4.931e-13
4.5179e-13
6.0046e-13
4.471e-13
4.142e-13
5.1568e-13
7.0916e-13
4.1705e-13
6.7099e-13
7.5173e-13
1.3688e-12
6.3257e-13
9.762e-13
7.6787e-13
7.4168e-13
5.6643e-13
9.6654e-13
8.1559e-13
9.5266e-13
1.0401e-12
1.3856e-12
1.9003e-12
1.1678e-12
3.427e-12
2.6838e-12
5.1848e-12
4.375e-12
2.8675e-12
4.1095e-12
3.7589e-12
1.4461e-12
5.3468e-13
5.5672e-13
4.845e-13
4.2306e-13
3.6724e-13
3.5712e-13
2.7846e-13
3.9068e-13
2.4667e-13
3.2936e-13
2.752e-13
3.7941e-13
3.8493e-13
5.4613e-13
5.5312e-13
5.1155e-13
3.0457e-13
5.4149e-13
3.7349e-13
4.8343e-13
5.2112e-13
4.9431e-13
6.2296e-13
4.9115e-13
4.1834e-13
5.7897e-13
6.7176e-13
4.7917e-13
6.1784e-13
9.5344e-13
1.1898e-12
7.905e-13
7.7841e-13
9.6372e-13
5.9518e-13
7.0852e-13
7.811e-13
9.6581e-13
8.3351e-13
1.0717e-12
1.4998e-12
1.6221e-12
1.6046e-12
2.4498e-12
3.7029e-12
4.016e-12
4.2441e-12
4.2949e-12
2.3872e-12
3.6496e-12
2.4509e-12
1.7125e-12
5.6227e-13
5.8537e-13
5.0954e-13
4.4471e-13
3.8532e-13
3.7569e-13
2.9e-13
4.1113e-13
2.5916e-13
3.411e-13
2.9717e-13
3.6985e-13
4.2034e-13
4.961e-13
6.2511e-13
4.5809e-13
3.2373e-13
4.9879e-13
3.802e-13
4.6482e-13
5.2209e-13
4.8843e-13
6.2496e-13
4.8176e-13
4.2455e-13
5.5423e-13
7.2214e-13
4.4964e-13
6.8217e-13
8.2198e-13
1.3965e-12
6.8997e-13
1.0251e-12
8.3224e-13
7.9739e-13
5.9428e-13
1.0646e-12
8.2293e-13
1.0745e-12
9.9379e-13
1.6021e-12
1.7697e-12
1.3436e-12
3.3335e-12
2.6462e-12
5.9151e-12
3.3872e-12
4.0402e-12
3.5173e-12
2.1023e-12
2.3021e-12
2.8975e-12
2.6771e-12
5.9181e-13
6.16e-13
5.3571e-13
4.673e-13
4.0491e-13
3.9303e-13
3.0557e-13
4.2736e-13
2.6949e-13
3.5728e-13
2.9993e-13
4.0842e-13
4.1896e-13
5.8498e-13
5.9978e-13
5.4677e-13
3.3104e-13
5.7593e-13
4.0443e-13
5.1124e-13
5.5821e-13
5.1957e-13
6.5749e-13
5.1027e-13
4.3882e-13
5.9515e-13
7.0473e-13
4.903e-13
6.5474e-13
9.7168e-13
1.2836e-12
8.113e-13
8.4273e-13
9.9629e-13
6.6162e-13
7.4018e-13
8.6292e-13
1.0231e-12
8.5952e-13
1.1715e-12
1.3937e-12
1.8482e-12
1.4517e-12
2.8232e-12
3.5733e-12
4.0905e-12
4.823e-12
3.2611e-12
3.4129e-12
3.0775e-12
1.3152e-12
2.8288e-12
4.6054e-12
2.2059e-12
6.2564e-13
6.5115e-13
5.6635e-13
4.9383e-13
4.2721e-13
4.1557e-13
3.2045e-13
4.5183e-13
2.8494e-13
3.721e-13
3.2484e-13
4.0226e-13
4.575e-13
5.3973e-13
6.7682e-13
4.9835e-13
3.5013e-13
5.404e-13
4.0919e-13
5.0368e-13
5.5604e-13
5.2838e-13
6.5516e-13
5.1957e-13
4.3754e-13
5.9563e-13
7.3583e-13
4.8402e-13
6.898e-13
8.954e-13
1.4062e-12
7.5303e-13
1.0569e-12
9.1277e-13
8.3635e-13
6.4424e-13
1.1361e-12
8.7016e-13
1.1662e-12
1.0046e-12
1.7763e-12
1.6828e-12
1.541e-12
3.0673e-12
3.0688e-12
5.7518e-12
3.4097e-12
4.5333e-12
2.6851e-12
2.9209e-12
1.9431e-12
1.6358e-12
4.4221e-12
3.6817e-12
2.5241e-12
6.5657e-13
6.8321e-13
5.938e-13
5.1748e-13
4.477e-13
4.3381e-13
3.3644e-13
4.6906e-13
2.9551e-13
3.8904e-13
3.2807e-13
4.4125e-13
4.5756e-13
6.2852e-13
6.5305e-13
5.8583e-13
3.6101e-13
6.1487e-13
4.3986e-13
5.4346e-13
6.0194e-13
5.4963e-13
6.9926e-13
5.3414e-13
4.6298e-13
6.16e-13
7.4098e-13
5.042e-13
6.9238e-13
9.9039e-13
1.38e-12
8.3083e-13
9.0788e-13
1.0251e-12
7.3426e-13
7.6455e-13
9.7723e-13
1.0592e-12
9.5679e-13
1.2345e-12
1.4238e-12
2.01e-12
1.3443e-12
3.2087e-12
3.2507e-12
4.7613e-12
4.6574e-12
3.2509e-12
3.8711e-12
2.3117e-12
1.8892e-12
2.366e-12
2.5118e-12
3.633e-12
4.4208e-12
2.0083e-12
6.9828e-13
7.2657e-13
6.3152e-13
5.5018e-13
4.753e-13
4.6138e-13
3.5543e-13
4.9867e-13
3.1455e-13
4.0785e-13
3.5658e-13
4.3953e-13
5.0012e-13
5.8972e-13
7.3625e-13
5.4437e-13
3.8076e-13
5.8762e-13
4.4365e-13
5.4799e-13
5.9825e-13
5.7408e-13
6.9557e-13
5.626e-13
4.5676e-13
6.4242e-13
7.5721e-13
5.2169e-13
7.0117e-13
9.7315e-13
1.4138e-12
8.2052e-13
1.083e-12
1.0034e-12
8.6748e-13
7.0863e-13
1.193e-12
9.4778e-13
1.2381e-12
1.0761e-12
1.9064e-12
1.7173e-12
1.6937e-12
2.9013e-12
3.5071e-12
5.2554e-12
4.0302e-12
4.3676e-12
2.7665e-12
3.2436e-12
1.4718e-12
2.2743e-12
3.7036e-12
2.0922e-12
4.3202e-12
3.3293e-12
3.2372e-12
7.3407e-13
7.6363e-13
6.6335e-13
5.7759e-13
4.9904e-13
4.8274e-13
3.7361e-13
5.1928e-13
3.2693e-13
4.2746e-13
3.6202e-13
4.8107e-13
5.0402e-13
6.8117e-13
7.1754e-13
6.3282e-13
3.9694e-13
6.6255e-13
4.8267e-13
5.8377e-13
6.5607e-13
5.8828e-13
7.5283e-13
5.6669e-13
4.9388e-13
6.4649e-13
7.8581e-13
5.2524e-13
7.3509e-13
1.0194e-12
1.4854e-12
8.5783e-13
9.7629e-13
1.0621e-12
8.1025e-13
7.9192e-13
1.107e-12
1.0914e-12
1.098e-12
1.2799e-12
1.5924e-12
2.1174e-12
1.374e-12
3.4866e-12
3.0553e-12
5.3872e-12
4.255e-12
3.8371e-12
3.7556e-12
2.3511e-12
2.1393e-12
1.7717e-12
3.6455e-12
3.0371e-12
2.454e-12
3.3169e-12
5.7604e-12
2.1966e-12
7.8069e-13
8.1209e-13
7.0545e-13
6.1409e-13
5.299e-13
5.1337e-13
3.9513e-13
5.519e-13
3.4813e-13
4.4849e-13
3.9254e-13
4.8175e-13
5.4833e-13
6.4608e-13
8.0351e-13
5.9613e-13
4.156e-13
6.4029e-13
4.8356e-13
5.9746e-13
6.4869e-13
6.2502e-13
7.465e-13
6.1036e-13
4.8283e-13
6.938e-13
7.8814e-13
5.621e-13
7.1888e-13
1.0527e-12
1.4264e-12
8.8951e-13
1.1077e-12
1.0967e-12
8.9465e-13
7.7896e-13
1.2412e-12
1.0398e-12
1.2981e-12
1.1857e-12
2.0057e-12
1.8633e-12
1.7986e-12
2.9652e-12
3.8159e-12
4.873e-12
4.613e-12
4.0055e-12
3.3279e-12
3.0973e-12
1.5528e-12
2.5048e-12
2.8016e-12
2.929e-12
3.5861e-12
1.9035e-12
5.7241e-12
3.748e-12
4.5082e-12
8.1378e-13
8.4638e-13
7.3485e-13
6.3939e-13
5.5175e-13
5.3294e-13
4.1169e-13
5.7053e-13
3.5902e-13
4.6633e-13
3.9655e-13
5.208e-13
5.5097e-13
7.3283e-13
7.8263e-13
6.7833e-13
4.3288e-13
7.091e-13
5.2547e-13
6.235e-13
7.1049e-13
6.2673e-13
8.0677e-13
5.9961e-13
5.2421e-13
6.7743e-13
8.2769e-13
5.4632e-13
7.7223e-13
1.0461e-12
1.5764e-12
8.8201e-13
1.0323e-12
1.0952e-12
8.7323e-13
8.1469e-13
1.2218e-12
1.1127e-12
1.2376e-12
1.3027e-12
1.8169e-12
2.1625e-12
1.5165e-12
3.6127e-12
3.1054e-12
5.7253e-12
3.9512e-12
4.334e-12
3.4045e-12
2.7909e-12
2.0454e-12
1.8145e-12
4.0502e-12
2.2395e-12
3.5324e-12
2.728e-12
3.209e-12
3.7051e-12
8.0934e-12
6.255e-12
8.5179e-13
8.8583e-13
7.6912e-13
6.6903e-13
5.767e-13
5.5771e-13
4.2891e-13
5.9664e-13
3.7634e-13
4.8196e-13
4.2218e-13
5.1597e-13
5.8745e-13
6.9143e-13
8.5705e-13
6.3746e-13
4.4353e-13
6.812e-13
5.1581e-13
6.3579e-13
6.8983e-13
6.6407e-13
7.8802e-13
6.4609e-13
5.0346e-13
7.309e-13
8.0965e-13
5.8985e-13
7.2699e-13
1.1048e-12
1.4152e-12
9.346e-13
1.1075e-12
1.1598e-12
8.9858e-13
8.289e-13
1.2544e-12
1.1077e-12
1.3202e-12
1.2779e-12
2.0404e-12
2.0223e-12
1.8282e-12
3.1614e-12
3.9063e-12
4.7613e-12
4.8619e-12
3.7168e-12
3.7214e-12
2.759e-12
1.8512e-12
2.3151e-12
2.9063e-12
3.1303e-12
2.6339e-12
2.6107e-12
4.589e-12
2.093e-12
8.0026e-12
1.0534e-11
7.6703e-12
8.8617e-13
9.2147e-13
7.9968e-13
6.9533e-13
5.9938e-13
5.7813e-13
4.459e-13
6.1621e-13
3.8761e-13
5.0033e-13
4.2703e-13
5.5462e-13
5.9205e-13
7.7544e-13
8.3927e-13
7.1494e-13
4.6375e-13
7.4673e-13
5.6201e-13
6.5575e-13
7.5676e-13
6.5807e-13
8.5199e-13
6.2646e-13
5.4843e-13
7.0213e-13
8.5855e-13
5.6234e-13
7.9634e-13
1.0625e-12
1.6363e-12
8.9661e-13
1.0652e-12
1.1164e-12
9.1233e-13
8.2781e-13
1.3e-12
1.1205e-12
1.3435e-12
1.3039e-12
2.0202e-12
2.1538e-12
1.6963e-12
3.6039e-12
3.3455e-12
5.7668e-12
3.9415e-12
4.5278e-12
3.1231e-12
3.1054e-12
1.8232e-12
2.1432e-12
3.7713e-12
2.2832e-12
3.8423e-12
1.9707e-12
4.5203e-12
2.9592e-12
4.4835e-12
1.0426e-11
1.4436e-11
7.8191e-12
9.4576e-13
9.8335e-13
8.534e-13
7.4185e-13
6.3888e-13
6.1684e-13
4.7402e-13
6.5697e-13
4.1434e-13
5.2774e-13
4.6256e-13
5.6309e-13
6.4125e-13
7.5368e-13
9.3161e-13
6.9403e-13
4.8241e-13
7.3785e-13
5.6123e-13
6.8856e-13
7.4934e-13
7.1788e-13
8.5196e-13
6.9582e-13
5.3932e-13
7.8327e-13
8.561e-13
6.2907e-13
7.577e-13
1.1745e-12
1.4466e-12
9.9365e-13
1.1332e-12
1.2382e-12
9.2053e-13
8.8978e-13
1.2899e-12
1.1906e-12
1.3661e-12
1.3897e-12
2.1119e-12
2.2301e-12
1.8811e-12
3.5206e-12
3.9983e-12
5.1323e-12
5.014e-12
3.8266e-12
3.9662e-12
2.621e-12
2.1088e-12
2.0944e-12
3.5247e-12
2.9286e-12
2.8106e-12
2.8224e-12
3.4042e-12
2.9331e-12
6.467e-12
5.9491e-12
1.4355e-11
1.3817e-11
7.6273e-12
9.9824e-13
1.0378e-12
9.0027e-13
7.8229e-13
6.7373e-13
6.4898e-13
4.9987e-13
6.8893e-13
4.3326e-13
5.5591e-13
4.7611e-13
6.1182e-13
6.5855e-13
8.4994e-13
9.3176e-13
7.8039e-13
5.1398e-13
8.148e-13
6.2183e-13
7.1508e-13
8.3457e-13
7.169e-13
9.3325e-13
6.8021e-13
5.9558e-13
7.576e-13
9.2418e-13
6.0311e-13
8.5029e-13
1.1261e-12
1.7525e-12
9.5006e-13
1.1327e-12
1.1854e-12
9.7566e-13
8.7659e-13
1.4083e-12
1.1785e-12
1.4787e-12
1.362e-12
2.278e-12
2.2298e-12
1.9498e-12
3.7072e-12
3.8287e-12
5.9195e-12
4.4028e-12
4.6989e-12
3.2434e-12
3.3441e-12
1.748e-12
2.4715e-12
3.4734e-12
2.814e-12
3.7066e-12
2.1032e-12
5.0486e-12
2.2164e-12
6.4948e-12
8.5452e-12
8.5043e-12
1.387e-11
1.426e-11
3.932e-12
1.0685e-12
1.1108e-12
9.6356e-13
8.3712e-13
7.2033e-13
6.9445e-13
5.3329e-13
7.3664e-13
4.6448e-13
5.8871e-13
5.162e-13
6.26e-13
7.1308e-13
8.3665e-13
1.0318e-12
7.6926e-13
5.3464e-13
8.1369e-13
6.2243e-13
7.5886e-13
8.306e-13
7.8951e-13
9.4179e-13
7.6236e-13
5.9245e-13
8.5404e-13
9.306e-13
6.8214e-13
8.1403e-13
1.2661e-12
1.5279e-12
1.0705e-12
1.1898e-12
1.3366e-12
9.6465e-13
9.6448e-13
1.3541e-12
1.2918e-12
1.4427e-12
1.5206e-12
2.2355e-12
2.4733e-12
1.9783e-12
3.9766e-12
4.1576e-12
5.8445e-12
5.1712e-12
4.2768e-12
4.1197e-12
2.7788e-12
2.2731e-12
2.0409e-12
4.0666e-12
2.6952e-12
3.4794e-12
2.6723e-12
3.7477e-12
3.2061e-12
4.8681e-12
8.5714e-12
1.1555e-11
8.0065e-12
1.4651e-11
7.4392e-12
4.8005e-12
1.1196e-12
1.1638e-12
1.0092e-12
8.7644e-13
7.5418e-13
7.256e-13
5.5822e-13
7.6741e-13
4.8253e-13
6.1569e-13
5.2894e-13
6.7293e-13
7.2983e-13
9.2888e-13
1.0308e-12
8.4927e-13
5.6724e-13
8.8669e-13
6.8502e-13
7.7805e-13
9.1697e-13
7.796e-13
1.0201e-12
7.3825e-13
6.4605e-13
8.1848e-13
9.9419e-13
6.4821e-13
9.06e-13
1.1986e-12
1.8671e-12
1.01e-12
1.1979e-12
1.262e-12
1.0312e-12
9.3112e-13
1.4996e-12
1.2478e-12
1.5931e-12
1.4337e-12
2.5049e-12
2.3271e-12
2.1887e-12
3.832e-12
4.3326e-12
6.0637e-12
5.0341e-12
4.7724e-12
3.6135e-12
3.4306e-12
1.8273e-12
2.6409e-12
3.3502e-12
3.2323e-12
3.4279e-12
2.5917e-12
4.8339e-12
2.3911e-12
7.1456e-12
6.3725e-12
1.2022e-11
1.1252e-11
8.2636e-12
7.4626e-12
8.9738e-12
3.8236e-12
1.194e-12
1.241e-12
1.0761e-12
9.3441e-13
8.0347e-13
7.7355e-13
5.9365e-13
8.1751e-13
5.1536e-13
6.5023e-13
5.7031e-13
6.891e-13
7.8519e-13
9.1935e-13
1.1318e-12
8.4379e-13
5.8676e-13
8.8814e-13
6.8367e-13
8.2736e-13
9.124e-13
8.5877e-13
1.0333e-12
8.2615e-13
6.4748e-13
9.2123e-13
1.0091e-12
7.3157e-13
8.7522e-13
1.3472e-12
1.622e-12
1.1378e-12
1.2483e-12
1.4209e-12
1.0072e-12
1.0282e-12
1.4132e-12
1.3779e-12
1.5142e-12
1.6294e-12
2.3563e-12
2.6763e-12
2.0772e-12
4.3817e-12
4.3155e-12
6.5882e-12
5.2831e-12
4.8112e-12
4.1557e-12
3.0952e-12
2.3119e-12
2.1638e-12
4.3146e-12
2.6164e-12
3.9588e-12
2.4338e-12
4.6224e-12
2.9807e-12
5.3571e-12
9.2417e-12
8.7872e-12
1.1418e-11
1.1719e-11
4.3447e-12
9.3124e-12
7.086e-12
4.0343e-12
1.2595e-12
1.3089e-12
1.1347e-12
9.8495e-13
8.4693e-13
8.1392e-13
6.2552e-13
8.5789e-13
5.3936e-13
6.8461e-13
5.8978e-13
7.4337e-13
8.1177e-13
1.0197e-12
1.1445e-12
9.2835e-13
6.2802e-13
9.6942e-13
7.5689e-13
8.5069e-13
1.011e-12
8.5219e-13
1.1205e-12
8.0618e-13
7.0501e-13
8.9098e-13
1.0769e-12
7.0261e-13
9.7138e-13
1.2898e-12
1.9961e-12
1.0844e-12
1.272e-12
1.3553e-12
1.0884e-12
9.9841e-13
1.5868e-12
1.338e-12
1.6986e-12
1.5319e-12
2.7141e-12
2.4712e-12
2.4142e-12
4.0353e-12
4.8298e-12
6.313e-12
5.732e-12
4.8776e-12
4.1339e-12
3.4644e-12
2.0458e-12
2.7008e-12
3.5601e-12
3.4538e-12
3.3536e-12
2.9815e-12
4.5063e-12
2.9516e-12
6.8027e-12
6.9919e-12
1.3072e-11
8.4778e-12
1.1912e-11
5.9934e-12
5.2817e-12
7.2918e-12
7.6853e-12
3.8518e-12
1.3438e-12
1.3965e-12
1.2105e-12
1.0506e-12
9.0278e-13
8.6808e-13
6.658e-13
9.1432e-13
5.7623e-13
7.2403e-13
6.3517e-13
7.6479e-13
8.7166e-13
1.0183e-12
1.2518e-12
9.3262e-13
6.4926e-13
9.771e-13
7.571e-13
9.0876e-13
1.0108e-12
9.4088e-13
1.1444e-12
9.0183e-13
7.1558e-13
1.0013e-12
1.1092e-12
7.9064e-13
9.5686e-13
1.4425e-12
1.7595e-12
1.2167e-12
1.3327e-12
1.5176e-12
1.068e-12
1.1e-12
1.4947e-12
1.4745e-12
1.6088e-12
1.7454e-12
2.518e-12
2.8834e-12
2.2181e-12
4.7888e-12
4.5738e-12
7.3758e-12
5.5136e-12
5.3968e-12
4.2385e-12
3.5111e-12
2.3217e-12
2.4389e-12
4.404e-12
2.8158e-12
4.2103e-12
2.4016e-12
5.2944e-12
2.7298e-12
6.6672e-12
8.5853e-12
9.9563e-12
1.232e-11
8.8461e-12
6.1942e-12
7.459e-12
4.1944e-12
8.0346e-12
7.2211e-12
4.3817e-12
1.4123e-12
1.4675e-12
1.2718e-12
1.1034e-12
9.4816e-13
9.1027e-13
6.9892e-13
9.5645e-13
6.0127e-13
7.5949e-13
6.5594e-13
8.1959e-13
9.0053e-13
1.1174e-12
1.2674e-12
1.013e-12
6.932e-13
1.0581e-12
8.3364e-13
9.2875e-13
1.1115e-12
9.3021e-13
1.2287e-12
8.7973e-13
7.689e-13
9.7025e-13
1.1672e-12
7.6248e-13
1.0422e-12
1.3927e-12
2.1307e-12
1.1672e-12
1.3505e-12
1.4574e-12
1.1432e-12
1.0724e-12
1.6637e-12
1.4406e-12
1.788e-12
1.6469e-12
2.8908e-12
2.649e-12
2.608e-12
4.3017e-12
5.2666e-12
6.6613e-12
6.3871e-12
5.0576e-12
4.6737e-12
3.5039e-12
2.3196e-12
2.6992e-12
3.993e-12
3.5041e-12
3.564e-12
3.167e-12
4.4469e-12
3.3614e-12
6.3114e-12
8.6288e-12
1.2276e-11
9.3261e-12
1.2853e-11
4.5072e-12
7.5689e-12
5.8355e-12
4.5688e-12
7.468e-12
8.3038e-12
3.2718e-12
1.506e-12
1.5648e-12
1.356e-12
1.1763e-12
1.0102e-12
9.7028e-13
7.4378e-13
1.0188e-12
6.4193e-13
8.0349e-13
7.05e-13
8.4601e-13
9.6455e-13
1.124e-12
1.3803e-12
1.027e-12
7.1608e-13
1.0713e-12
8.3553e-13
9.9435e-13
1.1161e-12
1.0267e-12
1.2639e-12
9.8064e-13
7.8956e-13
1.0846e-12
1.2194e-12
8.5175e-13
1.0492e-12
1.5384e-12
1.9226e-12
1.2959e-12
1.4305e-12
1.6128e-12
1.137e-12
1.1699e-12
1.5845e-12
1.5688e-12
1.7101e-12
1.853e-12
2.6926e-12
3.0675e-12
2.3766e-12
5.1449e-12
4.8877e-12
8.0849e-12
5.8387e-12
5.9215e-12
4.3898e-12
3.9124e-12
2.3349e-12
2.751e-12
4.3978e-12
3.1674e-12
4.2578e-12
2.5986e-12
5.5857e-12
2.7079e-12
7.5808e-12
7.7622e-12
1.2207e-11
1.1326e-11
9.9227e-12
6.5688e-12
5.589e-12
5.9551e-12
6.3572e-12
4.281e-12
8.7451e-12
6.2104e-12
3.9501e-12
1.5867e-12
1.6485e-12
1.4283e-12
1.2386e-12
1.0637e-12
1.0202e-12
7.8272e-13
1.0689e-12
6.7192e-13
8.4493e-13
7.3135e-13
9.0649e-13
1.0015e-12
1.2287e-12
1.4071e-12
1.1093e-12
7.6685e-13
1.1589e-12
9.2006e-13
1.0175e-12
1.2248e-12
1.019e-12
1.3518e-12
9.6376e-13
8.4217e-13
1.0616e-12
1.2721e-12
8.3183e-13
1.1251e-12
1.5148e-12
2.2845e-12
1.2644e-12
1.443e-12
1.5755e-12
1.2044e-12
1.1581e-12
1.7427e-12
1.5614e-12
1.8745e-12
1.7847e-12
3.0539e-12
2.8695e-12
2.7845e-12
4.6483e-12
5.6644e-12
7.1381e-12
6.9956e-12
5.3747e-12
5.1982e-12
3.6297e-12
2.6045e-12
2.7193e-12
4.5207e-12
3.491e-12
3.9813e-12
3.2111e-12
4.7739e-12
3.5534e-12
6.296e-12
9.8214e-12
1.1372e-11
1.1445e-11
1.2044e-11
5.0331e-12
8.1038e-12
4.3425e-12
6.5441e-12
5.953e-12
5.0107e-12
6.4535e-12
7.3659e-12
3.7808e-12
1.6936e-12
1.7595e-12
1.5244e-12
1.3218e-12
1.1345e-12
1.0886e-12
8.3401e-13
1.1398e-12
7.1797e-13
8.9552e-13
7.8582e-13
9.3997e-13
1.072e-12
1.2459e-12
1.5289e-12
1.1356e-12
7.932e-13
1.1798e-12
9.2592e-13
1.0924e-12
1.2372e-12
1.1247e-12
1.402e-12
1.0707e-12
8.7553e-13
1.18e-12
1.3493e-12
9.2205e-13
1.1599e-12
1.6485e-12
2.1255e-12
1.3868e-12
1.5533e-12
1.7211e-12
1.2238e-12
1.2486e-12
1.6961e-12
1.6753e-12
1.8315e-12
1.9702e-12
2.8988e-12
3.2577e-12
2.5673e-12
5.4947e-12
5.2859e-12
8.7622e-12
6.3037e-12
6.4084e-12
4.6791e-12
4.2928e-12
2.4165e-12
3.0632e-12
4.4447e-12
3.5771e-12
4.2504e-12
2.9416e-12
5.6381e-12
2.9764e-12
7.9926e-12
7.7314e-12
1.3763e-11
1.0259e-11
1.2249e-11
6.0199e-12
6.3204e-12
6.286e-12
4.8025e-12
6.0995e-12
6.8867e-12
3.7127e-12
7.9274e-12
7.2387e-12
4.8501e-12
1.7889e-12
1.8583e-12
1.6097e-12
1.3954e-12
1.1977e-12
1.1477e-12
8.7987e-13
1.1993e-12
7.5385e-13
9.4403e-13
8.1873e-13
1.0073e-12
1.1184e-12
1.3577e-12
1.5686e-12
1.2208e-12
8.5159e-13
1.2757e-12
1.0192e-12
1.1202e-12
1.3549e-12
1.1216e-12
1.494e-12
1.0612e-12
9.2748e-13
1.1679e-12
1.3956e-12
9.1297e-13
1.2241e-12
1.66e-12
2.4656e-12
1.3792e-12
1.5554e-12
1.7131e-12
1.2772e-12
1.2579e-12
1.8321e-12
1.7026e-12
1.967e-12
1.9468e-12
3.2166e-12
3.1335e-12
2.9541e-12
5.0729e-12
6.0422e-12
7.737e-12
7.5668e-12
5.8395e-12
5.6968e-12
3.8813e-12
2.8804e-12
2.8202e-12
5.0546e-12
3.5153e-12
4.4816e-12
3.2051e-12
5.3488e-12
3.5992e-12
6.8583e-12
1.0383e-11
1.1454e-11
1.2966e-11
1.1283e-11
6.1773e-12
7.565e-12
4.8849e-12
6.9534e-12
4.4372e-12
7.1958e-12
5.1259e-12
4.5057e-12
7.5584e-12
9.135e-12
3.3528e-12
1.8993e-12
1.973e-12
1.7089e-12
1.4812e-12
1.2708e-12
1.2181e-12
9.3282e-13
1.2722e-12
8.0115e-13
9.9604e-13
8.7409e-13
1.0424e-12
1.1892e-12
1.3783e-12
1.6904e-12
1.2529e-12
8.7688e-13
1.297e-12
1.0238e-12
1.1975e-12
1.3683e-12
1.2293e-12
1.5512e-12
1.1665e-12
9.6889e-13
1.2816e-12
1.491e-12
9.9703e-13
1.2825e-12
1.7651e-12
2.3554e-12
1.4832e-12
1.6925e-12
1.8348e-12
1.3221e-12
1.3306e-12
1.8206e-12
1.7871e-12
1.9628e-12
2.0892e-12
3.1173e-12
3.4423e-12
2.7708e-12
5.8169e-12
5.7234e-12
9.362e-12
6.8519e-12
6.8228e-12
5.0767e-12
4.6185e-12
2.5754e-12
3.3361e-12
4.6022e-12
3.9554e-12
4.2782e-12
3.3046e-12
5.5805e-12
3.3798e-12
8.0142e-12
8.559e-12
1.4374e-11
1.0252e-11
1.3772e-11
5.4947e-12
7.7792e-12
5.7035e-12
5.4426e-12
6.368e-12
5.214e-12
5.2961e-12
6.1473e-12
4.3531e-12
9.8487e-12
6.4431e-12
5.9596e-12
2.0096e-12
2.0872e-12
1.8076e-12
1.5664e-12
1.3438e-12
1.2867e-12
9.8581e-13
1.3413e-12
8.4307e-13
1.0517e-12
9.1371e-13
1.1165e-12
1.245e-12
1.4969e-12
1.7434e-12
1.3409e-12
9.427e-13
1.4012e-12
1.1253e-12
1.2306e-12
1.494e-12
1.2316e-12
1.6467e-12
1.1656e-12
1.0195e-12
1.2823e-12
1.5299e-12
1.0002e-12
1.3324e-12
1.818e-12
2.6606e-12
1.5028e-12
1.6797e-12
1.859e-12
1.3561e-12
1.3633e-12
1.9243e-12
1.8517e-12
2.0577e-12
2.1179e-12
3.3653e-12
3.414e-12
3.1034e-12
5.5279e-12
6.3728e-12
8.3776e-12
8.058e-12
6.391e-12
6.129e-12
4.2312e-12
3.1191e-12
3.0108e-12
5.5177e-12
3.6278e-12
4.9495e-12
3.2156e-12
5.9636e-12
3.5772e-12
7.6946e-12
1.0446e-11
1.2537e-11
1.3582e-11
1.1537e-11
6.9117e-12
7.0745e-12
6.0375e-12
6.3818e-12
5.0176e-12
7.5353e-12
3.8139e-12
6.4461e-12
5.9402e-12
5.6038e-12
6.7478e-12
1.1212e-11
6.2007e-12
2.1128e-12
2.1944e-12
1.9003e-12
1.6465e-12
1.412e-12
1.3523e-12
1.0351e-12
1.409e-12
8.8706e-13
1.0996e-12
9.65e-13
1.1474e-12
1.3096e-12
1.5135e-12
1.8556e-12
1.372e-12
9.6224e-13
1.4155e-12
1.1233e-12
1.303e-12
1.5011e-12
1.3337e-12
1.7026e-12
1.2617e-12
1.0636e-12
1.3825e-12
1.6356e-12
1.0713e-12
1.4083e-12
1.8794e-12
2.5959e-12
1.5777e-12
1.8373e-12
1.9451e-12
1.4239e-12
1.4096e-12
1.9477e-12
1.8957e-12
2.0924e-12
2.2017e-12
3.3276e-12
3.609e-12
2.9663e-12
6.0904e-12
6.1498e-12
9.8442e-12
7.4124e-12
7.1385e-12
5.5262e-12
4.8683e-12
2.7923e-12
3.5471e-12
4.8795e-12
4.254e-12
4.4001e-12
3.6065e-12
5.5467e-12
3.7655e-12
7.8478e-12
9.7344e-12
1.4294e-11
1.1335e-11
1.4218e-11
5.5757e-12
8.6464e-12
5.1736e-12
6.5965e-12
5.687e-12
5.9025e-12
5.4465e-12
4.585e-12
6.1682e-12
7.5021e-12
3.8869e-12
1.2022e-11
1.2376e-11
9.1248e-12
2.2474e-12
2.3341e-12
2.021e-12
1.7507e-12
1.5013e-12
1.4363e-12
1.0998e-12
1.494e-12
9.39e-13
1.1673e-12
1.0156e-12
1.2333e-12
1.3806e-12
1.6452e-12
1.93e-12
1.4684e-12
1.0394e-12
1.5343e-12
1.2373e-12
1.3474e-12
1.6406e-12
1.3479e-12
1.8085e-12
1.2759e-12
1.1172e-12
1.4032e-12
1.6734e-12
1.0925e-12
1.4488e-12
1.9859e-12
2.8681e-12
1.6331e-12
1.8153e-12
2.0106e-12
1.4417e-12
1.4723e-12
2.0217e-12
2.0051e-12
2.15e-12
2.293e-12
3.505e-12
3.7007e-12
3.2363e-12
5.9924e-12
6.6654e-12
9.0219e-12
8.4746e-12
6.9877e-12
6.494e-12
4.6502e-12
3.3178e-12
3.2834e-12
5.892e-12
3.8615e-12
5.3429e-12
3.3078e-12
6.5065e-12
3.5872e-12
8.5341e-12
1.0318e-11
1.4057e-11
1.3584e-11
1.2727e-11
7.1434e-12
7.2828e-12
6.7672e-12
5.8862e-12
6.1839e-12
6.7841e-12
4.3367e-12
6.6656e-12
4.425e-12
7.9837e-12
5.2398e-12
6.8806e-12
1.2807e-11
1.7222e-11
4.7382e-12
2.3869e-12
2.4789e-12
2.1462e-12
1.859e-12
1.5935e-12
1.5249e-12
1.1668e-12
1.5855e-12
9.9791e-13
1.2336e-12
1.0827e-12
1.2838e-12
1.4657e-12
1.6892e-12
2.0706e-12
1.5269e-12
1.0731e-12
1.5707e-12
1.2522e-12
1.441e-12
1.6729e-12
1.4706e-12
1.8979e-12
1.3873e-12
1.1857e-12
1.5165e-12
1.8222e-12
1.1713e-12
1.5713e-12
2.0386e-12
2.9081e-12
1.7097e-12
2.0319e-12
2.1009e-12
1.5635e-12
1.5209e-12
2.1247e-12
2.0484e-12
2.2707e-12
2.3636e-12
3.6085e-12
3.8512e-12
3.2221e-12
6.4748e-12
6.7007e-12
1.0465e-11
8.136e-12
7.5473e-12
6.128e-12
5.1728e-12
3.1149e-12
3.7902e-12
5.3792e-12
4.5766e-12
4.7525e-12
3.9172e-12
5.7854e-12
4.159e-12
7.9197e-12
1.1076e-11
1.43e-11
1.312e-11
1.4282e-11
6.3322e-12
9.0275e-12
5.3987e-12
7.3822e-12
5.2469e-12
7.2282e-12
4.8971e-12
5.3371e-12
6.3948e-12
5.6859e-12
5.5953e-12
9.2609e-12
7.7504e-12
1.8491e-11
9.1897e-12
8.1894e-12
2.5463e-12
2.6442e-12
2.289e-12
1.9823e-12
1.6992e-12
1.6246e-12
1.2434e-12
1.6864e-12
1.0599e-12
1.3134e-12
1.1442e-12
1.3816e-12
1.5516e-12
1.8343e-12
2.1655e-12
1.6315e-12
1.1615e-12
1.7042e-12
1.3787e-12
1.4963e-12
1.826e-12
1.4959e-12
2.0134e-12
1.416e-12
1.2416e-12
1.5568e-12
1.8576e-12
1.21e-12
1.601e-12
2.2006e-12
3.1425e-12
1.8003e-12
1.9967e-12
2.205e-12
1.5625e-12
1.6117e-12
2.1653e-12
2.1986e-12
2.2882e-12
2.5124e-12
3.7082e-12
4.0574e-12
3.4193e-12
6.5662e-12
7.0583e-12
9.815e-12
8.9894e-12
7.7286e-12
6.9229e-12
5.1945e-12
3.5435e-12
3.6762e-12
6.2938e-12
4.2795e-12
5.7553e-12
3.5721e-12
7.0622e-12
3.7641e-12
9.3939e-12
1.0483e-11
1.5783e-11
1.3643e-11
1.4464e-11
7.1926e-12
8.2107e-12
7.102e-12
6.1553e-12
7.0053e-12
6.2613e-12
5.4078e-12
6.0292e-12
5.1405e-12
8.3023e-12
3.9921e-12
9.9649e-12
9.9974e-12
1.0854e-11
9.7746e-12
1.6846e-11
4.371e-12
2.6995e-12
2.8032e-12
2.4265e-12
2.1012e-12
1.8005e-12
1.7218e-12
1.3169e-12
1.7866e-12
1.1242e-12
1.3863e-12
1.2166e-12
1.4389e-12
1.6433e-12
1.8886e-12
2.3149e-12
1.7023e-12
1.1989e-12
1.7464e-12
1.3979e-12
1.5968e-12
1.8664e-12
1.6247e-12
2.1174e-12
1.5287e-12
1.3227e-12
1.6675e-12
2.0317e-12
1.2845e-12
1.7544e-12
2.2209e-12
3.2604e-12
1.8608e-12
2.2535e-12
2.2792e-12
1.7233e-12
1.648e-12
2.3276e-12
2.2228e-12
2.4721e-12
2.5495e-12
3.918e-12
4.1286e-12
3.4995e-12
6.9035e-12
7.291e-12
1.112e-11
8.9099e-12
7.9782e-12
6.7862e-12
5.4859e-12
3.4864e-12
4.0332e-12
6.0012e-12
4.8836e-12
5.2595e-12
4.1973e-12
6.264e-12
4.4983e-12
8.2828e-12
1.2263e-11
1.4566e-11
1.492e-11
1.4233e-11
7.3068e-12
9.0415e-12
6.1946e-12
7.6609e-12
5.5473e-12
8.0392e-12
4.5145e-12
6.5739e-12
5.7097e-12
6.6813e-12
5.7582e-12
7.0275e-12
1.1115e-11
1.4313e-11
5.8276e-12
1.8031e-11
8.4575e-12
4.9852e-12
2.8632e-12
2.973e-12
2.5733e-12
2.2278e-12
1.909e-12
1.824e-12
1.3953e-12
1.8899e-12
1.1877e-12
1.4674e-12
1.2798e-12
1.5373e-12
1.7316e-12
2.0321e-12
2.4129e-12
1.8017e-12
1.289e-12
1.8811e-12
1.5256e-12
1.651e-12
2.0179e-12
1.6492e-12
2.2261e-12
1.5609e-12
1.3707e-12
1.7154e-12
2.0496e-12
1.331e-12
1.7603e-12
2.4221e-12
3.4273e-12
1.9715e-12
2.1882e-12
2.4019e-12
1.691e-12
1.7521e-12
2.3178e-12
2.3914e-12
2.4335e-12
2.7291e-12
3.9126e-12
4.4068e-12
3.5954e-12
7.1218e-12
7.4347e-12
1.0564e-11
9.4523e-12
8.4501e-12
7.3003e-12
5.7436e-12
3.7386e-12
4.0961e-12
6.6234e-12
4.7711e-12
6.0923e-12
3.9319e-12
7.5042e-12
4.059e-12
1.0063e-11
1.0935e-11
1.7186e-11
1.3872e-11
1.6015e-11
7.1643e-12
9.2739e-12
7.0845e-12
6.9455e-12
7.27e-12
6.5065e-12
6.0522e-12
5.5193e-12
6.3388e-12
7.3895e-12
4.6365e-12
1.0207e-11
7.7918e-12
1.5638e-11
7.5309e-12
1.0619e-11
9.0535e-12
1.0097e-11
5.2746e-12
3.0473e-12
3.1641e-12
2.7385e-12
2.3706e-12
2.0308e-12
1.9406e-12
1.4837e-12
2.01e-12
1.2645e-12
1.5557e-12
1.3653e-12
1.6108e-12
1.8402e-12
2.109e-12
2.585e-12
1.8956e-12
1.3377e-12
1.9402e-12
1.5583e-12
1.7676e-12
2.0787e-12
1.7932e-12
2.3576e-12
1.6832e-12
1.4721e-12
1.8328e-12
2.2598e-12
1.4087e-12
1.9538e-12
2.4229e-12
3.6446e-12
2.028e-12
2.4969e-12
2.4766e-12
1.8994e-12
1.788e-12
2.5513e-12
2.4144e-12
2.6913e-12
2.7552e-12
4.2473e-12
4.4364e-12
3.7897e-12
7.3711e-12
7.899e-12
1.1805e-11
9.6989e-12
8.4331e-12
7.4622e-12
5.8112e-12
3.8784e-12
4.2811e-12
6.6874e-12
5.1825e-12
5.866e-12
4.4536e-12
6.9381e-12
4.7824e-12
8.9688e-12
1.3208e-11
1.5269e-11
1.6434e-11
1.4458e-11
8.2063e-12
8.9737e-12
7.1441e-12
7.6306e-12
6.4085e-12
8.2776e-12
4.8103e-12
7.2902e-12
5.2506e-12
8.1995e-12
5.0883e-12
8.2929e-12
1.133e-11
1.098e-11
8.3524e-12
1.3802e-11
5.4215e-12
1.092e-11
1.0423e-11
7.185e-12
3.2325e-12
3.3562e-12
2.9044e-12
2.5139e-12
2.1533e-12
2.0563e-12
1.5724e-12
2.127e-12
1.3366e-12
1.647e-12
1.4378e-12
1.719e-12
1.9411e-12
2.2629e-12
2.7005e-12
2.0004e-12
1.4369e-12
2.087e-12
1.6956e-12
1.8309e-12
2.2399e-12
1.8271e-12
2.4724e-12
1.7286e-12
1.5205e-12
1.8987e-12
2.2729e-12
1.4709e-12
1.9469e-12
2.6778e-12
3.7629e-12
2.1693e-12
2.4149e-12
2.629e-12
1.8477e-12
1.9134e-12
2.5088e-12
2.6102e-12
2.6182e-12
2.9734e-12
4.1712e-12
4.7972e-12
3.8134e-12
7.7369e-12
7.897e-12
1.1385e-11
9.9937e-12
9.2313e-12
7.7259e-12
6.3411e-12
3.956e-12
4.5648e-12
6.9804e-12
5.3514e-12
6.4446e-12
4.4001e-12
7.9426e-12
4.4975e-12
1.0672e-11
1.1857e-11
1.8403e-11
1.4659e-11
1.7352e-11
7.3565e-12
1.0274e-11
7.0428e-12
7.9224e-12
7.2535e-12
7.436e-12
6.276e-12
5.8122e-12
7.0851e-12
6.7744e-12
5.7015e-12
9.0158e-12
9.012e-12
1.5894e-11
5.8523e-12
1.5197e-11
6.9405e-12
6.4459e-12
1.1142e-11
1.4621e-11
5.3652e-12
3.4515e-12
3.5834e-12
3.1009e-12
2.6837e-12
2.2983e-12
2.1949e-12
1.6776e-12
2.2696e-12
1.4275e-12
1.7526e-12
1.538e-12
1.8103e-12
2.0688e-12
2.3646e-12
2.8986e-12
2.1193e-12
1.4985e-12
2.1648e-12
1.7436e-12
1.9651e-12
2.3231e-12
1.9878e-12
2.6335e-12
1.8616e-12
1.6432e-12
2.0238e-12
2.5205e-12
1.5528e-12
2.1811e-12
2.6608e-12
4.0819e-12
2.2244e-12
2.7765e-12
2.709e-12
2.1031e-12
1.9524e-12
2.8113e-12
2.6383e-12
2.9448e-12
2.9983e-12
4.6223e-12
4.8041e-12
4.1154e-12
7.9296e-12
8.5694e-12
1.261e-11
1.0551e-11
8.9817e-12
8.1835e-12
6.1979e-12
4.298e-12
4.5721e-12
7.4394e-12
5.5235e-12
6.5606e-12
4.733e-12
7.784e-12
5.0625e-12
9.9772e-12
1.4007e-11
1.652e-11
1.7687e-11
1.5285e-11
8.9678e-12
9.1536e-12
8.0252e-12
7.6127e-12
7.425e-12
8.2491e-12
5.6251e-12
7.5057e-12
5.6657e-12
9.0811e-12
4.6956e-12
1.022e-11
9.9803e-12
1.2882e-11
8.4536e-12
1.0682e-11
7.7557e-12
8.3275e-12
6.7424e-12
1.5759e-11
1.0773e-11
6.2892e-12
3.672e-12
3.8122e-12
3.2986e-12
2.8543e-12
2.4442e-12
2.3328e-12
1.7831e-12
2.4093e-12
1.5138e-12
1.8609e-12
1.6258e-12
1.9355e-12
2.1904e-12
2.5383e-12
3.0425e-12
2.2377e-12
1.6126e-12
2.3326e-12
1.8974e-12
2.0448e-12
2.5031e-12
2.0384e-12
2.7644e-12
1.9273e-12
1.6982e-12
2.1157e-12
2.5382e-12
1.6363e-12
2.17e-12
2.9796e-12
4.1661e-12
2.4033e-12
2.6876e-12
2.8978e-12
2.0411e-12
2.1041e-12
2.7505e-12
2.866e-12
2.8552e-12
3.2574e-12
4.5063e-12
5.2477e-12
4.0944e-12
8.4415e-12
8.4883e-12
1.2325e-11
1.0669e-11
1.0101e-11
8.2425e-12
6.9996e-12
4.2196e-12
5.0844e-12
7.4131e-12
6.0117e-12
6.8581e-12
4.9609e-12
8.4398e-12
5.0589e-12
1.1304e-11
1.3226e-11
1.955e-11
1.6078e-11
1.8529e-11
7.8949e-12
1.1136e-11
7.2163e-12
8.8523e-12
7.234e-12
8.5917e-12
6.2778e-12
6.7313e-12
7.364e-12
7.2344e-12
6.3677e-12
8.2673e-12
1.089e-11
1.3891e-11
6.9244e-12
1.5483e-11
5.4393e-12
9.2568e-12
8.5225e-12
9.4832e-12
1.158e-11
1.2858e-11
7.6072e-12
3.9076e-12
4.0567e-12
3.51e-12
3.037e-12
2.6001e-12
2.4817e-12
1.8962e-12
2.5623e-12
1.6112e-12
1.9743e-12
1.7325e-12
2.035e-12
2.326e-12
2.6517e-12
3.2509e-12
2.3701e-12
1.6788e-12
2.4167e-12
1.9508e-12
2.1857e-12
2.5956e-12
2.2048e-12
2.9399e-12
2.0604e-12
1.8326e-12
2.2369e-12
2.8082e-12
1.7138e-12
2.4315e-12
2.9299e-12
4.5624e-12
2.4457e-12
3.0857e-12
2.971e-12
2.3291e-12
2.1371e-12
3.1009e-12
2.8881e-12
3.226e-12
3.272e-12
5.0325e-12
5.2215e-12
4.4671e-12
8.5646e-12
9.2821e-12
1.352e-11
1.1436e-11
9.6162e-12
8.9198e-12
6.6413e-12
4.7236e-12
4.9046e-12
8.2121e-12
5.9083e-12
7.2901e-12
5.0431e-12
8.7173e-12
5.353e-12
1.1185e-11
1.4687e-11
1.8156e-11
1.867e-11
1.6694e-11
9.5646e-12
9.7087e-12
8.7226e-12
7.8177e-12
8.3127e-12
8.2417e-12
6.5318e-12
7.4445e-12
6.6668e-12
9.3051e-12
5.1153e-12
1.1303e-11
9.2059e-12
1.5685e-11
7.3878e-12
1.2566e-11
7.7765e-12
6.4434e-12
9.6244e-12
1.1929e-11
7.0396e-12
1.3769e-11
1.5258e-11
7.3277e-12
4.1522e-12
4.3103e-12
3.729e-12
3.2261e-12
2.7618e-12
2.6346e-12
2.0131e-12
2.7171e-12
1.7071e-12
2.0938e-12
1.8305e-12
2.1709e-12
2.4613e-12
2.837e-12
3.4136e-12
2.4947e-12
1.8024e-12
2.5978e-12
2.1146e-12
2.2755e-12
2.7857e-12
2.2655e-12
3.0779e-12
2.1403e-12
1.8888e-12
2.3476e-12
2.8231e-12
1.8128e-12
2.4102e-12
3.3006e-12
4.5995e-12
2.6517e-12
2.9818e-12
3.1823e-12
2.2527e-12
2.3051e-12
3.0188e-12
3.1326e-12
3.1199e-12
3.5511e-12
4.88e-12
5.7096e-12
4.4049e-12
9.1579e-12
9.1392e-12
1.3279e-11
1.1393e-11
1.0961e-11
8.785e-12
7.645e-12
4.4972e-12
5.5953e-12
7.8715e-12
6.6725e-12
7.2876e-12
5.5396e-12
8.9467e-12
5.657e-12
1.1907e-11
1.4798e-11
2.0539e-11
1.7855e-11
1.9452e-11
8.688e-12
1.176e-11
7.6589e-12
9.5524e-12
7.3721e-12
9.5869e-12
6.2255e-12
7.7472e-12
7.3243e-12
8.4012e-12
6.5601e-12
8.8707e-12
1.1967e-11
1.2582e-11
8.3958e-12
1.3558e-11
6.4898e-12
9.3231e-12
6.7031e-12
1.352e-11
8.7392e-12
8.4072e-12
1.6449e-11
1.4806e-11
7.6607e-12
4.4203e-12
4.5885e-12
3.9696e-12
3.434e-12
2.9392e-12
2.8039e-12
2.1418e-12
2.8908e-12
1.8175e-12
2.2231e-12
1.9508e-12
2.2867e-12
2.6143e-12
2.9729e-12
3.6452e-12
2.65e-12
1.8802e-12
2.698e-12
2.1816e-12
2.4313e-12
2.898e-12
2.4457e-12
3.2791e-12
2.2811e-12
2.0414e-12
2.4733e-12
3.1245e-12
1.893e-12
2.7056e-12
3.2324e-12
5.0867e-12
2.6935e-12
3.4249e-12
3.2644e-12
2.5781e-12
2.3431e-12
3.4209e-12
3.1646e-12
3.5361e-12
3.5773e-12
5.4807e-12
5.6908e-12
4.8474e-12
9.2825e-12
1.0042e-11
1.4554e-11
1.2358e-11
1.0351e-11
9.6675e-12
7.1513e-12
5.1488e-12
5.286e-12
8.9882e-12
6.3498e-12
8.0296e-12
5.401e-12
9.6863e-12
5.682e-12
1.2498e-11
1.5338e-11
2.0019e-11
1.9486e-11
1.8545e-11
1.0051e-11
1.0642e-11
9.2462e-12
8.3557e-12
8.9847e-12
8.5056e-12
7.2953e-12
7.4028e-12
7.7396e-12
9.2004e-12
6.0497e-12
1.1558e-11
1.0081e-11
1.7243e-11
6.8589e-12
1.519e-11
6.7581e-12
7.6949e-12
9.5945e-12
9.3555e-12
1e-11
1.0333e-11
1.0076e-11
1.6029e-11
1.5348e-11
1.0598e-11
4.7012e-12
4.8799e-12
4.2213e-12
3.6512e-12
3.125e-12
2.9796e-12
2.276e-12
3.0688e-12
1.9279e-12
2.3599e-12
2.0643e-12
2.4396e-12
2.7704e-12
3.1778e-12
3.8365e-12
2.7881e-12
2.0184e-12
2.8998e-12
2.3611e-12
2.5376e-12
3.1059e-12
2.5233e-12
3.4331e-12
2.3813e-12
2.1045e-12
2.6094e-12
3.1455e-12
2.0119e-12
2.6826e-12
3.6615e-12
5.0918e-12
2.9312e-12
3.3157e-12
3.5029e-12
2.4966e-12
2.531e-12
3.3329e-12
3.4296e-12
3.4327e-12
3.8768e-12
5.3262e-12
6.2189e-12
4.7762e-12
9.9452e-12
9.9132e-12
1.4339e-11
1.225e-11
1.1879e-11
9.4182e-12
8.3185e-12
4.8228e-12
6.1232e-12
8.4213e-12
7.3564e-12
7.7943e-12
6.1474e-12
9.5455e-12
6.2939e-12
1.2607e-11
1.6542e-11
2.1617e-11
1.9932e-11
2.0375e-11
9.6994e-12
1.2288e-11
8.423e-12
1.009e-11
7.846e-12
1.0369e-11
6.3659e-12
8.6278e-12
7.2908e-12
9.7011e-12
6.5324e-12
1.0431e-11
1.2363e-11
1.3724e-11
9.2268e-12
1.2518e-11
7.875e-12
8.1302e-12
8.0741e-12
1.3535e-11
6.9464e-12
1.1951e-11
1.2331e-11
9.8482e-12
1.6721e-11
2.1131e-11
1.1905e-11
4.9923e-12
5.1819e-12
4.4823e-12
3.8767e-12
3.3174e-12
3.1631e-12
2.4155e-12
3.257e-12
2.0472e-12
2.5002e-12
2.1937e-12
2.5667e-12
2.9349e-12
3.3296e-12
4.0831e-12
2.9602e-12
2.1035e-12
3.0099e-12
2.4367e-12
2.7025e-12
3.2312e-12
2.7114e-12
3.6516e-12
2.5243e-12
2.2698e-12
2.7339e-12
3.4691e-12
2.0905e-12
3.0033e-12
3.5696e-12
5.6536e-12
2.9682e-12
3.7934e-12
3.5893e-12
2.8492e-12
2.5704e-12
3.7707e-12
3.4673e-12
3.8752e-12
3.9133e-12
5.9675e-12
6.2111e-12
5.2573e-12
1.0083e-11
1.0853e-11
1.5722e-11
1.3318e-11
1.1192e-11
1.0424e-11
7.7308e-12
5.5686e-12
5.718e-12
9.7553e-12
6.8525e-12
8.7598e-12
5.8152e-12
1.0652e-11
6.0691e-12
1.3837e-11
1.6052e-11
2.1966e-11
2.026e-11
2.064e-11
1.0505e-11
1.1844e-11
9.6569e-12
9.1953e-12
9.4595e-12
9.1312e-12
7.8415e-12
7.6127e-12
8.6047e-12
9.1441e-12
7.0083e-12
1.1401e-11
1.193e-11
1.7621e-11
7.6042e-12
1.6574e-11
6.3166e-12
9.3096e-12
8.2959e-12
1.1253e-11
9.8969e-12
8.2026e-12
1.4247e-11
1.194e-11
1.0278e-11
2.3122e-11
2.3126e-11
1.4965e-11
5.3281e-12
5.5302e-12
4.7833e-12
4.1365e-12
3.5395e-12
3.3734e-12
2.576e-12
3.4702e-12
2.1798e-12
2.6634e-12
2.3309e-12
2.746e-12
3.1226e-12
3.5663e-12
4.3179e-12
3.1223e-12
2.2637e-12
3.2432e-12
2.6404e-12
2.8352e-12
3.4683e-12
2.8154e-12
3.8346e-12
2.6538e-12
2.348e-12
2.9047e-12
3.5092e-12
2.2362e-12
2.9904e-12
4.0664e-12
5.649e-12
3.2452e-12
3.6924e-12
3.8635e-12
2.7753e-12
2.7849e-12
3.6961e-12
3.7607e-12
3.7967e-12
4.2389e-12
5.8508e-12
6.7826e-12
5.2149e-12
1.0816e-11
1.0821e-11
1.5534e-11
1.3259e-11
1.2867e-11
1.0157e-11
9.0252e-12
5.2039e-12
6.6683e-12
9.0791e-12
8.0591e-12
8.3936e-12
6.7754e-12
1.026e-11
6.954e-12
1.3455e-11
1.8383e-11
2.2911e-11
2.2181e-11
2.1456e-11
1.0838e-11
1.2829e-11
9.4362e-12
1.0536e-11
8.6597e-12
1.0959e-11
6.8072e-12
9.2937e-12
7.4992e-12
1.0796e-11
6.5366e-12
1.2113e-11
1.2479e-11
1.6403e-11
9.4745e-12
1.3743e-11
8.6107e-12
7.5377e-12
9.7589e-12
1.1739e-11
8.434e-12
1.1881e-11
9.8807e-12
1.3927e-11
1.2439e-11
1.4346e-11
2.6123e-11
2.909e-11
2.2068e-11
5.7109e-12
5.9274e-12
5.1266e-12
4.4331e-12
3.7926e-12
3.6147e-12
2.7597e-12
3.7176e-12
2.3363e-12
2.8489e-12
2.4995e-12
2.9195e-12
3.3388e-12
3.7793e-12
4.6351e-12
3.3514e-12
2.3848e-12
3.4039e-12
2.7578e-12
3.0455e-12
3.6501e-12
3.0477e-12
4.1191e-12
2.8326e-12
2.5557e-12
3.0644e-12
3.8999e-12
2.3416e-12
3.374e-12
4.0016e-12
6.3559e-12
3.3193e-12
4.2531e-12
4.0055e-12
3.1892e-12
2.8615e-12
4.2122e-12
3.8527e-12
4.307e-12
4.3435e-12
6.5914e-12
6.883e-12
5.7841e-12
1.113e-11
1.1896e-11
1.7285e-11
1.4538e-11
1.2325e-11
1.1358e-11
8.5052e-12
6.0711e-12
6.2923e-12
1.0666e-11
7.5268e-12
9.6133e-12
6.3821e-12
1.1764e-11
6.6236e-12
1.5378e-11
1.7166e-11
2.4261e-11
2.1445e-11
2.3155e-11
1.1179e-11
1.3381e-11
1.0196e-11
1.038e-11
9.9611e-12
1.0209e-11
8.3194e-12
8.278e-12
9.3232e-12
9.5599e-12
7.8597e-12
1.1474e-11
1.3965e-11
1.7724e-11
9.138e-12
1.7095e-11
7.1714e-12
1.0237e-11
7.8758e-12
1.3688e-11
8.645e-12
1.0067e-11
1.4193e-11
9.625e-12
1.4623e-11
1.7329e-11
1.621e-11
3.2679e-11
3.8542e-11
1.4906e-11
6.0171e-12
6.245e-12
5.4009e-12
4.6698e-12
3.9949e-12
3.8059e-12
2.9055e-12
3.9108e-12
2.4563e-12
2.9962e-12
2.6232e-12
3.0816e-12
3.5082e-12
3.9912e-12
4.8442e-12
3.4877e-12
2.5311e-12
3.6175e-12
2.9441e-12
3.1589e-12
3.8613e-12
3.1325e-12
4.2697e-12
2.9486e-12
2.6113e-12
3.2233e-12
3.9018e-12
2.4779e-12
3.3227e-12
4.5006e-12
6.2502e-12
3.582e-12
4.0982e-12
4.2509e-12
3.078e-12
3.057e-12
4.0942e-12
4.1127e-12
4.1972e-12
4.6222e-12
6.4318e-12
7.3769e-12
5.702e-12
1.1733e-11
1.1823e-11
1.6822e-11
1.4375e-11
1.3883e-11
1.0967e-11
9.7314e-12
5.6221e-12
7.2033e-12
9.8147e-12
8.7434e-12
9.0563e-12
7.3887e-12
1.1057e-11
7.5977e-12
1.4425e-11
2.0194e-11
2.4416e-11
2.4416e-11
2.2728e-11
1.1985e-11
1.3435e-11
1.0561e-11
1.0943e-11
9.6893e-12
1.1392e-11
7.5095e-12
9.7348e-12
8.0234e-12
1.1546e-11
6.7407e-12
1.3422e-11
1.2648e-11
1.9073e-11
9.4377e-12
1.6206e-11
8.7441e-12
8.3166e-12
1.056e-11
1.0871e-11
1.0103e-11
1.0215e-11
1.2031e-11
1.3671e-11
9.9748e-12
2.0035e-11
1.9146e-11
2.0232e-11
4.7243e-11
2.9081e-11
1.7284e-11
6.4194e-12
6.6623e-12
5.7615e-12
4.9812e-12
4.2608e-12
4.0591e-12
3.0983e-12
4.1702e-12
2.6202e-12
3.1908e-12
2.7993e-12
3.2643e-12
3.7336e-12
4.2172e-12
5.1728e-12
3.7307e-12
2.658e-12
3.7855e-12
3.0681e-12
3.3753e-12
4.0528e-12
3.3696e-12
4.5663e-12
3.1267e-12
2.8275e-12
3.379e-12
4.3066e-12
2.5805e-12
3.7224e-12
4.4164e-12
7.0127e-12
3.6532e-12
4.6829e-12
4.3996e-12
3.507e-12
3.135e-12
4.6248e-12
4.2108e-12
4.7089e-12
4.7438e-12
7.1658e-12
7.5084e-12
6.2642e-12
1.2105e-11
1.2836e-11
1.8751e-11
1.5609e-11
1.3395e-11
1.2149e-11
9.2296e-12
6.4827e-12
6.8248e-12
1.1413e-11
8.1524e-12
1.0311e-11
6.9152e-12
1.2673e-11
7.1573e-12
1.6652e-11
1.8246e-11
2.6162e-11
2.2538e-11
2.5318e-11
1.1817e-11
1.4766e-11
1.0657e-11
1.1502e-11
1.0302e-11
1.132e-11
8.562e-12
9.1003e-12
9.6648e-12
1.025e-11
8.3179e-12
1.1785e-11
1.5309e-11
1.7704e-11
1.0454e-11
1.6886e-11
8.4731e-12
1.0287e-11
8.8278e-12
1.4663e-11
8.0979e-12
1.1944e-11
1.2138e-11
1.1673e-11
1.4205e-11
1.3785e-11
2.2177e-11
2.3646e-11
2.9103e-11
3.25e-11
3.5274e-11
1.5357e-11
6.8101e-12
7.0675e-12
6.1116e-12
5.2834e-12
4.5189e-12
4.3036e-12
3.2846e-12
4.4177e-12
2.7743e-12
3.379e-12
2.9593e-12
3.4676e-12
3.9513e-12
4.4798e-12
5.4485e-12
3.908e-12
2.8378e-12
4.0472e-12
3.2919e-12
3.5299e-12
4.3106e-12
3.4955e-12
4.7665e-12
3.2852e-12
2.9114e-12
3.5865e-12
4.3488e-12
2.753e-12
3.7009e-12
4.9931e-12
6.9353e-12
3.9649e-12
4.5582e-12
4.6927e-12
3.4237e-12
3.3671e-12
4.552e-12
4.5122e-12
4.6596e-12
5.0571e-12
7.1088e-12
8.0498e-12
6.2726e-12
1.2776e-11
1.2988e-11
1.8325e-11
1.5688e-11
1.5021e-11
1.1919e-11
1.0502e-11
6.113e-12
7.7735e-12
1.0688e-11
9.4613e-12
9.8371e-12
8.0288e-12
1.2003e-11
8.2659e-12
1.5613e-11
2.2064e-11
2.6329e-11
2.6732e-11
2.4406e-11
1.3164e-11
1.4273e-11
1.1778e-11
1.1473e-11
1.0885e-11
1.1846e-11
8.4312e-12
1.0096e-11
8.8793e-12
1.2066e-11
7.255e-12
1.4318e-11
1.3174e-11
2.1112e-11
9.5179e-12
1.8682e-11
8.6779e-12
9.8554e-12
1.0688e-11
1.212e-11
1.0884e-11
9.5278e-12
1.4389e-11
1.1725e-11
1.2257e-11
1.9507e-11
1.5457e-11
2.7809e-11
3.4373e-11
2.0312e-11
3.8999e-11
3.0583e-11
1.1033e-11
7.3063e-12
7.5823e-12
6.5565e-12
5.6676e-12
4.847e-12
4.6158e-12
3.5224e-12
4.7374e-12
2.976e-12
3.6195e-12
3.1751e-12
3.6972e-12
4.229e-12
4.7673e-12
5.848e-12
4.2075e-12
3.0009e-12
4.2658e-12
3.4577e-12
3.7909e-12
4.5579e-12
3.7757e-12
5.1267e-12
3.4982e-12
3.1674e-12
3.7766e-12
4.8148e-12
2.8826e-12
4.156e-12
4.9432e-12
7.8266e-12
4.0768e-12
5.2184e-12
4.8999e-12
3.9041e-12
3.4825e-12
5.1429e-12
4.664e-12
5.218e-12
5.2517e-12
7.901e-12
8.3052e-12
6.8824e-12
1.3359e-11
1.4055e-11
2.0669e-11
1.6998e-11
1.4791e-11
1.316e-11
1.0169e-11
6.9968e-12
7.5102e-12
1.2337e-11
8.9601e-12
1.1157e-11
7.6093e-12
1.3746e-11
7.874e-12
1.8129e-11
1.9863e-11
2.8425e-11
2.4294e-11
2.7796e-11
1.2813e-11
1.6351e-11
1.1428e-11
1.2806e-11
1.0891e-11
1.2668e-11
8.9258e-12
1.022e-11
1.0018e-11
1.1422e-11
8.6716e-12
1.279e-11
1.629e-11
1.8558e-11
1.1513e-11
1.7106e-11
9.7655e-12
1.0205e-11
1.0566e-11
1.4833e-11
9.2254e-12
1.2854e-11
1.1557e-11
1.3995e-11
1.2267e-11
1.7026e-11
2.1543e-11
1.8872e-11
3.7568e-11
2.3577e-11
2.4578e-11
3.4255e-11
2.3118e-11
1.2594e-11
7.7937e-12
8.088e-12
6.9932e-12
6.0446e-12
5.169e-12
4.921e-12
3.7549e-12
5.0468e-12
3.169e-12
3.8545e-12
3.3764e-12
3.9473e-12
4.5015e-12
5.0879e-12
6.1989e-12
4.4315e-12
3.219e-12
4.5823e-12
3.724e-12
3.9915e-12
4.8687e-12
3.9471e-12
5.3828e-12
3.7037e-12
3.2834e-12
4.0373e-12
4.9019e-12
3.0947e-12
4.1688e-12
5.6029e-12
7.7853e-12
4.4408e-12
5.1263e-12
5.2444e-12
3.8521e-12
3.7549e-12
5.1222e-12
5.0118e-12
5.2367e-12
5.6023e-12
7.9622e-12
8.8956e-12
6.9976e-12
1.4095e-11
1.4462e-11
2.0266e-11
1.7374e-11
1.6458e-11
1.3145e-11
1.1457e-11
6.7434e-12
8.4673e-12
1.1815e-11
1.0318e-11
1.084e-11
8.7841e-12
1.3223e-11
9.0496e-12
1.7183e-11
2.4228e-11
2.8943e-11
2.9401e-11
2.6775e-11
1.4502e-11
1.554e-11
1.3166e-11
1.2319e-11
1.2286e-11
1.2551e-11
9.5743e-12
1.059e-11
1.0062e-11
1.2598e-11
8.1146e-12
1.5012e-11
1.4226e-11
2.2562e-11
1.003e-11
2.0781e-11
8.8415e-12
1.1469e-11
1.0703e-11
1.4564e-11
1.1086e-11
1.083e-11
1.56e-11
1.115e-11
1.4792e-11
1.6866e-11
1.94e-11
2.7063e-11
2.7759e-11
2.8239e-11
2.7896e-11
2.1649e-11
2.5519e-11
2.5685e-11
1.3142e-11
8.336e-12
8.6504e-12
7.4794e-12
6.4643e-12
5.5274e-12
5.2619e-12
4.0145e-12
5.3954e-12
3.3888e-12
4.1169e-12
3.6111e-12
4.199e-12
4.8034e-12
5.4047e-12
6.6303e-12
4.7594e-12
3.3978e-12
4.8221e-12
3.9076e-12
4.2714e-12
5.1402e-12
4.2448e-12
5.7711e-12
3.9273e-12
3.5573e-12
4.2355e-12
5.3957e-12
3.2312e-12
4.65e-12
5.5538e-12
8.7488e-12
4.5656e-12
5.8267e-12
5.4766e-12
4.3557e-12
3.8823e-12
5.7336e-12
5.1828e-12
5.8009e-12
5.833e-12
8.7465e-12
9.2188e-12
7.595e-12
1.4801e-11
1.5463e-11
2.2903e-11
1.8599e-11
1.6412e-11
1.4307e-11
1.1251e-11
7.5676e-12
8.2928e-12
1.3357e-11
9.8823e-12
1.2078e-11
8.4038e-12
1.4888e-11
8.7106e-12
1.9681e-11
2.1885e-11
3.087e-11
2.658e-11
3.0375e-11
1.4084e-11
1.7989e-11
1.2461e-11
1.4157e-11
1.172e-11
1.4089e-11
9.4357e-12
1.1461e-11
1.0428e-11
1.2841e-11
8.9523e-12
1.4278e-11
1.6887e-11
2.0222e-11
1.2185e-11
1.7995e-11
1.071e-11
1.0332e-11
1.2184e-11
1.4742e-11
1.1052e-11
1.2969e-11
1.3256e-11
1.5034e-11
1.1791e-11
2.0409e-11
1.8741e-11
2.3822e-11
3.5568e-11
1.9361e-11
3.4267e-11
2.489e-11
1.6201e-11
2.8287e-11
2.7657e-11
1.5813e-11
8.8112e-12
9.1434e-12
7.9051e-12
6.8317e-12
5.8411e-12
5.5591e-12
4.2408e-12
5.6961e-12
3.5763e-12
4.3445e-12
3.8064e-12
4.4408e-12
5.0674e-12
5.712e-12
6.9692e-12
4.9681e-12
3.6087e-12
5.1289e-12
4.1642e-12
4.462e-12
5.4354e-12
4.406e-12
6.0076e-12
4.1273e-12
3.6591e-12
4.4921e-12
5.4592e-12
3.4386e-12
4.6394e-12
6.2128e-12
8.6371e-12
4.9166e-12
5.6939e-12
5.7965e-12
4.2818e-12
4.1416e-12
5.6957e-12
5.5062e-12
5.8169e-12
6.1399e-12
8.8211e-12
9.7267e-12
7.7274e-12
1.5393e-11
1.5931e-11
2.2226e-11
1.906e-11
1.785e-11
1.4362e-11
1.2356e-11
7.367e-12
9.1054e-12
1.2935e-11
1.1095e-11
1.1825e-11
9.4663e-12
1.442e-11
9.7561e-12
1.8751e-11
2.6164e-11
3.1612e-11
3.1792e-11
2.9233e-11
1.5682e-11
1.6904e-11
1.4412e-11
1.3254e-11
1.357e-11
1.3314e-11
1.066e-11
1.1089e-11
1.1249e-11
1.3014e-11
9.0501e-12
1.5334e-11
1.5412e-11
2.3042e-11
1.0792e-11
2.1944e-11
9.2504e-12
1.2562e-11
1.0799e-11
1.6715e-11
1.0954e-11
1.2867e-11
1.5642e-11
1.2637e-11
1.5774e-11
1.6034e-11
2.3056e-11
2.3159e-11
3.4709e-11
2.7089e-11
2.2693e-11
2.9714e-11
1.8062e-11
1.7923e-11
3.0176e-11
3.2522e-11
1.5395e-11
9.4621e-12
9.8184e-12
8.4886e-12
7.3355e-12
6.2712e-12
5.9681e-12
4.5524e-12
6.1142e-12
3.8396e-12
4.6597e-12
4.0868e-12
4.7462e-12
5.4294e-12
6.0985e-12
7.4818e-12
5.3592e-12
3.8291e-12
5.4264e-12
4.3954e-12
4.7919e-12
5.7693e-12
4.7521e-12
6.4654e-12
4.3907e-12
3.9753e-12
4.7303e-12
6.0162e-12
3.6069e-12
5.175e-12
6.2146e-12
9.7236e-12
5.0916e-12
6.4709e-12
6.0958e-12
4.8342e-12
4.3101e-12
6.3601e-12
5.7341e-12
6.4208e-12
6.4504e-12
9.6468e-12
1.0189e-11
8.3546e-12
1.6336e-11
1.6966e-11
2.5299e-11
2.0298e-11
1.8147e-11
1.5505e-11
1.2397e-11
8.1504e-12
9.1128e-12
1.4394e-11
1.0846e-11
1.3001e-11
9.2343e-12
1.601e-11
9.5968e-12
2.1186e-11
2.4149e-11
3.333e-11
2.9219e-11
3.2852e-11
1.5518e-11
1.9545e-11
1.3674e-11
1.5439e-11
1.2744e-11
1.5444e-11
1.0101e-11
1.2669e-11
1.0952e-11
1.4285e-11
9.2299e-12
1.596e-11
1.7207e-11
2.2381e-11
1.2497e-11
1.9484e-11
1.1208e-11
1.0871e-11
1.3263e-11
1.4933e-11
1.2634e-11
1.2828e-11
1.5782e-11
1.5026e-11
1.3526e-11
2.1711e-11
1.8297e-11
2.8573e-11
3.1769e-11
2.446e-11
3.3018e-11
2.0767e-11
2.2511e-11
2.0314e-11
1.9501e-11
3.5612e-11
3.2681e-11
1.6208e-11
1.0045e-11
1.0423e-11
9.0106e-12
7.786e-12
6.6559e-12
6.3327e-12
4.83e-12
6.4835e-12
4.0702e-12
4.939e-12
4.3278e-12
5.0397e-12
5.7537e-12
6.4699e-12
7.9033e-12
5.6201e-12
4.0814e-12
5.7926e-12
4.698e-12
5.0327e-12
6.1222e-12
4.9627e-12
6.7638e-12
4.6407e-12
4.1133e-12
5.0427e-12
6.1318e-12
3.8548e-12
5.2066e-12
6.9492e-12
9.6656e-12
5.4928e-12
6.376e-12
6.4675e-12
4.7986e-12
4.612e-12
6.3863e-12
6.1082e-12
6.5155e-12
6.7959e-12
9.8612e-12
1.0743e-11
8.615e-12
1.6988e-11
1.7711e-11
2.4663e-11
2.1122e-11
1.9566e-11
1.5859e-11
1.3457e-11
8.1294e-12
9.8778e-12
1.4302e-11
1.202e-11
1.3023e-11
1.0271e-11
1.5871e-11
1.0588e-11
2.0671e-11
2.8413e-11
3.4928e-11
3.4561e-11
3.2311e-11
1.7027e-11
1.8677e-11
1.5789e-11
1.4546e-11
1.4975e-11
1.4453e-11
1.1852e-11
1.1901e-11
1.2583e-11
1.3728e-11
1.0152e-11
1.582e-11
1.6936e-11
2.3328e-11
1.194e-11
2.2783e-11
1.0116e-11
1.3332e-11
1.145e-11
1.84e-11
1.1178e-11
1.4837e-11
1.5574e-11
1.5127e-11
1.588e-11
1.8482e-11
2.4614e-11
2.2599e-11
4.1732e-11
2.3384e-11
2.9509e-11
2.8726e-11
1.5159e-11
2.4921e-11
2.1506e-11
2.2963e-11
3.5673e-11
3.3961e-11
1.6411e-11
1.0705e-11
1.1108e-11
9.6026e-12
8.297e-12
7.0921e-12
6.7473e-12
5.1458e-12
6.9071e-12
4.3367e-12
5.258e-12
4.6109e-12
5.3487e-12
6.1187e-12
6.8617e-12
8.4183e-12
6.0178e-12
4.3026e-12
6.0901e-12
4.9298e-12
5.3623e-12
6.4568e-12
5.3071e-12
7.2219e-12
4.8972e-12
4.4293e-12
5.2704e-12
6.6871e-12
4.0165e-12
5.7403e-12
6.9374e-12
1.0767e-11
5.6643e-12
7.1612e-12
6.7684e-12
5.3471e-12
4.7735e-12
7.0327e-12
6.3281e-12
7.0878e-12
7.1146e-12
1.0619e-11
1.1231e-11
9.1759e-12
1.7987e-11
1.8595e-11
2.7895e-11
2.2139e-11
2.0019e-11
1.679e-11
1.3623e-11
8.7668e-12
9.9798e-12
1.5484e-11
1.186e-11
1.3961e-11
1.0106e-11
1.7151e-11
1.0534e-11
2.2699e-11
2.666e-11
3.5914e-11
3.2223e-11
3.5307e-11
1.71e-11
2.1053e-11
1.5059e-11
1.667e-11
1.3976e-11
1.6741e-11
1.0969e-11
1.3824e-11
1.1701e-11
1.5687e-11
9.6509e-12
1.7691e-11
1.7581e-11
2.4809e-11
1.2677e-11
2.1424e-11
1.1408e-11
1.1855e-11
1.3809e-11
1.5786e-11
1.3658e-11
1.3026e-11
1.7916e-11
1.4776e-11
1.6008e-11
2.1529e-11
2.0968e-11
3.0119e-11
3.2603e-11
2.8815e-11
2.8205e-11
2.5964e-11
2.1512e-11
1.7169e-11
2.6864e-11
2.5296e-11
2.3273e-11
3.6648e-11
3.4307e-11
1.9443e-11
1.1387e-11
1.1815e-11
1.0213e-11
8.8241e-12
7.5421e-12
7.1739e-12
5.4705e-12
7.3394e-12
4.6069e-12
5.5845e-12
4.8937e-12
5.6894e-12
6.498e-12
7.291e-12
8.915e-12
6.3261e-12
4.5923e-12
6.5096e-12
5.2735e-12
5.6484e-12
6.8609e-12
5.5623e-12
7.5759e-12
5.1921e-12
4.5996e-12
5.6323e-12
6.8499e-12
4.2999e-12
5.811e-12
7.7327e-12
1.0759e-11
6.1066e-12
7.0989e-12
7.1835e-12
5.3466e-12
5.113e-12
7.1189e-12
6.7473e-12
7.2552e-12
7.4915e-12
1.0964e-11
1.182e-11
9.557e-12
1.8683e-11
1.9587e-11
2.7292e-11
2.3306e-11
2.1381e-11
1.744e-11
1.4603e-11
8.9309e-12
1.0669e-11
1.5735e-11
1.2955e-11
1.427e-11
1.1077e-11
1.7372e-11
1.1421e-11
2.2671e-11
3.0645e-11
3.8417e-11
3.7313e-11
3.5553e-11
1.8349e-11
2.0587e-11
1.7101e-11
1.5995e-11
1.6303e-11
1.5791e-11
1.298e-11
1.2911e-11
1.3862e-11
1.4672e-11
1.1236e-11
1.6485e-11
1.8523e-11
2.3545e-11
1.3211e-11
2.3321e-11
1.1203e-11
1.3733e-11
1.2501e-11
1.9349e-11
1.184e-11
1.6163e-11
1.5829e-11
1.7245e-11
1.5668e-11
2.1916e-11
2.4443e-11
2.6029e-11
4.4141e-11
2.275e-11
3.5015e-11
2.4661e-11
1.9374e-11
2.3855e-11
1.8275e-11
3.1777e-11
2.5149e-11
2.4018e-11
3.7836e-11
4.1305e-11
3.9275e-11
1.219e-11
1.2648e-11
1.0933e-11
9.4453e-12
8.0726e-12
7.678e-12
5.8544e-12
7.854e-12
4.9304e-12
5.9725e-12
5.237e-12
6.0685e-12
6.9418e-12
7.7732e-12
9.5364e-12
6.8045e-12
4.8678e-12
6.883e-12
5.5672e-12
6.0435e-12
7.2759e-12
5.97e-12
8.1222e-12
5.5022e-12
4.9685e-12
5.9151e-12
7.4826e-12
4.5051e-12
6.4087e-12
7.8001e-12
1.1997e-11
6.3464e-12
7.9761e-12
7.569e-12
5.9525e-12
5.3251e-12
7.8271e-12
7.0343e-12
7.8791e-12
7.9027e-12
1.1778e-11
1.2467e-11
1.0159e-11
1.9949e-11
2.0553e-11
3.0988e-11
2.4365e-11
2.2238e-11
1.8351e-11
1.507e-11
9.5166e-12
1.0996e-11
1.6805e-11
1.3045e-11
1.5117e-11
1.1118e-11
1.8511e-11
1.1623e-11
2.4477e-11
2.9659e-11
3.9052e-11
3.588e-11
3.8143e-11
1.897e-11
2.275e-11
1.6728e-11
1.8039e-11
1.5523e-11
1.8163e-11
1.2144e-11
1.5061e-11
1.283e-11
1.7174e-11
1.0402e-11
1.9553e-11
1.8471e-11
2.7565e-11
1.3097e-11
2.3814e-11
1.1639e-11
1.3253e-11
1.4136e-11
1.7417e-11
1.4274e-11
1.3954e-11
1.9414e-11
1.5116e-11
1.819e-11
2.1244e-11
2.4637e-11
2.9559e-11
3.7142e-11
3.0141e-11
2.7525e-11
3.0418e-11
1.8362e-11
2.161e-11
2.5664e-11
2.191e-11
3.2044e-11
2.6035e-11
2.5035e-11
4.4385e-11
8.1814e-11
2.6305e-11
1.2944e-11
1.3429e-11
1.1608e-11
1.0028e-11
8.5698e-12
8.1493e-12
6.2132e-12
8.3315e-12
5.2289e-12
6.3327e-12
5.5496e-12
6.4423e-12
7.3601e-12
8.2427e-12
1.0086e-11
7.1443e-12
5.1833e-12
7.3396e-12
5.9386e-12
6.3604e-12
7.7138e-12
6.255e-12
8.5122e-12
5.8282e-12
5.1592e-12
6.3116e-12
7.6746e-12
4.8122e-12
6.5037e-12
8.6321e-12
1.2012e-11
6.8121e-12
7.9245e-12
8.0086e-12
5.9719e-12
5.69e-12
7.9541e-12
7.4833e-12
8.0974e-12
8.2935e-12
1.2223e-11
1.3062e-11
1.0634e-11
2.0643e-11
2.1721e-11
3.0351e-11
2.5804e-11
2.3484e-11
1.9253e-11
1.5927e-11
9.8446e-12
1.1578e-11
1.7362e-11
1.4016e-11
1.568e-11
1.1985e-11
1.9061e-11
1.2363e-11
2.4922e-11
3.3142e-11
4.2352e-11
4.0397e-11
3.919e-11
1.9826e-11
2.2754e-11
1.8502e-11
1.7691e-11
1.7688e-11
1.7431e-11
1.4141e-11
1.422e-11
1.5179e-11
1.6011e-11
1.2362e-11
1.7639e-11
2.0302e-11
2.4367e-11
1.4623e-11
2.4134e-11
1.2473e-11
1.4088e-11
1.3897e-11
1.9926e-11
1.2998e-11
1.6968e-11
1.6844e-11
1.8708e-11
1.5945e-11
2.4843e-11
2.4053e-11
3.0646e-11
4.3533e-11
2.6261e-11
3.6366e-11
2.4007e-11
2.274e-11
2.0375e-11
2.3236e-11
3.0326e-11
2.1841e-11
3.3227e-11
2.6695e-11
2.9594e-11
9.0594e-11
5.5201e-11
4.0551e-11
1.3905e-11
1.4427e-11
1.247e-11
1.0772e-11
9.205e-12
8.7527e-12
6.6727e-12
8.9473e-12
5.6158e-12
6.7974e-12
5.9595e-12
6.8989e-12
7.8913e-12
8.8244e-12
1.0825e-11
7.711e-12
5.5188e-12
7.7967e-12
6.3003e-12
6.8276e-12
8.2168e-12
6.7326e-12
9.1547e-12
6.1977e-12
5.5852e-12
6.6554e-12
8.3905e-12
5.0657e-12
7.1688e-12
8.7904e-12
1.3389e-11
7.1271e-12
8.8997e-12
8.4843e-12
6.6387e-12
5.9552e-12
8.7279e-12
7.8392e-12
8.7779e-12
8.7994e-12
1.3101e-11
1.3871e-11
1.1282e-11
2.2176e-11
2.2797e-11
3.4505e-11
2.6923e-11
2.4752e-11
2.015e-11
1.6698e-11
1.0382e-11
1.2132e-11
1.8324e-11
1.4366e-11
1.6441e-11
1.2238e-11
2.0054e-11
1.2823e-11
2.648e-11
3.3037e-11
4.2683e-11
4.0047e-11
4.1298e-11
2.1038e-11
2.4595e-11
1.8595e-11
1.9515e-11
1.7296e-11
1.968e-11
1.3554e-11
1.6352e-11
1.4282e-11
1.87e-11
1.148e-11
2.1453e-11
2.0006e-11
3.0463e-11
1.3922e-11
2.6434e-11
1.2091e-11
1.4856e-11
1.4459e-11
1.9515e-11
1.4625e-11
1.547e-11
2.0256e-11
1.6282e-11
1.9636e-11
2.1777e-11
2.7619e-11
2.8494e-11
4.1641e-11
2.9447e-11
3.2014e-11
3.1731e-11
1.7947e-11
2.5136e-11
2.1866e-11
2.7634e-11
3.0431e-11
2.2968e-11
3.422e-11
3.1506e-11
6.0818e-11
5.9948e-11
8.6086e-11
5.926e-11
1.4803e-11
1.5358e-11
1.3274e-11
1.1466e-11
9.7973e-12
9.3144e-12
7.1002e-12
9.5165e-12
5.9719e-12
7.2264e-12
6.3329e-12
7.3417e-12
8.3894e-12
9.3795e-12
1.1484e-11
8.1219e-12
5.8887e-12
8.3307e-12
6.7321e-12
7.21e-12
8.7304e-12
7.0816e-12
9.6269e-12
6.5865e-12
5.8245e-12
7.1203e-12
8.6536e-12
5.4221e-12
7.3246e-12
9.7001e-12
1.3496e-11
7.6512e-12
8.9002e-12
8.9918e-12
6.7098e-12
6.3775e-12
8.9383e-12
8.3614e-12
9.0881e-12
9.2511e-12
1.3705e-11
1.4547e-11
1.1903e-11
2.2989e-11
2.4231e-11
3.4013e-11
2.8757e-11
2.6012e-11
2.1401e-11
1.7522e-11
1.0923e-11
1.2671e-11
1.9269e-11
1.5287e-11
1.7334e-11
1.3064e-11
2.1032e-11
1.3484e-11
2.7542e-11
3.6099e-11
4.6914e-11
4.4048e-11
4.3375e-11
2.1582e-11
2.5252e-11
2.0096e-11
1.9685e-11
1.9228e-11
1.9421e-11
1.5409e-11
1.5864e-11
1.6605e-11
1.781e-11
1.3583e-11
1.944e-11
2.2388e-11
2.6275e-11
1.6203e-11
2.5656e-11
1.3894e-11
1.4692e-11
1.5543e-11
2.0539e-11
1.4536e-11
1.7533e-11
1.8608e-11
1.9644e-11
1.7079e-11
2.6884e-11
2.465e-11
3.4509e-11
4.2561e-11
3.1035e-11
3.5102e-11
2.7793e-11
2.3667e-11
1.995e-11
2.7117e-11
2.5905e-11
2.7802e-11
3.1665e-11
2.3419e-11
4.0974e-11
6.422e-11
4.0624e-11
9.1582e-11
1.1057e-10
6.1362e-11
1.5864e-11
1.6459e-11
1.4225e-11
1.2286e-11
1.0498e-11
9.9797e-12
7.6069e-12
1.0195e-11
6.398e-12
7.7384e-12
6.7837e-12
7.846e-12
8.9739e-12
1.0022e-11
1.2294e-11
8.7433e-12
6.2598e-12
8.8369e-12
7.1338e-12
7.7194e-12
9.2845e-12
7.5992e-12
1.0324e-11
6.9875e-12
6.2821e-12
7.495e-12
9.4132e-12
5.7007e-12
8.0227e-12
9.9121e-12
1.4945e-11
8.0091e-12
9.9332e-12
9.5171e-12
7.406e-12
6.6654e-12
9.735e-12
8.7448e-12
9.7845e-12
9.8056e-12
1.4585e-11
1.5443e-11
1.2545e-11
2.4669e-11
2.5322e-11
3.844e-11
2.9815e-11
2.7554e-11
2.2192e-11
1.8503e-11
1.1367e-11
1.3382e-11
2.0046e-11
1.5814e-11
1.7938e-11
1.3456e-11
2.179e-11
1.4123e-11
2.8719e-11
3.6743e-11
4.682e-11
4.4647e-11
4.4791e-11
2.3258e-11
2.6602e-11
2.0606e-11
2.1111e-11
1.9234e-11
2.131e-11
1.5141e-11
1.771e-11
1.5996e-11
2.0279e-11
1.2848e-11
2.3376e-11
2.222e-11
3.3444e-11
1.5249e-11
2.9189e-11
1.2939e-11
1.653e-11
1.5049e-11
2.1813e-11
1.498e-11
1.7316e-11
2.0717e-11
1.8128e-11
2.0404e-11
2.353e-11
2.9477e-11
2.8641e-11
4.452e-11
2.8663e-11
3.792e-11
3.1202e-11
2.1016e-11
2.6046e-11
2.1472e-11
3.1827e-11
2.5859e-11
2.8853e-11
3.2152e-11
2.8303e-11
8.228e-11
4.2659e-11
6.6118e-11
1.2946e-10
1.2011e-10
3.9729e-11
1.689e-11
1.7523e-11
1.5144e-11
1.3079e-11
1.1175e-11
1.0622e-11
8.0955e-12
1.0846e-11
6.8052e-12
8.2285e-12
7.2109e-12
8.3496e-12
9.5424e-12
1.0653e-11
1.3049e-11
9.2162e-12
6.6771e-12
9.4386e-12
7.6176e-12
8.1585e-12
9.8632e-12
8.0034e-12
1.0867e-11
7.4306e-12
6.5631e-12
8.0187e-12
9.7375e-12
6.0986e-12
8.2313e-12
1.0881e-11
1.5133e-11
8.5799e-12
9.9732e-12
1.0081e-11
7.52e-12
7.1382e-12
1.0017e-11
9.3323e-12
1.0171e-11
1.0309e-11
1.5325e-11
1.6187e-11
1.3291e-11
2.5581e-11
2.6963e-11
3.8065e-11
3.1979e-11
2.8803e-11
2.3745e-11
1.9279e-11
1.2094e-11
1.3872e-11
2.1329e-11
1.6673e-11
1.9116e-11
1.4233e-11
2.3143e-11
1.4701e-11
3.0336e-11
3.9292e-11
5.1756e-11
4.7993e-11
4.7775e-11
2.3491e-11
2.7877e-11
2.1761e-11
2.1806e-11
2.08e-11
2.1582e-11
1.6685e-11
1.7687e-11
1.8031e-11
1.9894e-11
1.4806e-11
2.1731e-11
2.4651e-11
2.9234e-11
1.7825e-11
2.789e-11
1.5322e-11
1.5628e-11
1.7222e-11
2.1384e-11
1.6183e-11
1.8031e-11
2.0729e-11
2.0184e-11
1.8844e-11
2.7971e-11
2.6503e-11
3.6849e-11
4.3198e-11
3.481e-11
3.3457e-11
3.2734e-11
2.3028e-11
2.3235e-11
2.7997e-11
2.5394e-11
3.1982e-11
2.6837e-11
2.9657e-11
3.8606e-11
5.6765e-11
5.5423e-11
6.5951e-11
8.7972e-11
1.3683e-10
8.042e-11
4.0934e-11
1.8211e-11
1.8893e-11
1.6327e-11
1.4101e-11
1.2047e-11
1.145e-11
8.726e-12
1.169e-11
7.3349e-12
8.8657e-12
7.7708e-12
8.9803e-12
1.027e-11
1.1457e-11
1.4052e-11
9.9791e-12
7.1465e-12
1.0082e-11
8.1304e-12
8.7866e-12
1.056e-11
8.6362e-12
1.1721e-11
7.9326e-12
7.113e-12
8.4988e-12
1.0631e-11
6.4593e-12
9.037e-12
1.125e-11
1.679e-11
9.0602e-12
1.1158e-11
1.0747e-11
8.3152e-12
7.5114e-12
1.0928e-11
9.8241e-12
1.0979e-11
1.1002e-11
1.635e-11
1.731e-11
1.4048e-11
2.7625e-11
2.8332e-11
4.3097e-11
3.3277e-11
3.0863e-11
2.4656e-11
2.0628e-11
1.2566e-11
1.485e-11
2.2135e-11
1.751e-11
1.9756e-11
1.4874e-11
2.3901e-11
1.5625e-11
3.1435e-11
4.1022e-11
5.1835e-11
4.9964e-11
4.8994e-11
2.5777e-11
2.8993e-11
2.2882e-11
2.3009e-11
2.1433e-11
2.3237e-11
1.6969e-11
1.9295e-11
1.8021e-11
2.2096e-11
1.4542e-11
2.5519e-11
2.5197e-11
3.6759e-11
1.7179e-11
3.2271e-11
1.4351e-11
1.8332e-11
1.6232e-11
2.4305e-11
1.5736e-11
1.94e-11
2.1353e-11
2.0476e-11
2.0961e-11
2.645e-11
3.067e-11
3.1164e-11
4.6425e-11
2.97e-11
4.2913e-11
3.1085e-11
2.5138e-11
2.5744e-11
2.5392e-11
3.2923e-11
2.5738e-11
3.3101e-11
2.7388e-11
3.5438e-11
7.6908e-11
3.8783e-11
8.781e-11
9.4186e-11
9.7255e-11
9.0591e-11
7.3175e-11
3.0941e-11
1.9199e-11
1.9918e-11
1.7212e-11
1.4865e-11
1.2698e-11
1.2067e-11
9.1958e-12
1.2315e-11
7.7261e-12
9.3355e-12
8.1806e-12
9.4622e-12
1.0815e-11
1.2057e-11
1.4774e-11
1.0423e-11
7.5453e-12
1.0658e-11
8.5912e-12
9.2016e-12
1.1107e-11
9.0159e-12
1.2226e-11
8.356e-12
7.3705e-12
9.0018e-12
1.0919e-11
6.8379e-12
9.2176e-12
1.2167e-11
1.691e-11
9.5917e-12
1.1135e-11
1.1269e-11
8.3952e-12
7.9665e-12
1.118e-11
1.0389e-11
1.1336e-11
1.146e-11
1.7066e-11
1.7968e-11
1.4781e-11
2.8395e-11
2.9883e-11
4.2459e-11
3.543e-11
3.1831e-11
2.6257e-11
2.1184e-11
1.3343e-11
1.5169e-11
2.351e-11
1.8162e-11
2.1e-11
1.548e-11
2.5362e-11
1.6002e-11
3.3258e-11
4.269e-11
5.6778e-11
5.2189e-11
5.2295e-11
2.5536e-11
3.0555e-11
2.3483e-11
2.3987e-11
2.2393e-11
2.3836e-11
1.7957e-11
1.9611e-11
1.9442e-11
2.2156e-11
1.6018e-11
2.4386e-11
2.7067e-11
3.3104e-11
1.946e-11
3.0808e-11
1.6719e-11
1.6974e-11
1.8853e-11
2.2715e-11
1.7805e-11
1.8758e-11
2.2933e-11
2.0698e-11
2.0929e-11
2.8549e-11
2.9326e-11
3.795e-11
4.6476e-11
3.7028e-11
3.3836e-11
3.6617e-11
2.2446e-11
2.7419e-11
2.7245e-11
2.9691e-11
3.2634e-11
2.6377e-11
3.3854e-11
3.2437e-11
7.1098e-11
5.1213e-11
6.1093e-11
1.0962e-10
9.9366e-11
6.1715e-11
9.4722e-11
6.2925e-11
3.4491e-11
2.0776e-11
2.1553e-11
1.8626e-11
1.6084e-11
1.374e-11
1.3056e-11
9.9487e-12
1.3323e-11
8.3581e-12
1.0096e-11
8.8482e-12
1.0217e-11
1.1684e-11
1.302e-11
1.5968e-11
1.1324e-11
8.1111e-12
1.1437e-11
9.2127e-12
9.9453e-12
1.1943e-11
9.7607e-12
1.323e-11
8.9561e-12
8.0085e-12
9.5844e-12
1.1939e-11
7.278e-12
1.0122e-11
1.2693e-11
1.8753e-11
1.019e-11
1.2462e-11
1.2067e-11
9.2816e-12
8.4182e-12
1.2195e-11
1.0979e-11
1.2247e-11
1.2277e-11
1.8228e-11
1.9293e-11
1.5646e-11
3.076e-11
3.153e-11
4.8023e-11
3.696e-11
3.4352e-11
2.7288e-11
2.2855e-11
1.385e-11
1.6376e-11
2.4364e-11
1.9268e-11
2.169e-11
1.6331e-11
2.6146e-11
1.7157e-11
3.4309e-11
4.5395e-11
5.7159e-11
5.5401e-11
5.3399e-11
2.8291e-11
3.1475e-11
2.5143e-11
2.4978e-11
2.3623e-11
2.5232e-11
1.8806e-11
2.0925e-11
2.0096e-11
2.3949e-11
1.633e-11
2.7638e-11
2.8513e-11
4.0029e-11
1.9422e-11
3.5329e-11
1.6124e-11
2.0037e-11
1.79e-11
2.665e-11
1.6921e-11
2.1379e-11
2.2336e-11
2.2832e-11
2.1506e-11
2.9765e-11
3.1439e-11
3.546e-11
4.8072e-11
3.2766e-11
4.5836e-11
3.2514e-11
2.8277e-11
2.5649e-11
3.014e-11
3.2297e-11
3.038e-11
3.3834e-11
2.7431e-11
3.9952e-11
6.4972e-11
4.7754e-11
8.0197e-11
8.3245e-11
1.2343e-10
6.4995e-11
6.154e-11
7.239e-11
6.7684e-11
3.7416e-11
2.2127e-11
2.2954e-11
1.9835e-11
1.7128e-11
1.463e-11
1.39e-11
1.0591e-11
1.4178e-11
8.8939e-12
1.074e-11
9.4107e-12
1.0875e-11
1.243e-11
1.3841e-11
1.6962e-11
1.1956e-11
8.6476e-12
1.2208e-11
9.8281e-12
1.0527e-11
1.2686e-11
1.0303e-11
1.3953e-11
9.5325e-12
8.3955e-12
1.0252e-11
1.2419e-11
7.7778e-12
1.0468e-11
1.3801e-11
1.9163e-11
1.0879e-11
1.2608e-11
1.2782e-11
9.5024e-12
9.0213e-12
1.2648e-11
1.1738e-11
1.2805e-11
1.2932e-11
1.9261e-11
2.0247e-11
1.6662e-11
3.199e-11
3.3572e-11
4.8019e-11
3.9798e-11
3.5715e-11
2.9446e-11
2.3651e-11
1.4928e-11
1.6862e-11
2.6266e-11
2.0111e-11
2.3392e-11
1.7109e-11
2.8179e-11
1.7697e-11
3.6942e-11
4.7123e-11
6.3041e-11
5.7636e-11
5.7914e-11
2.8212e-11
3.3853e-11
2.5721e-11
2.6661e-11
2.4445e-11
2.6599e-11
1.9578e-11
2.1962e-11
2.1218e-11
2.4949e-11
1.7531e-11
2.7752e-11
3.0142e-11
3.8283e-11
2.1484e-11
3.487e-11
1.8404e-11
1.9039e-11
2.0784e-11
2.5083e-11
1.9697e-11
2.0299e-11
2.5511e-11
2.1948e-11
2.3482e-11
2.9758e-11
3.3149e-11
3.9296e-11
5.2798e-11
3.8729e-11
3.7807e-11
3.9596e-11
2.3595e-11
3.114e-11
2.7297e-11
3.5608e-11
3.221e-11
3.1526e-11
3.4956e-11
3.2643e-11
8.1666e-11
4.3366e-11
7.3256e-11
9.6398e-11
8.9876e-11
8.1659e-11
6.6934e-11
4.8574e-11
8.1478e-11
7.7733e-11
3.2389e-11
2.3668e-11
2.4553e-11
2.1216e-11
1.832e-11
1.5647e-11
1.4866e-11
1.1326e-11
1.5162e-11
9.5105e-12
1.1481e-11
1.0061e-11
1.161e-11
1.3274e-11
1.4779e-11
1.8121e-11
1.2836e-11
9.1946e-12
1.2958e-11
1.0427e-11
1.1245e-11
1.3492e-11
1.1021e-11
1.4919e-11
1.0103e-11
9.0077e-12
1.0799e-11
1.3395e-11
8.1931e-12
1.1327e-11
1.4303e-11
2.0925e-11
1.1449e-11
1.3903e-11
1.3536e-11
1.0349e-11
9.4265e-12
1.3593e-11
1.2262e-11
1.3647e-11
1.3691e-11
2.0303e-11
2.1485e-11
1.7411e-11
3.4216e-11
3.5056e-11
5.3431e-11
4.1031e-11
3.8175e-11
3.0214e-11
2.5285e-11
1.5287e-11
1.8036e-11
2.6847e-11
2.1175e-11
2.3846e-11
1.7901e-11
2.8651e-11
1.8791e-11
3.751e-11
5.002e-11
6.3009e-11
6.113e-11
5.8256e-11
3.0908e-11
3.4207e-11
2.7477e-11
2.7143e-11
2.5871e-11
2.7423e-11
2.0694e-11
2.2715e-11
2.2241e-11
2.5978e-11
1.8208e-11
2.9894e-11
3.2104e-11
4.3445e-11
2.1911e-11
3.8515e-11
1.8198e-11
2.1736e-11
2.0056e-11
2.8948e-11
1.8659e-11
2.3295e-11
2.4042e-11
2.513e-11
2.2556e-11
3.3184e-11
3.2609e-11
4.0741e-11
5.1006e-11
3.7306e-11
4.7246e-11
3.5831e-11
3.0088e-11
2.701e-11
3.3736e-11
3.235e-11
3.5921e-11
3.3204e-11
3.2574e-11
4.0654e-11
6.5955e-11
5.3569e-11
6.8168e-11
9.97e-11
1.1121e-10
5.7303e-11
7.33e-11
5.0036e-11
5.3062e-11
8.8321e-11
6.6164e-11
3.2938e-11
2.5132e-11
2.6071e-11
2.2527e-11
1.9451e-11
1.6612e-11
1.5781e-11
1.2022e-11
1.6089e-11
1.0091e-11
1.2178e-11
1.067e-11
1.2319e-11
1.4081e-11
1.5663e-11
1.9197e-11
1.3519e-11
9.771e-12
1.3787e-11
1.1085e-11
1.1875e-11
1.4288e-11
1.1609e-11
1.5699e-11
1.0723e-11
9.4291e-12
1.1512e-11
1.3926e-11
8.7242e-12
1.1719e-11
1.5439e-11
2.141e-11
1.2169e-11
1.4074e-11
1.4298e-11
1.0601e-11
1.0075e-11
1.41e-11
1.3084e-11
1.4252e-11
1.4396e-11
2.1419e-11
2.251e-11
1.8507e-11
3.555e-11
3.717e-11
5.3508e-11
4.4057e-11
3.9541e-11
3.2554e-11
2.6076e-11
1.6463e-11
1.8517e-11
2.8915e-11
2.2004e-11
2.5686e-11
1.8678e-11
3.0863e-11
1.9328e-11
4.0421e-11
5.1361e-11
6.888e-11
6.2818e-11
6.3107e-11
3.0775e-11
3.6871e-11
2.7806e-11
2.911e-11
2.6324e-11
2.9144e-11
2.1042e-11
2.4129e-11
2.2811e-11
2.7554e-11
1.889e-11
3.0985e-11
3.3049e-11
4.348e-11
2.3329e-11
3.8977e-11
1.9907e-11
2.1232e-11
2.248e-11
2.7779e-11
2.1337e-11
2.2187e-11
2.7743e-11
2.3583e-11
2.5734e-11
3.1326e-11
3.6657e-11
4.0696e-11
5.9586e-11
3.9624e-11
4.3432e-11
4.0942e-11
2.602e-11
3.3115e-11
2.8651e-11
3.979e-11
3.212e-11
3.7298e-11
3.4041e-11
3.8776e-11
8.2914e-11
4.3879e-11
7.9985e-11
8.2342e-11
1.0585e-10
7.4261e-11
5.8948e-11
6.3817e-11
5.6063e-11
5.9426e-11
7.5819e-11
6.888e-11
3.7299e-11
2.7106e-11
2.812e-11
2.4297e-11
2.0978e-11
1.7916e-11
1.7018e-11
1.2964e-11
1.7348e-11
1.0881e-11
1.3129e-11
1.1503e-11
1.3264e-11
1.5164e-11
1.6869e-11
2.068e-11
1.4633e-11
1.0481e-11
1.4764e-11
1.1868e-11
1.2789e-11
1.5329e-11
1.2519e-11
1.6921e-11
1.1464e-11
1.0192e-11
1.224e-11
1.5119e-11
9.2773e-12
1.2751e-11
1.6202e-11
2.3487e-11
1.2937e-11
1.5604e-11
1.5271e-11
1.1606e-11
1.0619e-11
1.5238e-11
1.3781e-11
1.5296e-11
1.5361e-11
2.2746e-11
2.407e-11
1.9488e-11
3.8284e-11
3.9202e-11
5.9766e-11
4.5828e-11
4.2647e-11
3.3689e-11
2.8126e-11
1.7006e-11
1.9978e-11
2.981e-11
2.3406e-11
2.6422e-11
1.973e-11
3.1658e-11
2.0678e-11
4.135e-11
5.5258e-11
6.9845e-11
6.7577e-11
6.403e-11
3.3863e-11
3.7468e-11
3.0089e-11
2.9726e-11
2.8364e-11
3.0032e-11
2.2765e-11
2.4859e-11
2.4582e-11
2.841e-11
2.0255e-11
3.2555e-11
3.6058e-11
4.7351e-11
2.4675e-11
4.2104e-11
2.0572e-11
2.3613e-11
2.2697e-11
3.1453e-11
2.1e-11
2.5341e-11
2.6691e-11
2.751e-11
2.4511e-11
3.6722e-11
3.4896e-11
4.6429e-11
5.6136e-11
4.2568e-11
4.8386e-11
4.0499e-11
3.1055e-11
3.0003e-11
3.5961e-11
3.4549e-11
4.0233e-11
3.3728e-11
3.8588e-11
4.041e-11
7.9253e-11
5.5113e-11
7.162e-11
1.1387e-10
9.8649e-11
7.0399e-11
6.7677e-11
4.5483e-11
6.8068e-11
6.0827e-11
5.1293e-11
7.8628e-11
7.5929e-11
4.6738e-11
2.8584e-11
2.9651e-11
2.5618e-11
2.2118e-11
1.8889e-11
1.794e-11
1.3665e-11
1.8282e-11
1.1465e-11
1.3829e-11
1.2116e-11
1.3977e-11
1.5975e-11
1.7753e-11
2.1758e-11
1.5311e-11
1.1058e-11
1.5595e-11
1.2525e-11
1.3418e-11
1.6121e-11
1.3104e-11
1.7695e-11
1.2084e-11
1.0609e-11
1.2952e-11
1.5644e-11
9.8034e-12
1.3141e-11
1.7304e-11
2.3962e-11
1.3637e-11
1.5737e-11
1.6023e-11
1.1844e-11
1.1274e-11
1.5738e-11
1.4617e-11
1.5882e-11
1.6064e-11
2.3848e-11
2.5083e-11
2.0582e-11
3.9586e-11
4.1213e-11
5.9671e-11
4.8841e-11
4.3874e-11
3.6047e-11
2.8835e-11
1.8185e-11
2.0407e-11
3.1873e-11
2.4164e-11
2.8254e-11
2.0461e-11
3.3863e-11
2.1173e-11
4.4279e-11
5.6144e-11
7.527e-11
6.8622e-11
6.8784e-11
3.3659e-11
4.0135e-11
3.015e-11
3.1738e-11
2.8427e-11
3.186e-11
2.2671e-11
2.6421e-11
2.4567e-11
3.0303e-11
2.0375e-11
3.439e-11
3.6188e-11
4.8975e-11
2.5318e-11
4.3458e-11
2.1525e-11
2.3725e-11
2.4289e-11
3.1034e-11
2.3055e-11
2.4661e-11
3.0028e-11
2.5973e-11
2.7984e-11
3.398e-11
4.0096e-11
4.3401e-11
6.654e-11
4.1152e-11
4.9718e-11
4.1999e-11
2.9382e-11
3.4105e-11
3.1674e-11
4.2195e-11
3.4128e-11
4.1584e-11
3.4096e-11
4.5881e-11
8.118e-11
5.2841e-11
8.2207e-11
9.2973e-11
1.1907e-10
6.4011e-11
7.4192e-11
5.8312e-11
5.028e-11
7.7992e-11
5.1837e-11
5.316e-11
8.787e-11
9.3681e-11
5.5409e-11
3.067e-11
3.1838e-11
2.7509e-11
2.375e-11
2.0282e-11
1.9262e-11
1.4672e-11
1.9626e-11
1.2308e-11
1.484e-11
1.3003e-11
1.4978e-11
1.7121e-11
1.9038e-11
2.3327e-11
1.6497e-11
1.1808e-11
1.6612e-11
1.3354e-11
1.4375e-11
1.7222e-11
1.406e-11
1.8981e-11
1.2867e-11
1.1407e-11
1.3722e-11
1.6883e-11
1.0389e-11
1.4204e-11
1.8104e-11
2.6099e-11
1.4453e-11
1.7331e-11
1.7044e-11
1.2879e-11
1.1834e-11
1.6901e-11
1.5328e-11
1.6961e-11
1.705e-11
2.5217e-11
2.6671e-11
2.1587e-11
4.2364e-11
4.3383e-11
6.6081e-11
5.0663e-11
4.7066e-11
3.7193e-11
3.0922e-11
1.8745e-11
2.1886e-11
3.2791e-11
2.5596e-11
2.9008e-11
2.1511e-11
3.468e-11
2.2491e-11
4.5186e-11
6.0172e-11
7.6433e-11
7.3565e-11
6.9687e-11
3.662e-11
4.0668e-11
3.2501e-11
3.2257e-11
3.0642e-11
3.2579e-11
2.464e-11
2.6961e-11
2.6691e-11
3.0793e-11
2.2098e-11
3.5118e-11
3.9649e-11
5.0956e-11
2.7199e-11
4.5354e-11
2.2785e-11
2.5304e-11
2.529e-11
3.3705e-11
2.3439e-11
2.7155e-11
2.9694e-11
2.9544e-11
2.6954e-11
3.9699e-11
3.7811e-11
5.1098e-11
6.1922e-11
4.705e-11
4.949e-11
4.4948e-11
3.1295e-11
3.3395e-11
3.6603e-11
3.8023e-11
4.2205e-11
3.5835e-11
4.2406e-11
4.1029e-11
9.2308e-11
5.4676e-11
8.5128e-11
1.1916e-10
1.0556e-10
8.0441e-11
6.3954e-11
5.7264e-11
6.3001e-11
5.5731e-11
6.7061e-11
5.3401e-11
6.052e-11
1.1041e-10
1.0599e-10
5.084e-11
3.2716e-11
3.3929e-11
2.9313e-11
2.531e-11
2.1612e-11
2.0525e-11
1.5633e-11
2.0908e-11
1.311e-11
1.5805e-11
1.3846e-11
1.596e-11
1.824e-11
2.0241e-11
2.4792e-11
1.742e-11
1.2595e-11
1.7756e-11
1.4247e-11
1.5264e-11
1.8315e-11
1.4891e-11
2.0087e-11
1.3708e-11
1.202e-11
1.4664e-11
1.7694e-11
1.1082e-11
1.4828e-11
1.9544e-11
2.698e-11
1.5381e-11
1.7728e-11
1.8051e-11
1.3327e-11
1.2692e-11
1.7687e-11
1.6444e-11
1.7818e-11
1.8054e-11
2.6729e-11
2.8152e-11
2.3044e-11
4.4378e-11
4.6049e-11
6.6885e-11
5.4532e-11
4.903e-11
4.0192e-11
3.2141e-11
2.0228e-11
2.2679e-11
3.5369e-11
2.6761e-11
3.1301e-11
2.2593e-11
3.7423e-11
2.3364e-11
4.8818e-11
6.1825e-11
8.27e-11
7.546e-11
7.5419e-11
3.7043e-11
4.3923e-11
3.2948e-11
3.4756e-11
3.0949e-11
3.4944e-11
2.4621e-11
2.8994e-11
2.6654e-11
3.3355e-11
2.212e-11
3.8086e-11
3.9683e-11
5.4775e-11
2.7586e-11
4.8433e-11
2.3401e-11
2.6556e-11
2.6387e-11
3.4872e-11
2.5026e-11
2.7726e-11
3.259e-11
2.9144e-11
3.0404e-11
3.7857e-11
4.3621e-11
4.7776e-11
7.3323e-11
4.4082e-11
5.5713e-11
4.3758e-11
3.3034e-11
3.493e-11
3.567e-11
4.3467e-11
3.8064e-11
4.411e-11
3.6496e-11
5.1162e-11
8.2376e-11
6.2565e-11
8.4964e-11
1.1405e-10
1.2644e-10
6.763e-11
8.4693e-11
5.0263e-11
6.4006e-11
7.1473e-11
4.776e-11
7.0075e-11
6.035e-11
7.5988e-11
1.319e-10
9.7223e-11
7.5949e-11
