VALUES
120
6378136.3
1
1
-0.00048416945732
-3.1837155537995e-10
2.4393745985842e-06
9.57173957733e-07
2.0304477171792e-06
9.047749228904e-07
7.2129238837143e-07
5.3998535338728e-07
-5.3617866220247e-07
3.5049173114393e-07
9.9085743889203e-07
-1.884904077578e-07
6.8652957957435e-08
-6.2914438192045e-08
6.5205884735607e-07
-4.5183011413222e-07
-2.953263261931e-07
1.7481317651785e-07
-1.4997518674211e-07
-7.5943212049287e-08
4.8635216150523e-08
5.7249558876208e-08
-8.599819097325e-08
-2.6716269454494e-07
9.476848430257e-09
9.0501710424346e-08
2.8088635834749e-07
3.3039568212776e-07
2.5046416887861e-07
-2.7498819698271e-07
1.6469154183684e-09
-3.5879876352621e-07
1.520997456997e-09
4.9478882967798e-08
2.3140944098635e-08
8.0020529118334e-08
-1.9360262671346e-08
-2.4434521519098e-07
-2.5701448669318e-08
-6.5970811844707e-08
6.7256362220649e-08
-1.2403271830452e-07
2.8023213009364e-08
1.421492928072e-07
2.14119733856e-08
-1.6060195730819e-07
-9.3501614897977e-09
-1.6314978815923e-08
6.2783980284048e-08
-1.1798171621997e-07
1.8813084006216e-07
-4.7558508384201e-08
5.3345485037656e-08
8.3753633757009e-08
-9.3977765949467e-08
-6.9917824489105e-09
-8.4459530677243e-08
-4.9285124388483e-08
-3.7586898500315e-08
8.2572123898589e-09
4.05889647112e-08
1.2538444527388e-07
1.0042264966696e-07
-5.0764716515924e-08
1.56144551187e-08
2.0113702359304e-08
-3.0570649241377e-08
-3.7941418571644e-08
3.7418335958498e-08
-1.5677065987704e-09
4.6564837566938e-09
-6.312532166228e-09
-3.107684181782e-08
-5.2237157863341e-08
4.6234173763607e-08
3.6447721988024e-08
-5.3588327048314e-08
1.4279471225279e-08
3.9634027593544e-08
-6.7721249769569e-08
3.0875169867319e-08
3.1325333501118e-09
-1.9055848293498e-08
-2.5888635281108e-08
4.1910183385468e-08
-6.1997921209519e-09
1.136453867516e-08
-2.4220937647865e-09
4.1731081789598e-08
-5.1442143123131e-08
5.5309114938298e-08
-2.155183552058e-08
-3.6435303358398e-09
5.8369235540714e-08
-3.5043913413041e-08
3.0112175351749e-09
-1.0054952358183e-08
2.4769183424762e-08
4.1110606193699e-08
-4.4522949710958e-08
-3.1310907172626e-08
-6.1207850640083e-08
-2.2662551031731e-08
-1.8769214197845e-08
-3.5913032533952e-08
3.6523906570125e-08
1.6106491617082e-09
2.9310782164205e-08
-1.9066186052972e-08
3.7625743889041e-08
-3.4946363168833e-08
3.1953525348278e-08
3.879941283242e-08
1.5647769524897e-08
8.4604163017684e-09
3.224257665829e-08
-5.1871640135792e-08
2.1905237545402e-09
9.4316917115727e-09
-2.0530578095995e-08
5.3414683928347e-08
-4.0169168832892e-08
1.2242935405715e-08
3.2853092577576e-08
5.9654241321067e-08
-3.2093495701357e-08
1.3298930026199e-08
1.0266584252366e-08
-1.3023655645886e-09
-3.2415754558408e-08
-2.8368275522066e-08
5.1974982279026e-09
-1.9028849963213e-08
-4.7070075387666e-09
2.6189020077741e-08
-2.4505112630151e-08
-3.390729558987e-08
4.0854561003719e-08
-1.212154058021e-08
1.3871447422067e-08
-8.0642281771926e-09
-2.1208279651862e-08
-2.2413133658189e-08
-1.1807401824442e-08
1.9111345197556e-08
1.9565740700563e-08
1.3773684037387e-08
-1.9344926769057e-08
-1.4415723164759e-08
-3.8303052436256e-08
1.9185705697415e-08
-2.5366858774988e-08
-2.0101863798961e-08
6.306652479273e-09
6.4762725308913e-09
-1.6217815711602e-08
-1.1732471855731e-08
2.4973701051858e-08
3.8994946306153e-08
3.4766302265065e-09
-3.793708201514e-09
-1.6017813594885e-08
2.8722608764868e-08
1.650319119223e-08
-1.4273708774573e-08
5.5438501434028e-09
-3.0404852270354e-08
-3.4699313521173e-08
6.0995728258917e-09
7.2037843121308e-09
1.472705760624e-08
-5.0409943540229e-09
5.4623691181685e-08
5.9767299558287e-09
1.3575852603898e-08
6.7927641036354e-09
3.049666090445e-08
-1.957016015145e-08
5.2153229860697e-09
-6.8881501302078e-09
-2.9748730740053e-08
-6.2540287315803e-09
-8.29408583777e-09
-4.046624145694e-08
1.0162752507677e-08
3.4816214892009e-09
2.9954849577395e-09
-3.3026615848227e-09
-8.9769113146209e-09
3.5740412544424e-08
-7.5648657909006e-09
1.5808760025073e-08
1.0391640007796e-08
-4.7995750509103e-09
5.6406585556764e-09
2.9885613120215e-08
3.2891623553086e-09
-3.3878772516363e-08
1.6304813057721e-08
-2.4425806954388e-09
-7.5423184968688e-09
-4.7443095921273e-09
-1.7587396970985e-08
-2.1751130599072e-08
2.8806178879979e-08
3.5011262712035e-08
-2.7037262978897e-09
2.1561007559415e-08
5.5693737580758e-09
2.0292943508789e-08
-4.7471768122439e-09
4.2673649950618e-09
-1.0125083268189e-08
1.2161554679517e-08
-2.1227577522383e-08
5.0931453233564e-09
1.7186198714019e-08
-3.2295855962025e-08
1.4449718958255e-08
-6.4676305058088e-09
2.7411030448855e-08
1.1528547720886e-08
-2.5787616613433e-08
-1.2429336480022e-08
4.503538119156e-09
1.5356573135534e-08
-3.027847379702e-09
3.7333936543021e-09
6.2514378968677e-09
-1.6162531538792e-08
-5.6140645837065e-09
1.9143620842961e-08
-5.1097032014334e-09
2.6082893310086e-09
-1.3549038301971e-08
-6.6101953064766e-09
-1.7235037507366e-08
1.5853706950591e-08
-1.1400440785161e-08
6.8936503943431e-09
-3.3276100695601e-09
-1.9365615289676e-08
2.0267284806923e-08
1.7574304567712e-08
7.4907430271071e-09
-7.4679916178646e-09
2.6473940676322e-08
-2.7204698666394e-08
-2.6945767761513e-08
8.4549818443668e-09
-1.0777603041935e-08
1.5681409894735e-08
-2.6490574564991e-08
1.1345375706062e-08
-3.6175961677087e-09
9.3608728604825e-11
1.0162809656247e-08
1.7464367132406e-08
-2.350061109541e-08
6.6817996782881e-09
5.6247942879762e-09
-4.8159498188459e-09
2.4188748450631e-09
-1.7159056508961e-08
1.0872746549512e-08
2.5768903124579e-08
1.0905977262778e-10
8.5670725308619e-09
1.0196587876493e-08
1.4055761840369e-08
-1.6771563147864e-08
-2.5316116526796e-08
-1.0087413202955e-08
-2.2257033036839e-08
9.1726643083361e-09
-1.4393066472888e-08
-2.4076317484036e-08
-2.3870577824547e-08
-8.8169713923381e-10
-1.1930003317566e-08
-6.8878205200249e-09
7.3572094343495e-09
1.8183530247396e-09
1.6859542584295e-08
9.231756189722e-09
1.6464966209797e-08
-1.161285067558e-08
6.9589999439386e-09
1.8947510309812e-08
5.9036760725431e-09
-5.4632332231628e-09
8.5447835427689e-09
-5.4760955749261e-09
7.9705260126156e-09
1.5711413755282e-08
-1.797358983126e-08
3.0548666536005e-09
-7.4969437182675e-11
-2.7289495692097e-09
9.5622143362996e-10
-4.8090748008551e-09
5.9691007357379e-09
-7.1243791746375e-09
3.6211466781157e-09
-6.0643239645324e-09
1.5406217257071e-08
-1.1575974097731e-08
1.0972436767599e-08
1.5186584672434e-08
1.1487126340861e-08
-3.0218207441935e-09
-1.9955310972605e-08
6.3575497101e-09
8.4443479080217e-09
-1.1942992291313e-08
-3.6989840137326e-10
-4.4453981004213e-09
-5.6561881151564e-09
5.5393859337311e-09
3.9909705471081e-09
-6.1936359631494e-09
1.2659280760918e-08
3.2079013135277e-09
6.3719130658029e-09
2.2720054521905e-08
-9.6805534244545e-09
1.0162403646528e-08
-1.104254803123e-08
1.6272515247142e-08
9.5935984903528e-09
2.0801938852462e-09
-3.0374639216156e-08
8.9942858709447e-09
1.8910006835837e-09
-7.7590934494967e-09
7.9632365171553e-09
-1.9921357028746e-08
-4.443866498063e-09
1.3030812936051e-09
-1.5513281409694e-08
1.5378820856427e-09
7.7639619693219e-09
-7.9841096775889e-09
1.0696500549345e-08
-1.4136015755599e-08
8.5841355093364e-09
4.2386236962197e-09
1.0490012171547e-08
5.8894250121545e-09
-1.4223510412329e-10
-1.5901359647971e-09
1.5104353404798e-08
1.9075868328913e-08
1.3148022457812e-08
9.6028861366133e-09
-1.5868870563608e-09
3.4728057124036e-09
-1.3095793656527e-08
-1.4969546473485e-08
-4.6266284322394e-09
-1.7011769429766e-08
-1.7636118597856e-10
7.6703967070807e-09
-1.3357258332883e-08
1.5838243939833e-09
-1.200420108444e-08
-1.2936190494973e-08
-2.2641490233986e-09
6.2331062248929e-09
-9.162505693773e-09
1.0375871963194e-08
1.0209465273879e-09
9.0278636703583e-09
3.7835564786626e-09
6.6480365270448e-10
3.616970597266e-09
2.8627737616126e-09
6.6223677634402e-10
3.5321631121278e-09
-1.5995328975826e-09
1.4608986466451e-08
4.9663465197422e-09
-1.1131677712335e-08
-8.0381803333582e-09
3.0653666639774e-09
-1.3513273728695e-08
2.237983072659e-09
-1.0963908236861e-08
-4.5734647742061e-09
1.5338249313563e-08
-2.1299070512094e-09
2.5705311675677e-09
4.4241969686188e-09
-2.0716362557004e-09
-2.7164717733074e-10
-1.2708754729866e-09
4.9253119165083e-09
-5.8186482935659e-09
-5.3224477728132e-09
3.8121502938915e-10
1.2090240263671e-08
-6.8304997285477e-09
8.0619523918917e-09
-9.775419075951e-09
-5.2759677244215e-09
-1.5011878918533e-08
2.9018128907135e-09
-1.4136587258301e-09
1.1970125225377e-08
-4.611537661908e-09
-2.5857493613685e-09
-3.0682744603813e-09
9.2811327065751e-09
-1.062803986706e-08
-3.5434257224633e-09
-8.668078902687e-10
2.1259586483348e-09
-8.1199550249437e-09
-1.2248545604519e-08
-4.6408686719483e-09
1.3795871366464e-08
5.705767495209e-09
6.2752583097266e-09
-1.5212006549809e-09
6.7762316041564e-09
-2.2323616307082e-09
6.8880800834816e-09
1.1056800806613e-08
7.368000442706e-09
1.2070052452109e-08
-8.0325404961913e-09
6.8155066064468e-09
-5.2764902862064e-09
4.0296720120629e-09
-2.3784743826973e-09
3.8149747633293e-09
-2.5390008477461e-08
-7.9826115761012e-09
1.1649179991718e-08
-3.5896367685465e-09
-1.957809515707e-08
7.5787206820093e-11
1.3759054627769e-08
-6.2288447178215e-09
-7.7906374811449e-10
-1.4490032911007e-09
-3.0779450721205e-09
-9.4821963452443e-09
1.524278444346e-10
-2.2834451350832e-09
-3.5518426383316e-09
-6.212102968325e-09
-8.1220984569772e-09
-9.9594448334122e-09
1.1712059946974e-08
-1.9121044241377e-09
3.1071477730349e-10
5.7883271322436e-09
7.8606484434979e-09
-7.7327997077144e-09
9.5350768991502e-09
1.2804196349093e-08
6.2546930714893e-09
2.7283103675613e-10
-9.9639431399004e-09
3.9167654191692e-09
-1.6668042064616e-09
-2.635654348541e-09
-1.5962606808191e-10
2.3931682082587e-09
4.6566776448771e-09
-8.0217294747945e-09
4.8882905119643e-09
-9.5493921454049e-09
1.709849216553e-08
1.3794235811773e-08
4.8374539064163e-09
6.5614349011818e-10
-1.0567578583117e-08
-6.8859522171858e-09
-1.1162415141705e-08
-1.3631124197775e-08
-5.222316791336e-09
-1.1665109572543e-08
-5.2443218272077e-09
5.3921859986749e-09
-2.7393866410033e-09
3.0786348887548e-09
1.3573588323531e-09
-7.7298429426102e-09
-5.8252587787284e-09
3.9382988869063e-09
2.5857699725983e-09
6.7613729292145e-09
7.1226830660281e-09
6.2615964458806e-09
-6.5941464815989e-09
1.1389825177396e-08
-1.1480914401164e-08
-8.5488982449806e-11
-1.5074657619775e-09
-3.132488148956e-09
9.0518473438987e-10
4.3705563588253e-09
1.9859219824075e-09
5.7357184732546e-10
9.7567436226015e-09
-8.0554757309399e-09
4.1596856633926e-09
-6.8810229626646e-09
-2.9449987107487e-09
-5.3004113539052e-10
2.139274223964e-09
-2.4489239088122e-09
-9.95477255688e-09
-9.889166434637e-09
8.0637044477498e-09
-2.8930344391152e-09
-1.6641514102795e-08
-1.2854373608825e-08
-1.1373086152746e-09
1.0210875878421e-08
-2.0227262077059e-09
-8.2624684719937e-10
-8.8200731402275e-09
-2.4026539263048e-09
-7.6266648229067e-11
1.1503600244519e-08
-4.2073442176782e-10
1.9737172557322e-09
9.6319802004316e-09
-1.1187483443479e-08
1.0474107349735e-09
1.3440258474805e-08
5.478043576512e-09
-1.4167052607794e-09
-3.5275883977351e-09
-1.7080574927903e-08
4.138677634056e-09
-5.5303430142417e-09
4.8378583650357e-09
3.7368220228237e-09
-6.5070938035082e-09
1.3024886743335e-08
7.0207417259965e-10
2.9647166465355e-09
-2.3844558266253e-09
-1.2278417707026e-08
7.6670848696342e-09
-3.7507522108655e-09
-1.9336171044976e-08
5.3645576589379e-09
-5.0547611653541e-09
1.5774233974832e-09
3.7490082092144e-09
-6.9209334174706e-09
-6.0931848335949e-09
3.4757396877657e-09
-3.6332977861539e-09
-1.750441191048e-09
-6.0566325753898e-09
-3.8909481136592e-10
-6.4061383938311e-09
-3.2431230325622e-10
5.1484657551294e-10
-3.7372555541453e-09
-4.0002649662403e-09
5.2414652138264e-09
-1.6058280879265e-09
2.0504263560289e-09
-1.0009802664448e-09
2.0598362251603e-09
4.8828827595463e-09
-4.612929922374e-09
6.7574092978608e-09
-5.1867486165268e-09
-1.0243767723322e-08
8.0087961722518e-09
-3.546051010937e-09
8.1189591815289e-10
-9.4057283885905e-09
-3.4387393542933e-10
1.1105005973194e-08
5.0829884729668e-09
1.0307162629561e-08
-9.8651249679708e-10
1.5273062956925e-09
-1.6436862448432e-08
-1.6161261729347e-09
4.2531389744247e-09
6.2523520277371e-09
-1.6854764749436e-09
-8.9353473127283e-09
-4.218796988818e-10
6.9432958847701e-09
1.3394149654648e-08
-8.0849857075462e-09
-4.3445680482948e-09
-7.3407749590136e-10
2.1268767328371e-09
-7.5158710213996e-09
2.2929515090936e-11
-9.5272739657541e-09
-1.5631856507211e-09
1.4862458723873e-08
-3.3843093978891e-09
-2.6072755213637e-09
4.7173214154883e-10
-1.9959589522448e-09
-4.0070228001431e-09
-1.3700198708458e-08
-3.390809548367e-09
3.8180500110254e-09
-1.9502040976795e-09
-3.1726248376591e-09
-1.0010943531323e-09
8.0371441896962e-09
8.4772105722484e-09
3.6134767833771e-09
1.2704636324391e-08
-6.5566579508529e-10
6.6680384786225e-09
-2.0740277270459e-08
-4.7758794607805e-09
8.9317897260754e-09
1.4020367871778e-08
-8.766025961781e-09
7.7656863585235e-09
-1.2544004961962e-08
-1.5075142944636e-08
1.5519679160776e-09
-2.5507647902906e-09
-7.9690090467938e-09
6.2090481889002e-09
-3.2069232168066e-09
1.5032597589014e-09
-1.4033469390809e-09
-2.2867924532007e-09
2.1932314274932e-09
8.9416126082313e-09
-1.9525720561121e-09
-6.4385878373006e-09
-1.4205851251441e-08
-5.9542669091807e-09
1.1250121791823e-09
-5.2213209448571e-09
-1.2814770509313e-09
1.1318199088585e-09
1.2655573472723e-08
6.5087958839639e-09
-8.4956567546484e-09
2.7922739779929e-09
7.2787566895411e-09
-4.4228901701748e-09
1.1072464167159e-08
7.4376105808857e-09
7.4849137739855e-09
-4.4266110171222e-09
7.8569830183967e-09
-3.4606347670717e-09
5.6317415845894e-09
-7.8304781036744e-10
-5.9661397317894e-09
-3.6547378727295e-09
4.688568395905e-11
-3.7473730020799e-09
-2.1227600026693e-09
4.9305237575848e-09
-8.6165058830718e-09
1.0732420340686e-08
4.1967016767392e-09
6.232243921449e-09
1.614011009216e-09
2.1348709757436e-09
-3.8544888464687e-09
2.158539532956e-10
-7.794981748902e-09
-1.1707994596652e-08
1.8966548671358e-09
2.0395803828884e-09
5.4298638646548e-09
2.0364996317838e-09
-5.8860230706933e-09
-6.1094789021944e-09
1.108219778417e-08
3.1728337695469e-09
8.4164397290904e-11
1.4514664514438e-09
4.850123645841e-09
4.0612349006879e-09
-7.6241523862417e-09
2.0906391159365e-09
1.4737006642041e-09
-1.0232572450819e-08
-8.7142589990951e-09
1.3027013943185e-08
3.3730281268508e-09
-8.9646733885091e-09
1.8406914037515e-10
4.9753620023472e-09
-5.7100744781505e-09
-6.9583085948208e-09
-2.1685969153256e-09
-5.8129059787583e-09
5.1863418561829e-09
-9.3018336999197e-09
-1.4293434302168e-09
7.1023116558051e-09
-3.3267056403729e-09
3.9134629258098e-09
4.6962031510634e-09
-1.5418619881621e-09
-1.5961474583042e-09
-1.096557332869e-09
-4.1003450229684e-09
9.4686680000271e-09
3.181318261777e-09
5.7862570937202e-09
2.1921683486585e-09
-6.5247638837747e-09
-7.1308018594951e-09
1.2170931714193e-09
6.6508990151594e-09
-1.2064457276685e-09
-8.7647472813657e-09
6.6758733502381e-09
5.1500292319419e-09
-5.7043586819216e-09
1.2404720364862e-08
4.6143205747617e-09
-8.5606991754002e-09
3.3507408018597e-09
-1.0070145036563e-10
2.5168459642105e-09
2.3251084086282e-09
-1.0213309252791e-08
-4.042533746901e-09
5.5739291372905e-09
-2.4269025463904e-09
5.0909642193959e-09
7.5051376671794e-09
-1.3300967862838e-09
6.2460504043652e-09
-9.7349448816593e-09
-1.2623655140587e-08
2.0720000766054e-09
3.9037378202296e-09
3.7292919837148e-09
-2.7854382305659e-09
1.7537297028869e-09
-3.8073562143864e-09
2.4699946560766e-09
-7.7769138366651e-09
2.6694226819168e-09
-6.0508328665223e-09
2.7798118115349e-09
9.082744573148e-09
1.1659848293678e-09
4.6307338459231e-09
-1.0323256124022e-09
1.181662234481e-09
-1.5385060444091e-09
-1.3442139279709e-08
-3.6889352375871e-09
-2.0668075488934e-09
-2.3361130760829e-09
-5.4200900801704e-09
6.1517940761056e-09
-9.2218620289019e-11
4.0225937235388e-09
7.9323764208301e-09
3.1357445579289e-09
-9.437126678256e-09
5.0680870484614e-09
8.8271463269254e-10
-3.8277595632951e-09
2.8093808534906e-09
1.2925056572853e-09
-4.4290489032482e-09
3.0634048851316e-09
-4.8978656280987e-09
-4.3405172958063e-09
4.6339379221064e-09
-2.6936163867576e-09
2.3685823544141e-09
2.7871307222155e-10
7.2835452225866e-09
2.6490437367843e-09
1.2537645125499e-08
-3.4045585501841e-09
-5.0212736068373e-10
-2.9068185633831e-09
-5.6818197511311e-09
9.1585353091238e-10
-1.4201396280338e-09
1.8218819224857e-09
5.0509736189466e-09
2.5123084593648e-10
-4.5183899653685e-09
-6.3681940740646e-09
-2.8151586499924e-09
-9.7729727955216e-09
-5.6662117626454e-09
-3.7098075749172e-09
-7.923531361807e-09
-3.4340036610139e-09
-5.8346215219483e-10
4.3207815601707e-09
1.312940895973e-09
3.2347021731078e-09
-5.8395483014865e-09
-1.4561158456378e-09
-1.3878795132275e-08
4.5217495162077e-09
8.7238725916533e-10
-9.4389127164792e-10
-1.195963776658e-10
-6.218880313977e-09
3.8071740433651e-09
-1.1202917344587e-09
-1.1746438575633e-09
6.6605272335336e-09
1.2312630652552e-08
-1.472590191379e-09
-2.1349565117341e-10
6.1120704013105e-09
-3.0890416104785e-09
-5.1952056116909e-09
4.4705693500581e-09
7.0938386991936e-09
-3.0777225067704e-09
-1.2421408758042e-09
-5.066401203687e-09
-1.4504559171344e-09
5.4495992725987e-10
-9.7940722468899e-10
-2.0179078001784e-09
-7.7948801990965e-09
-3.482707764888e-09
-1.3578389200355e-08
-2.6194149608966e-11
4.2414450739091e-09
7.5036510275103e-10
7.2063821321513e-09
-1.3684029959622e-09
2.2572054871018e-09
2.1658031853581e-09
-9.0383247983156e-11
-6.2032488256207e-09
-1.9134750401753e-09
-1.4325610953163e-09
8.4160593276456e-10
7.2545521932248e-09
3.6555951099204e-09
-5.4469432869822e-09
3.7501402883551e-10
6.4652708814598e-09
-1.7763808190498e-09
-3.2418827895275e-09
-7.1435213191451e-09
3.6128365237355e-09
3.9391282474732e-09
-1.6474864741031e-09
4.6017410802113e-09
2.5171233051205e-09
-7.0980605182512e-10
-1.6065350592576e-09
-1.6771474579724e-09
5.7285603931125e-09
2.577396305572e-09
4.7190891731455e-09
-1.5191345399139e-09
4.1529707517721e-09
-9.7308267796288e-10
-3.4953267653056e-10
-1.9424114880671e-09
-2.6818527521858e-09
-2.0470867196042e-09
-1.8793259872155e-09
-2.2044920435817e-09
-1.0146002293402e-08
4.8786116072973e-10
6.4374197312405e-09
1.465600292257e-10
6.1372703014008e-09
1.8165533472934e-09
-1.6888414896748e-09
-5.0510931684856e-09
2.1370503104251e-09
1.0813301557351e-08
-2.2371034169375e-09
-1.9641738797427e-09
-2.7424553692019e-09
-1.3849600955229e-08
2.6572999035735e-09
6.4050450937046e-10
-1.0556996586846e-08
-5.5117316597327e-09
3.9523761182489e-09
4.1432457189329e-09
-2.2072597179692e-09
-2.2744752949333e-09
-3.8148616761954e-09
-3.6471834581866e-11
7.1098490727253e-09
-9.6288260735647e-09
3.4825423247801e-09
4.0739943231037e-09
7.722790321036e-10
-6.8963757008036e-10
3.433881362468e-09
1.1961567608099e-09
3.9454151648419e-09
7.1549444332734e-10
-7.0460574370324e-09
-1.0897528368546e-09
4.1744046377653e-09
-1.6451873239737e-09
-1.2148903032994e-08
-2.8239960697435e-09
6.6516016293916e-09
4.4868395552011e-10
9.9777296594389e-10
-4.3101564793176e-09
4.6636979712249e-09
-4.0809351637321e-09
-2.5129738268042e-09
6.7550148680104e-09
-5.051449069323e-09
-5.9169457899789e-09
3.3675557103967e-09
6.0932887747971e-09
7.0330794202621e-09
6.3877758589715e-09
3.0066508626634e-09
-5.5136425650263e-09
4.6321202908001e-09
-7.0235772254245e-09
2.505848473058e-09
4.3078524669604e-09
1.4648403145591e-09
5.1028584960573e-10
-6.4914016074175e-09
6.4613732873318e-09
-4.89104898635e-09
-9.4418427593428e-09
5.1122870682656e-10
1.8320688438525e-09
-8.8794491036539e-09
6.2755791302127e-09
-1.4465179369785e-09
-5.6257384324811e-10
-1.4318109795525e-09
-3.5383990643092e-10
-5.2624696479921e-09
-1.9150650291205e-09
2.2172710249057e-09
-5.0760579604483e-09
3.8876802968644e-09
2.3908257284051e-09
4.4459202518966e-09
-3.1909753380011e-09
-5.5454185649608e-09
-8.7220056976588e-10
3.3830304818989e-09
5.5135630782014e-09
-7.2487543191665e-12
4.7416691501352e-09
1.4103605677655e-09
-3.8964441062147e-09
4.8809972135806e-09
-1.6376153109885e-09
-2.4235469428014e-09
-9.9004303801151e-09
-4.3347523125055e-09
-3.8315024561106e-09
4.9533004403837e-09
3.2623113251975e-09
-2.0047574122584e-09
6.0547485627144e-10
3.4576618909831e-09
-6.4883910259491e-09
4.7346438405858e-09
1.107683226161e-08
-1.9686777932076e-09
-8.5510721668638e-09
-3.3636254435025e-09
3.428306338909e-10
5.8023809363551e-09
-6.246448699586e-10
-4.3889452338288e-10
1.5166691428282e-09
5.0214283566889e-10
-7.1757211125617e-09
5.2468070049933e-09
-4.6025736803864e-09
-6.7892167198093e-10
-3.6352169711506e-09
-1.252705786659e-09
-3.7386976727799e-09
1.3139888377755e-09
-6.0669332115026e-09
1.7300800521062e-09
4.4587690596352e-09
4.622155208956e-09
5.8709309233216e-09
2.8361119438682e-11
-2.1069234029366e-09
-7.3092462847026e-09
5.3399135049772e-09
1.4592287964239e-09
-1.7923941919537e-10
4.1896106182172e-09
-4.1890816931116e-09
3.6859968195368e-09
-1.7937690897634e-10
-6.8526334250396e-09
4.7306258939309e-09
-4.9365284311073e-10
-4.0666576938139e-09
-5.2503817593307e-09
-3.4155828323082e-09
-7.5213557341707e-09
2.5372597609706e-09
1.0883944725022e-08
3.5137464729399e-09
6.2623346497722e-09
-3.8566582722171e-09
3.2071600911842e-09
-7.3601967942083e-10
2.1586054738952e-09
2.8193408890928e-09
-3.2526049499151e-09
3.4126419568408e-09
2.056949222713e-09
-1.3442636470419e-09
3.4015770305024e-10
1.1253783284487e-09
-6.2219986579767e-09
5.2597795643972e-10
-2.0178067565907e-09
8.358061312811e-09
-1.7950944703893e-09
4.2971507370279e-10
-3.933549295694e-09
-2.5331605998875e-09
1.4384838007975e-09
-3.8411385511959e-09
6.2360786033561e-09
2.8126133263973e-09
1.2049159513539e-09
-4.763442566103e-09
5.010162750931e-09
-3.3505347792103e-09
3.151711920119e-09
2.8521351290328e-09
-1.0626646806515e-08
8.8445953432856e-09
-1.3548864072133e-09
-6.5398317833418e-09
6.0580610919901e-09
-8.0671073415151e-09
-1.7832570667721e-09
-1.0610455572348e-09
-5.8083359557302e-10
-1.9377216761472e-09
-2.4802506001376e-09
-6.8768893006354e-09
-8.9140411871827e-09
-6.0072227405621e-09
-4.5398990150706e-09
-2.0133739140801e-09
3.4584538774356e-09
9.7577656642726e-10
-1.4802666931133e-09
4.3322739957352e-09
1.1279959204661e-08
-4.9639774008599e-10
-3.1079198259985e-09
1.7614251041031e-09
5.1114261989281e-09
-1.7122615089103e-09
1.0968694509509e-09
-3.2263732052059e-09
-4.4795090183122e-09
5.4954647494212e-09
-1.8672619164434e-11
8.5480539824669e-09
3.0111284251561e-09
-2.7345723729919e-09
-2.3004542844005e-09
-5.3158408835909e-09
2.4438541330032e-10
-5.2849262202411e-09
2.076817270788e-09
-4.7968009093479e-09
3.0023640804315e-09
-8.2623551007086e-10
-2.8855835063619e-09
-5.7715441942856e-09
6.8997855492049e-09
2.8951701591167e-09
-3.3958773486636e-09
3.835145822564e-09
4.2645687712644e-09
-2.5802397127025e-09
-6.5961548298271e-10
-2.4906239656545e-09
-4.9981691850132e-09
-1.8707069322175e-09
-1.3200009085142e-10
1.5745594224356e-08
-1.630312091129e-09
-5.8913478490476e-09
-1.0392038696208e-09
-4.144131272126e-09
-5.6186713178811e-09
7.1866127036799e-09
1.6344382140153e-10
-1.6330074061147e-10
1.1511030565048e-09
-2.7000069176092e-09
2.8338167714018e-09
-9.9596908404012e-10
2.9367525590481e-10
9.3622262806012e-10
-6.9254835624285e-09
4.3541877800971e-09
1.0961226578979e-09
5.6172405056449e-10
-1.7734394371009e-09
3.0409712216726e-09
4.3157338717052e-10
6.4508061360383e-09
-8.537790276032e-10
4.0001754841258e-09
4.4818423628419e-10
1.0768868427088e-08
-2.4424056208127e-09
1.0580820658571e-09
-2.0547154509704e-09
-7.4008472746169e-10
-2.0804793284219e-09
-1.9069730695114e-09
2.366082066971e-09
-1.0256937911957e-08
-5.6729388575304e-09
-7.6411252308562e-09
3.2465783081021e-09
-5.795611308956e-10
-2.1858577085021e-09
8.2668986425984e-09
-5.847917954681e-09
1.7306224451706e-09
5.401940893467e-09
-3.0635680099596e-09
7.5412268057869e-10
-1.5755527784212e-09
-4.8963775608097e-09
9.4727355027958e-10
-8.3440003383557e-09
7.2478001432527e-09
8.0653994601567e-09
4.4676959399912e-10
-1.2973415367209e-09
-8.7212675668417e-09
-3.3629470549253e-09
-1.8941282961127e-09
1.5488221426604e-09
-2.9351183008189e-09
6.2301571701522e-09
-6.5311301873856e-10
2.6934634516547e-09
3.5154372152249e-09
1.4267305742906e-09
4.7177016130359e-09
-1.2310067079851e-09
4.1321760467876e-10
6.5293292786483e-09
5.9090995552434e-09
-1.6152185072175e-09
1.0443603767283e-09
-1.4903560414742e-09
-2.1913073095795e-10
1.106883885342e-09
1.1030662071927e-10
1.7292068598205e-09
-6.257240298819e-10
4.2038546672104e-09
-5.0130363808664e-10
9.6878284532453e-10
-6.8400189109845e-10
-1.1934386497551e-09
-4.7583144930491e-09
1.5368384728872e-09
-6.6896251059264e-09
-2.374807884992e-09
-4.8169575710014e-09
-3.9018102938873e-09
-6.6382818236616e-10
-8.4730309909854e-09
3.0829451311131e-10
2.3031601215473e-09
-1.1076326486704e-09
-6.5892051305997e-10
3.407451367159e-09
1.8534773036601e-09
3.8216345093141e-10
-5.1206736786619e-09
-4.4325899609785e-09
-1.591528174714e-09
-8.9400127066723e-09
4.4226711222413e-09
8.2403651055065e-10
-2.5443266318452e-09
2.3831334681293e-09
3.813138633904e-09
1.5910212864337e-10
5.8640898784232e-09
-3.1067099031197e-09
3.6699647935017e-09
5.5721118170366e-09
2.0491861556881e-10
6.64377312804e-09
-3.4901885519856e-10
7.926741497673e-10
7.0659913326774e-10
1.1041478421112e-09
-8.8425191510443e-10
3.2438211446386e-09
2.5612826361662e-10
7.48746037579e-11
-7.3236028574728e-09
5.7470626825491e-09
-3.0373339952569e-09
3.9292535431616e-09
4.2356808468094e-10
-1.4720434863938e-09
-5.0453551403901e-11
-1.5939572620664e-09
-2.293443018641e-09
-2.173319354492e-09
5.4172168695464e-09
-2.1124734536795e-09
-6.6040154119098e-11
2.1012792884143e-09
3.8415092660121e-09
-5.2469952070854e-09
-8.388497258284e-09
-3.944409405216e-09
-3.77535819891e-09
-1.8371028914865e-10
3.2871299382035e-09
-5.3379336649728e-10
1.6792783508807e-09
2.6380190785494e-09
4.5444675233516e-09
3.243716320394e-09
-4.6356021266486e-09
-1.7897401371559e-09
2.8717005149248e-09
1.9013469556594e-09
-3.2826990557147e-09
-2.330862512056e-09
-2.8629686254426e-09
5.5130262389854e-09
5.760065867503e-09
1.1574929039303e-09
2.4569770524017e-09
3.2448850541183e-09
-1.5821216833602e-09
2.5487613189896e-09
-4.844851267813e-09
3.5078665448071e-09
-8.0583059192054e-09
-9.0805332767076e-11
-8.3696828273064e-09
6.1462910693721e-11
-3.3251365306381e-10
2.1105281963522e-09
-3.7224723334385e-09
-2.2570940219548e-09
-2.7454343972543e-09
-2.2323851942081e-09
-5.5145166673047e-09
-9.5162630958876e-10
-2.47829642057e-09
-3.3020472817765e-09
-2.6085621252891e-09
6.8495427318632e-10
1.957986782927e-09
5.9291405696071e-10
1.7257598279391e-09
-2.8939249213532e-10
1.0883998332235e-09
-1.9682329322793e-09
9.310476832732e-09
4.7691758819156e-09
-8.7622678960778e-09
5.9176334515246e-09
-1.2505037467873e-09
5.2304726227572e-09
4.0398601097031e-09
-2.8561264858707e-09
-2.599563859181e-09
-3.1334357328881e-09
-1.590110097063e-09
2.2949696119492e-09
-1.9091847692605e-10
-1.1450695946587e-09
-1.120799928318e-09
-5.3887381026046e-09
2.1907845826804e-09
-6.3256768168398e-09
5.4575125795893e-09
1.1356349739622e-11
9.0116840264888e-10
-2.8075185255675e-09
-5.7560032897378e-09
-6.0941734288146e-09
8.5537246593088e-10
2.2025937739781e-09
4.5340510317464e-09
-4.4593225622907e-09
1.7616138073874e-09
-7.3340199258259e-09
-5.1420720161576e-09
2.0663006630725e-09
-3.5835111286387e-09
8.3634005680386e-10
-1.0160333584948e-09
1.4676702074172e-09
9.9572132612065e-10
2.5077175995144e-10
-2.358727635871e-09
-3.7147123316131e-09
-9.9358323777271e-09
1.3529177672686e-09
1.5053563754883e-09
-2.0980702250214e-10
3.8665065786601e-09
2.9175800346504e-10
4.9878797202771e-10
-3.4629409917123e-10
2.4973956729741e-09
-3.6558959639791e-09
-1.7538718623555e-09
2.757484124684e-09
7.0540554984414e-09
-1.3072877996913e-09
5.1958298243922e-09
3.921314944859e-09
-1.8582622245579e-09
1.8267348122197e-09
4.6186877369963e-10
7.348961244216e-10
-3.8355550720278e-09
-4.3974649536372e-09
2.6599022949671e-09
-6.4016417059452e-09
-3.1659198636985e-09
1.9284399541428e-09
5.997191965145e-09
-2.7315605871132e-09
2.1178581485599e-09
6.5994854659685e-10
-5.2233304734769e-09
2.8228403212224e-10
-8.8730766906086e-09
4.3940543770057e-10
3.3999778267614e-09
3.7545253658045e-09
-2.2262760094947e-09
-2.1274555586316e-09
1.0464876188939e-09
1.2128486042651e-09
-1.7553422741951e-09
3.5706177270749e-09
1.9176297827764e-09
3.0686113371692e-09
1.2180774581909e-09
-6.4450566722413e-09
-4.6118118738539e-09
1.5191125555055e-09
-2.718262857161e-09
3.3940777826802e-09
-1.85915711016e-10
-1.6585211854105e-09
-3.3560960416314e-09
3.4454273934057e-09
2.5703027416205e-09
-1.1736530752585e-09
8.0722348582608e-10
6.9652848957287e-10
8.9753560957459e-10
1.808622716881e-09
2.3180406709567e-10
-3.3061498045577e-09
5.2523850073363e-09
1.2375121053583e-10
3.2939662155996e-09
-5.5757323315293e-09
-3.1195785726711e-10
2.5418784124676e-09
-6.5629158406497e-09
-1.2990394104245e-09
2.4154855277194e-09
4.1992421478776e-09
-2.175008988393e-10
5.4620647374055e-09
6.590049222874e-09
1.2483485740417e-09
-1.0467186914339e-08
-1.1947572187817e-09
-1.3898130806922e-09
-1.0199936626247e-08
-3.0470784489182e-09
1.2204890386954e-10
4.413223415056e-09
-1.4096698516199e-09
1.7485914821358e-09
-2.2918621867365e-12
-3.3042821894335e-09
3.617327122505e-09
-7.4816317280181e-09
-5.297158982858e-09
-5.9824429447951e-09
-2.1764463537468e-09
7.8587250988224e-09
1.880501008378e-09
5.8036073145695e-09
-1.5922029637023e-09
4.5611528110389e-09
-4.5731128204297e-10
2.8812410082956e-09
1.1171689452609e-09
1.8647957104044e-09
2.8955591860394e-09
9.456295056209e-09
3.4087379935212e-09
6.8386444487576e-10
4.6322939539452e-09
2.0060451188155e-09
5.8669221193486e-09
7.4484658639641e-10
-4.3082209846677e-09
2.7429343546606e-09
3.4852821937318e-09
-1.1187578322971e-09
-2.8833844677723e-09
6.9873579256125e-11
4.3595537860738e-09
-5.0690813346335e-09
-4.0357225021144e-10
-7.0371050875623e-10
-2.8743853780015e-10
1.297229296321e-09
-6.4228897919135e-09
-5.3445152153325e-09
-2.4026695664276e-09
2.015670423199e-09
-4.3494078717777e-10
-4.3159919908472e-09
1.1701816998726e-09
2.6387130293332e-09
-2.5151129099483e-09
1.0799167228268e-09
-1.5368467634254e-09
-4.6997619185313e-10
7.4471586490025e-09
4.512170000673e-09
-3.8388915371511e-10
1.6924682234581e-09
-7.2984046403974e-09
-1.2563636984099e-09
-1.3636472578302e-09
-2.3109521107174e-09
-1.4409608170305e-09
8.3583670879117e-09
1.923243705966e-09
6.2126041555744e-09
1.9901381738693e-09
2.2359448007e-09
-1.6264270395855e-09
2.3138389827209e-09
5.5012741816703e-09
-1.1825992769876e-09
2.0601641324161e-09
1.6656871074641e-09
3.0272923554546e-09
3.6853078727666e-09
2.4555613618677e-09
4.3533967725974e-09
2.9570131056897e-09
-9.7455047436038e-10
4.2869720639657e-09
-1.9147285889567e-09
2.8984882035372e-09
-3.7306458919439e-09
-3.3238773583576e-10
3.7120348951247e-09
8.3105431495418e-09
-2.2169462656171e-09
-3.2164499424691e-09
-3.1114747282359e-09
-1.3262485672539e-10
3.6294023359106e-09
-3.793768212456e-09
4.4634996809842e-09
-5.1403086853398e-10
-1.9278882269657e-09
-1.5830204581943e-09
2.2043296493757e-09
7.282771102303e-10
-3.1978902574474e-09
-6.0778281724352e-09
-7.7098473394605e-09
1.3395893042902e-09
2.1742901940707e-09
2.664630628328e-09
-4.0729585958551e-10
7.674667738831e-09
4.0330145524455e-09
5.7763540542119e-09
5.2544577478506e-09
-1.8178686323949e-09
-1.7861462347757e-09
-1.6540310923128e-09
7.3158390290122e-10
-3.14387429336e-09
3.1688217473972e-09
-1.6502700106323e-11
-1.8676205367411e-09
4.9102006908533e-09
1.3489714540839e-09
-2.7508023818324e-09
-7.7833004079434e-09
9.9735664222723e-10
-2.6752127210843e-10
-1.7256199142516e-09
5.4277245057672e-09
1.3579330177237e-09
6.141760183425e-09
-8.3605503273376e-10
9.4959936974008e-10
-3.7399585197951e-09
3.7134647145858e-09
-1.027370773781e-09
2.8757419493346e-09
1.4134801182137e-09
2.0307774209888e-09
-2.1384462577752e-09
-1.8335279157747e-09
-3.0160587077105e-09
-2.2045589806561e-09
-2.5484980404446e-09
1.793328512165e-09
-9.1368403730729e-10
6.548602376637e-10
4.0371548071346e-09
1.6436149343709e-09
6.7122957331035e-09
-4.8653205693616e-09
-1.0325806315411e-09
-3.3919564990242e-09
3.1026914751342e-10
2.9502205946986e-09
4.5181349871273e-09
-2.1641859317549e-10
2.6875208654461e-10
1.481035879234e-09
-3.8005847394622e-10
2.7109452236429e-09
1.1660743879881e-09
-2.8967742329949e-09
-7.1097505478504e-09
-2.0888187446489e-09
3.2149653554398e-09
3.5861314293689e-09
3.1164485626194e-09
5.3397604976264e-10
7.7321561323089e-09
1.4557771219901e-09
-3.5336256168065e-09
3.5008352832638e-09
-5.3872350749585e-09
2.3450734640808e-09
-4.4511394764549e-09
1.1667829549929e-10
-4.6340724404091e-09
3.2922169142467e-10
-5.5881288728189e-09
1.6457389137159e-09
-4.2744048929212e-09
3.4210864590007e-09
-3.1465829139236e-09
-2.4959033259743e-09
-9.4844399498027e-10
2.4525386840933e-09
-8.8661362465436e-09
2.9981420213095e-09
-3.768261956377e-09
3.7136450336192e-09
-3.3528106782523e-09
6.5443646166408e-10
-1.1419976806735e-09
8.9687633835465e-10
1.3325442258982e-10
-3.4866045688803e-09
-4.0250363474318e-10
-7.1951357732075e-09
-2.0124883035463e-09
-1.4792562029509e-09
5.2416384111741e-09
2.3077207580061e-10
1.6793945799775e-09
2.141706740113e-09
1.1304020101712e-09
-1.6032828761001e-09
2.1942878197336e-09
1.0744079669873e-09
-3.5195645294951e-09
4.4069404733646e-09
-8.7784242399307e-10
-1.24389495103e-09
3.7921804336239e-09
5.563538460889e-09
3.3987897071393e-09
-4.639377099137e-10
3.2356898324852e-09
2.3118344918928e-09
1.7683172955062e-09
-1.7004462155367e-09
2.0253730583934e-09
-3.8113210921703e-10
-5.613649932745e-09
7.3933326778997e-10
1.2328566132517e-09
4.9287334830792e-09
3.3980697875974e-09
7.4337399852583e-09
-1.7442569983513e-09
4.2151661322483e-09
-4.9383930827462e-09
2.6958692964226e-09
-2.9007989795201e-09
-9.7771862047969e-09
-6.8901733261249e-09
-1.0899466900169e-10
1.4858158656783e-09
-2.6982088490199e-09
4.9424339569043e-09
-3.4894657940143e-09
-4.2682740317442e-09
-7.2334259594894e-09
-2.8491083557176e-09
1.3220385310593e-09
-6.5467622961971e-10
3.9256464230889e-09
2.1703804771224e-09
-2.0729400933e-09
-4.0294815592304e-09
6.0572336342767e-09
7.249603866316e-10
-8.7882349418362e-10
7.4497120978482e-10
-8.727201013454e-13
-1.9424859773644e-09
1.120519856537e-09
-3.8504835464864e-09
3.5918417395075e-09
-6.1133767877796e-10
2.4589998464587e-09
-2.1155725914575e-09
-2.5840199914211e-09
6.6003673424803e-09
-1.8633121582589e-09
7.3757957064374e-10
-3.578210227417e-09
-4.6288887678224e-10
6.3785343486264e-09
-1.72048757918e-09
4.6760403684646e-10
9.9009922338406e-10
-2.7771982537821e-09
2.367893429312e-10
-1.4321604728194e-09
2.5131512956405e-09
4.6179729020239e-09
1.1180294548336e-09
8.1505415038828e-10
-6.8916377535005e-10
-9.3547929319982e-09
-1.9368193611606e-09
2.1564902629505e-09
-1.4962399013458e-09
-4.108262988937e-09
-1.1617204609968e-10
-1.3144734065385e-09
-6.1648834421549e-10
-2.3735212730227e-09
-2.7387662040598e-09
3.3679446738968e-09
4.2199624058271e-09
-5.6494992805984e-09
2.7771243078286e-09
6.6391009383582e-10
-2.2940911204546e-09
-3.4739007913101e-09
-1.9819141799977e-09
2.1458070057622e-09
-4.171818711028e-09
-2.7901188350495e-09
2.0267103816121e-09
-9.0211483014134e-10
-5.1123541064316e-09
4.1172579428314e-09
-4.18893487238e-09
2.3947654617949e-10
-3.2658614185511e-09
1.8933499671355e-09
-3.7604892801983e-09
4.6255172544737e-09
1.6578460289006e-09
1.1431953436731e-09
4.8149077129771e-09
4.6028050862289e-09
2.1580333342566e-09
-2.9019470551954e-09
-3.6216169792903e-10
3.023374718361e-09
-2.5434825862723e-10
-3.1355601379075e-09
2.3095934246611e-09
-1.7861578814949e-09
-3.8727492976018e-09
-2.1175255416122e-09
2.6588496832675e-09
6.0636305064103e-09
-3.4889174562041e-09
2.0193932980781e-09
-6.0994365347735e-10
-2.3265247925921e-09
-3.3702577508054e-09
-4.1095866733825e-09
2.324339440112e-09
-5.1992088840671e-09
5.6661174578097e-10
1.9739467932753e-09
2.3972967739948e-09
8.6157670050611e-10
-1.5998371390311e-09
6.9539422668503e-09
-1.1988923782958e-09
1.6315132813295e-09
4.2420239170874e-10
-1.6051116964119e-09
1.3735106329384e-09
-8.8970422463591e-10
8.3899126148088e-10
-6.4743628326573e-10
-5.2842901314616e-09
-2.9464170209719e-09
1.8339371834041e-09
-2.2261286711275e-10
-2.1435900536386e-09
-1.2971361769253e-10
3.5440874058037e-09
-3.3388373111949e-09
4.7081245039334e-09
-1.5925300595783e-09
3.2259785001373e-09
2.4176384137862e-10
-5.0683979229326e-09
-4.4165306329876e-09
3.6666153165123e-09
-2.0647517832963e-10
5.4357718158791e-09
5.7305391114513e-11
3.2789259106224e-09
-4.8275848857675e-09
-1.4311003588605e-09
7.6759923035245e-10
-1.1799948469705e-09
1.4225535328009e-09
2.2052242218288e-09
6.248176065762e-11
-3.6419444608525e-09
3.960473786643e-09
2.2192081581935e-09
4.405765706731e-09
7.9614322745745e-10
1.9741144381155e-09
8.3801276527515e-10
-3.2333581450622e-09
2.8040938150752e-10
-4.1162972172667e-09
-3.1217999446588e-09
-1.6003744664402e-09
1.5567485266892e-09
-7.7951315672062e-10
1.5796484684759e-09
-2.4085153641712e-09
4.4219856801586e-10
-1.0077400401909e-09
-1.0393712452017e-09
-2.6651994723719e-09
-7.624585639967e-09
-7.2310980221354e-10
-1.6355103306492e-09
-3.0024700316123e-09
5.3919855802368e-09
6.8540884518109e-09
4.5177343070633e-09
5.0727735046118e-10
3.2967870234255e-09
-2.0363522866656e-09
-4.6188995055701e-09
-6.1253460020191e-10
-5.7722167301721e-09
-1.9097921572584e-09
-3.3895833058945e-09
-3.7272704560856e-10
4.8865442296124e-09
4.4278239735321e-09
1.758634595775e-09
2.0949677171464e-09
-8.7240558611993e-10
1.8766820958713e-09
3.4882306048727e-09
2.810565321804e-09
7.6571821666398e-09
-2.1842622147396e-09
-3.8753752637206e-09
-8.5815079266977e-10
3.1793117987388e-09
9.9360484988566e-10
1.9122085084969e-10
2.8735161271334e-09
-5.9437873403094e-10
-8.4932493254568e-10
-2.2367519049788e-09
4.2347321085566e-11
-3.8178690397793e-09
-4.580387741962e-09
-8.0272581778424e-10
2.1452863413893e-09
-7.8912342949808e-10
8.2200659499771e-10
2.8913012361819e-09
6.3458453139672e-09
-2.1380411837666e-09
1.9805154399318e-09
4.0282636146981e-09
-4.2546535514999e-09
1.1212715654136e-09
2.1440294895661e-09
-5.2917107219908e-09
4.2560602545439e-09
-5.4556541970708e-10
-4.3938329874369e-09
4.7729145058069e-09
6.5917603181626e-11
1.9904182683338e-09
-2.8080093364924e-09
1.8535644606144e-09
-1.461879771262e-09
-6.0731967111995e-10
3.3863467016462e-10
1.2299752605561e-09
3.4366787564318e-09
1.5358235279608e-09
4.0569347617638e-09
1.6756879423205e-09
1.292299497075e-09
-4.2963232918584e-09
5.8372960958767e-09
2.3716563022826e-09
-2.4662700621704e-09
3.6476637873219e-09
-7.8912523292574e-10
4.5998477477517e-09
2.8946624982781e-09
-1.4805864895974e-09
-2.0013071223021e-09
-1.8219406559767e-09
-2.4556721163805e-09
3.7672128232634e-09
3.4783410474228e-09
2.8703772996765e-09
-1.4353073822382e-09
9.0361407218391e-10
-2.531808330372e-10
8.5779483034388e-10
4.2359795672527e-09
-8.2027788083124e-12
1.9267487002818e-09
2.3428987126574e-09
1.5777427573344e-09
1.7349769229438e-09
1.2252414140933e-09
3.5206088268605e-09
-2.7574508547218e-09
1.4592829436308e-09
-1.9700222606629e-09
-1.4681005945323e-09
-4.7168081598178e-09
1.8476688874105e-09
2.7489825403157e-09
-3.1632319958044e-09
1.369861127349e-09
-4.6461877844875e-09
2.9418685271487e-09
3.5176765802344e-10
7.1737298484278e-10
-4.8073912392242e-10
5.8341696280698e-09
1.7054784124334e-10
1.6495933087874e-10
3.0000732361677e-09
-3.1151264164172e-10
-3.2153510911131e-09
1.6898539878648e-09
-2.3917196999016e-09
-7.199857434188e-10
-2.7710017285059e-09
-6.1828447077219e-10
3.3739324012452e-09
3.4751746985742e-09
1.0264035711309e-09
3.641704067525e-09
1.5114334040913e-09
9.412736906415e-10
2.5105640626645e-09
-1.0531432134344e-10
-1.7980420028527e-10
2.4181384551276e-10
1.0821117751926e-09
-1.6600383434901e-09
-3.8438789037478e-10
-3.4928342275044e-09
-1.9318613762034e-09
3.4505221951954e-09
1.7964762751029e-09
3.5704278899105e-09
4.42266784287e-09
-2.9236505446338e-09
-4.2348992273343e-09
-3.5370421204634e-09
-2.1487054298571e-09
1.3719310049128e-09
8.5369230582478e-10
-4.128298120924e-09
4.2416884776146e-09
-1.6019447499316e-09
2.8886105913152e-09
1.1620580489591e-09
-1.36037852036e-09
1.3973393366871e-09
2.4309535296902e-09
-2.4338779498264e-09
2.1326798459997e-09
3.1438185909971e-09
4.5323140582691e-09
3.1357979595616e-09
-1.2022035085571e-09
1.6032392467987e-09
9.4092606055849e-10
4.1006668583734e-10
1.784759238293e-09
1.7506392157204e-09
-2.3241857445365e-09
-2.8594348397444e-10
-3.7881114963363e-09
5.2320544231854e-09
-2.3125788764187e-09
-2.7243313862441e-09
5.0483241855217e-10
4.8520487173491e-10
1.1544724090254e-09
-4.2387427856746e-09
-2.1519107143672e-10
8.9034747807336e-10
-3.1016935158005e-09
4.3418778064059e-10
4.658452462828e-09
1.8416064354976e-10
4.2097398724857e-09
-2.8033967627354e-09
2.2438094689058e-09
-3.3410704494377e-09
-3.8953204949908e-09
4.5509101724429e-09
-1.4636102445071e-09
2.2724865871832e-09
-2.4852043816475e-11
-3.6043004070566e-10
-1.4596912884773e-09
-1.9424508508874e-09
-4.4928242489363e-09
-3.080086822007e-10
-4.252533755634e-09
5.0271202472037e-09
-9.065411751231e-10
3.656318159083e-09
5.0259008347581e-09
-2.0960874731248e-09
3.6168974194389e-10
-1.4356675046839e-09
-3.1968747160538e-10
1.2170086474235e-09
3.5045054364426e-09
-2.0696958000038e-09
-1.312221351761e-09
-2.9516105624319e-09
-4.1771142379658e-10
-4.6014524097269e-10
-1.5887294574332e-09
1.1831970510656e-09
1.0909895030838e-09
-1.0897800331277e-09
-2.9303017028014e-09
9.6131628242812e-10
5.0863725549754e-10
1.8806745011913e-09
1.4226822915782e-10
2.1691059859601e-09
6.2353356768115e-09
-2.2994610592418e-09
6.19268120867e-09
7.2362752874262e-10
-5.7380017072443e-10
-1.7403682163785e-09
1.5763265398574e-09
1.3031772150436e-09
-1.3689393945952e-09
6.7906625506554e-11
-2.6484004326381e-10
-1.6434734235705e-09
-1.2027567584277e-09
1.0357775838819e-09
-3.8407162387661e-09
1.1010552209086e-10
-3.111881650457e-09
-6.8543776904324e-10
-2.3355594859718e-09
-5.0138828009974e-09
2.2089412911177e-09
2.9467306051461e-09
5.3494730070975e-10
1.6935707137834e-09
5.8347123337414e-10
1.2270530322166e-10
1.3142630527336e-10
-3.9737010235215e-09
-7.2093607413326e-10
-4.3203863743789e-09
-6.7497814476489e-09
-8.0940750391308e-10
4.6418290958157e-10
1.2547087196396e-09
5.6378469703475e-09
1.0859110029602e-09
3.8891928870391e-11
1.959049499866e-09
-2.5672760615889e-10
-2.6130485314903e-09
3.4747823156087e-09
-6.0691905821728e-09
2.8640928487058e-10
-1.527087811212e-09
4.6432522427586e-10
1.4796028502352e-09
3.6933250978494e-09
-3.1846707356056e-09
-4.4314651457315e-09
-4.6709067561622e-10
-4.1396397482655e-09
4.719915788441e-09
-9.4706344697662e-10
-7.6610503621471e-10
-2.4766208286196e-09
-1.2992924049296e-09
-1.0399251782854e-09
-3.0946736347824e-10
-2.9983818014248e-10
-1.0193241117542e-09
1.3315634562692e-09
-1.7030873011593e-09
1.7829143194669e-09
-1.1114068109726e-09
-6.6208798484254e-11
-1.8606085898555e-09
2.0811317465032e-09
-1.1732658372189e-09
1.237134833152e-09
-8.5329148908931e-10
-2.5837652534149e-09
1.1655810377124e-09
1.3801546948186e-09
-3.5891727123898e-09
-3.3923462535764e-09
1.2778906911895e-09
-1.191590947439e-09
-4.9841378694183e-11
-2.3741772867385e-10
4.1474286465263e-11
-2.7999355121009e-09
2.6213879206642e-09
6.1356695815053e-10
-2.6993721891092e-09
1.5396007697617e-09
-6.4574549985886e-09
-1.3496406422254e-09
1.7348057188955e-09
2.3944720968032e-09
5.0347069022092e-10
4.4773569523913e-09
1.4853573750228e-10
9.6743346491779e-10
6.5115049663491e-10
-5.6402991630943e-09
-1.0873090154345e-09
2.5234053621922e-09
-2.818958150164e-09
1.5316239546767e-10
2.0187239857887e-10
-5.2533241904558e-09
5.0067077267923e-10
4.9786507736236e-09
2.7393143186845e-09
-5.0612261725584e-10
2.2032486859827e-09
2.505950600098e-09
-2.4792404850901e-09
-8.8853911254382e-10
-7.279552019693e-09
-7.3672748912363e-10
-4.3402966248385e-09
-1.3212010797846e-09
3.0259055439577e-09
5.4808887188419e-09
6.8899355303265e-10
-3.1482819572365e-09
-9.2756267495451e-11
-2.0468597547543e-09
6.6194520142563e-11
-2.6555916480163e-09
9.4528257570791e-10
-2.7159484904158e-09
1.0410580911018e-09
4.0104146190994e-10
2.4153055628089e-09
-4.8313141114622e-09
1.7766694877036e-09
-1.5832807855705e-09
-7.3044167221758e-09
9.5224384401781e-10
-3.2940968347834e-09
-1.5497870184151e-09
-2.6118201481195e-09
-2.3712590211672e-09
-3.5362279285838e-09
3.0676661066772e-09
3.1237423812152e-09
1.4743419273446e-09
-1.4064679602147e-09
6.0104979642453e-10
-2.340419807712e-09
-1.0405623129646e-09
4.0446701139819e-10
-1.818355970094e-09
4.9034560116772e-09
1.5397499919428e-09
-1.9893770295819e-10
1.1056065423807e-09
6.3482723415893e-10
-2.2546417633349e-09
-2.2201202128841e-09
3.2806835138968e-09
-1.4306957271015e-09
-1.4914275358108e-09
-3.4470060507179e-10
2.03087435052e-09
3.1082171963085e-09
3.3698969505946e-09
1.3262358739523e-09
-2.9502079456169e-09
3.3067333756031e-09
7.6552638731936e-12
1.4294308321637e-09
-3.2723981704894e-10
-4.6076979925162e-09
9.4812846650293e-10
4.7552868440593e-11
-4.8231112180252e-09
1.5205764409689e-09
-3.6119409583069e-09
6.2519898561204e-11
-1.1366984722101e-09
-1.0653128242729e-09
2.9738137242367e-09
8.7654215345248e-10
-4.1332904800866e-09
6.0540657756551e-10
3.988934736221e-11
3.6820270393303e-10
1.1334830539877e-09
-3.6549595762936e-10
-2.8610507364253e-10
1.507942009047e-09
2.0728916824409e-09
6.1036883031448e-11
5.4916718101067e-09
3.2900332534765e-09
-7.8873054672666e-10
-2.3741780431538e-11
8.291537959155e-10
-8.88891499675e-10
-2.1538856278085e-10
1.8237281534278e-09
-3.4716306643636e-09
-4.1262272752066e-09
2.7351294492626e-09
-2.3685762309049e-09
-1.9709704282513e-09
7.2943367257897e-11
-3.140354147104e-09
-1.3154136866021e-09
-1.6418300561088e-10
2.8219466930229e-09
2.5106400456492e-09
8.3559459432228e-10
1.9863525825138e-09
2.7883211868098e-09
2.8706640616099e-09
1.2666618871645e-09
-3.7610307245416e-09
2.8835767624368e-09
-3.04186359745e-09
-1.2122797286508e-09
4.068430839285e-10
-5.9373203338075e-10
2.4546079863032e-09
-1.3040194307247e-09
5.6505431755117e-10
5.2947017240875e-10
-5.0368065928374e-10
-2.8559679080693e-09
-1.6926946099188e-09
-3.4645981875836e-09
6.2621808540324e-10
1.8535077043029e-09
2.6850712195897e-10
4.7783051904927e-10
3.6359462821649e-09
4.9180913605227e-09
1.1688046287649e-09
-2.3243557352745e-09
-1.7698670939966e-09
-2.1847429706835e-09
-2.9201030465809e-09
-2.0848815711623e-09
-6.6253998155991e-10
-1.1759569674859e-09
1.9549017654916e-09
-1.9648847397768e-09
1.9071124627194e-09
-9.8265753245227e-10
-2.8358204259575e-10
6.8887797786157e-09
4.8607913718082e-10
1.4052572091007e-09
-3.921528142318e-09
-3.21997271114e-09
4.7538532569111e-10
-3.3581099526285e-09
5.8525972904021e-10
-3.0969473871457e-10
-1.2551602393562e-09
2.0061617849846e-10
-2.276477074194e-09
-3.7471285543979e-09
2.0166649371313e-09
3.4412429966326e-09
1.2668217950459e-09
1.4383025505132e-09
-2.7344521910227e-09
3.1743690173682e-09
1.2167560152672e-09
1.1088481694394e-09
5.9952969231995e-10
-2.6316143740804e-09
-1.6484150060415e-09
8.4724390663591e-10
3.0728031128012e-09
-2.7678937878506e-09
-2.6643580251932e-09
2.8497115298378e-09
1.0302670631314e-09
4.1633479112099e-09
4.1480985146001e-09
1.4853870248708e-09
-1.3485746245812e-09
-6.6316832117186e-10
3.8621448511273e-11
-1.662006014322e-09
-1.713272098818e-09
-8.3910855576636e-10
5.57334035684e-10
-2.5056484340667e-09
-1.5561130934702e-09
-2.7838303596859e-09
1.6849011620491e-09
-3.1599291444301e-10
-7.2994117436435e-10
-3.4217168000195e-10
-1.3036714380899e-09
2.9609734593639e-09
2.6828228624118e-10
-1.5771090244124e-09
-3.0176542638328e-09
-2.7860771308143e-10
3.5834008981056e-09
1.5070569058162e-09
6.7033560480663e-10
5.3745802815531e-09
4.2823759202946e-09
9.816916899342e-10
-1.1283105770156e-10
5.3070157506646e-10
-3.8038894003457e-09
3.2738792403001e-09
-3.0886026491319e-09
7.2429721947668e-10
3.2671846297398e-09
2.0845614730821e-09
4.2333898300201e-09
1.8506057858556e-09
-7.3678664442493e-11
-4.2820065882933e-10
4.5557607980067e-12
-8.5295291855624e-10
-5.2327373908295e-10
1.8931109023815e-09
-4.0612179527817e-09
-8.9503580072301e-10
2.5261370197014e-09
7.1215473502928e-10
1.4879804162577e-09
-1.8156221756879e-10
-1.5444575358401e-09
1.8314355079579e-09
-6.3856676379318e-10
4.8046258565746e-09
1.7085051870733e-11
8.7503882631603e-10
-4.5191527309922e-10
2.6717364860294e-09
2.776798989414e-09
-2.2067568711833e-09
2.4237772914171e-10
3.9506097353339e-09
2.8968450782603e-09
-2.763957546636e-09
-4.2300591521957e-09
-2.9937381714554e-09
2.8751437561486e-09
-3.9603551872076e-10
-1.9102634342498e-09
-1.5891190996443e-09
3.7697811780317e-12
2.3968402118527e-09
8.9146315758336e-10
1.6415780802218e-09
-4.3287511064603e-09
3.1845629222322e-09
-8.3606703979345e-10
-2.758363151121e-09
4.1355371631028e-09
-4.6845439138481e-09
-3.0727424574916e-09
-2.1835803544542e-09
1.1933869571988e-09
4.8851586204113e-09
-1.6282781566577e-09
1.7865110663954e-09
1.8990659148963e-09
-1.557460228068e-09
-3.8861156569348e-09
-6.0538635659318e-10
-1.5594456355387e-09
2.6359579951261e-10
-2.8700235251783e-09
3.0072890368036e-09
-2.2401407789273e-09
-2.2484204872376e-09
-1.3925928318337e-09
2.9988261282109e-12
3.4413924537462e-09
2.6966929262865e-09
1.2390314993416e-09
5.5088081905311e-09
-1.5240462856359e-09
-8.8611270663741e-10
2.8827524693601e-09
2.8043541401561e-10
-3.873029101201e-09
3.594002451449e-09
7.4920517431523e-10
3.9189700072701e-09
-1.3577542587949e-09
6.1891418753651e-10
6.3172108418396e-10
-2.4284402991511e-09
2.1080728800813e-09
-1.9268138232584e-09
2.3489760064834e-09
3.3647259773918e-10
1.1524122720567e-09
-1.46758700551e-09
-1.518570883088e-09
9.7641970927084e-10
-2.0148391457464e-09
2.588049963345e-09
-5.6306792383154e-10
1.2087285123354e-09
-1.0910540387123e-09
-3.6081307377732e-09
2.627762189039e-09
-1.8778887231801e-09
5.1325395865959e-09
3.8977636282738e-09
-2.1007015268825e-09
-3.2834685087559e-09
-1.0707232145845e-09
1.6950760937984e-09
-1.3321652627309e-09
-5.4559156062252e-09
-2.9897324245714e-09
-9.0292645535266e-10
-5.0310388287672e-10
-4.79779849664e-10
-5.3013231594661e-10
1.0866465654094e-09
4.1721540398114e-09
-8.3105310368073e-10
-1.8170996675092e-09
3.1706803606566e-09
-2.0401890804694e-09
-4.0869901969812e-09
-1.0391654507751e-09
-1.6211465711802e-09
-1.054041730298e-09
-2.2792612424928e-09
-1.9449474782736e-10
2.7702100250165e-09
1.0034562696631e-09
-9.299954252955e-10
1.3335074787999e-09
-2.8853973254283e-10
1.844135601297e-09
-3.8140433310818e-10
6.5181620301605e-10
-1.7409998956214e-09
-2.8726645372591e-09
3.6760654752216e-09
2.4323939965179e-09
-4.7248627398043e-10
1.8006693625068e-09
-4.2794259958459e-09
-1.5300291952579e-09
-3.1997220756756e-10
2.8264729382323e-09
-1.2073299419678e-09
3.106446589275e-09
-3.9781635904828e-09
1.3743385557501e-09
-7.2374689813654e-09
-3.1178793028474e-10
-1.6026029994073e-10
2.1933380452269e-09
-5.8670562981603e-10
9.0396413140934e-10
1.0303024195993e-10
2.8431521230344e-09
2.1360548898798e-09
5.2469779775162e-10
-9.5601330198945e-10
-6.4412508773078e-10
2.7024584867021e-09
3.5728919475589e-10
-6.2254082567649e-10
-7.3448997126285e-10
-6.57800693235e-10
2.9066617151153e-09
3.0618682459657e-09
-1.2055013061981e-09
-6.9101592933164e-10
5.4339235930742e-11
-2.7972915586421e-09
-6.7174789002028e-10
-3.160545996591e-09
1.8538662425379e-09
-1.642963715179e-09
1.4434015245059e-09
-6.9598251564173e-10
-9.8695821576886e-10
-2.2552203090521e-09
-8.0798700420668e-10
-2.081576544958e-09
6.5906063132924e-10
1.4841985757802e-09
-2.3332158466289e-09
-2.6264766108252e-10
-1.0279629689061e-09
1.8745083113463e-09
-4.9703775536771e-09
1.2559351886997e-09
-2.0489408891564e-09
-1.3980849460868e-09
4.4290719335488e-09
-2.3850657534672e-09
3.4776813559427e-09
-1.0003192500913e-09
-3.3391717458985e-09
9.6880932383613e-10
-9.5260065051389e-10
-2.9175082914482e-09
-2.8906966700002e-10
1.3423818345486e-09
4.1413620766021e-10
4.8124272598334e-09
1.2610172925172e-09
-1.8975671855508e-10
-2.6578083464951e-09
3.5770334961513e-09
-1.7443087979933e-09
2.1978979519248e-09
2.9862739932111e-10
-4.4627423581913e-09
5.6283288329213e-09
-4.7672794163652e-10
1.4248481301924e-09
4.9849953131975e-10
-2.2853136159438e-09
-1.6149421781436e-09
4.7538195328108e-10
-1.5851203117031e-09
1.3076411871006e-09
-3.141550829202e-09
-1.7111887697038e-09
3.3002822027428e-10
-2.6461369673056e-09
-1.6476887549028e-09
4.7995297689073e-10
-1.580492156682e-10
2.8384030197492e-10
-3.3936825288991e-09
4.6545051937701e-09
1.8263572047194e-09
1.8045628807996e-09
-1.1925427244123e-09
9.6166772795915e-11
1.3124961888687e-09
-2.5285433659874e-09
2.2634349947801e-09
2.2439506008478e-09
-6.7256575072348e-10
-1.3701535405536e-09
9.2285778574879e-10
-1.1159620754405e-09
-1.2099792123941e-09
1.3398217139795e-10
-5.7450668503672e-10
7.5232863968716e-11
-1.5137752165215e-09
-3.516023286752e-10
-1.7662143303088e-10
1.919590465009e-09
9.5927037672934e-10
2.7855358351003e-10
1.7231500769387e-09
-2.8591245757242e-10
6.2075457821934e-10
2.0438889170042e-09
-2.9722484110437e-09
1.4692149953257e-09
-1.9878371047186e-09
-3.3955320686206e-09
1.0008231671903e-09
-2.5956177965531e-10
4.1923785957145e-09
2.6202554113716e-10
1.8933228185263e-09
-2.7286340829655e-10
-1.6244083226654e-09
1.3060943600232e-09
1.1072855199329e-09
-2.0146326261492e-09
-2.8901562135263e-10
-4.2166942945107e-09
2.0915137029454e-09
1.602930090557e-09
1.0212800174051e-09
-1.6880042828973e-09
4.2671935764722e-10
2.9324750149531e-09
2.3023483215883e-09
-1.8326946314014e-09
-1.7190819728904e-09
-4.5266728583593e-10
-2.3580157521235e-09
-9.6600221599038e-10
-5.463355440069e-09
-2.1647390820094e-09
9.9728343372723e-10
-7.087157277102e-10
-1.977375460893e-09
3.5589885401806e-09
-3.9159374774153e-10
2.5202186153851e-10
-2.9563255017461e-10
-1.4248461124773e-09
-2.117654929587e-09
-2.3734217511502e-09
7.2033605660894e-10
-2.0407666123609e-10
2.1344204134379e-09
1.5686830263105e-09
-5.5752305429626e-10
3.4224350496907e-09
-6.7023891455974e-10
-6.9788449407919e-10
-2.8857303709306e-09
1.6222779065246e-09
-1.1610596088372e-09
-2.7512049306207e-09
3.6107289770291e-09
-6.9230626684584e-10
-1.3899246972489e-10
-2.3990068594861e-09
2.1889398647216e-09
3.6327918138705e-09
2.2839486337869e-09
-2.3787809195864e-09
-1.344039175142e-09
3.971545562012e-09
-6.259888131832e-10
-1.511438033736e-09
1.0827336424203e-09
3.9407317663251e-09
1.4970287644464e-09
1.2250004743349e-09
-2.6135112586955e-09
1.8025692040083e-09
4.7439056746954e-09
1.0695331873959e-09
-2.086996021859e-09
-1.1171352665458e-09
1.8411313901212e-09
-5.3627470611061e-10
-2.2329512480893e-09
2.4020705665412e-09
-1.5959227682928e-09
-9.1889836857228e-10
-3.135275489632e-09
5.1963328782593e-10
1.2578902327509e-09
1.0815100304327e-09
-6.6556618977988e-10
-5.1423046098579e-10
-1.9148399596339e-09
-3.0497696905655e-09
-1.0887154209361e-09
-4.2493349767121e-12
4.4893902903509e-10
-2.921221330611e-09
2.8497630549578e-09
-5.2912564733959e-11
-1.058607710066e-09
4.1799278270791e-10
3.0554920997386e-10
5.0243761360692e-10
4.9640805589304e-09
2.4651708826592e-09
-3.2975094777648e-09
4.8018693836593e-09
-7.9810406996605e-10
1.0304983621942e-09
-2.1416354594205e-09
-7.2886784177932e-10
1.1505692649825e-09
1.1733153778975e-09
4.2940450895078e-09
1.4204868000237e-09
-1.1545719657107e-09
1.1410406105227e-09
-3.5416157360114e-10
-3.3327599667546e-09
2.2590360262009e-10
2.4557624730964e-09
-3.3591014543345e-09
-4.7260743075119e-10
2.0844738502078e-10
-6.2441403069989e-10
-4.551230693473e-09
-1.2324529051326e-09
-3.50857381533e-10
-1.7253888857832e-09
3.4758331778042e-09
2.0249802167686e-10
-1.9035537037505e-10
-3.3658415827086e-09
-9.6416502207644e-10
-8.1197574096974e-10
-3.1219932827944e-10
8.2613086522095e-10
1.8893329113299e-10
-1.9852762245182e-09
2.2211345512681e-09
2.3386219035468e-09
2.8644303325175e-09
-1.5587885515419e-09
1.4040162861181e-09
1.0402445608421e-09
-8.7190331580235e-10
-3.3209333465904e-09
1.7439932049234e-09
3.5792831515163e-09
-1.4759998487117e-09
1.1331857404544e-09
-2.1228059063986e-09
5.9297906989922e-09
-8.0652807014905e-10
-3.4034712520164e-11
2.5855583985447e-09
-2.3845284816749e-09
-8.8873330008888e-10
8.8801717604217e-11
3.0555493268054e-09
2.8439923419208e-09
-6.1755625104527e-09
-7.2412439502835e-10
1.1236965650394e-09
1.4761926380569e-10
3.250831042125e-09
-2.0817955875763e-09
2.7734019591653e-09
5.510852327483e-10
-4.3713015706549e-10
2.1993239079041e-09
4.8215036904024e-10
4.3956766119423e-10
-6.1405023821071e-10
1.1321581834306e-09
-3.6532368934197e-10
-1.5176085176875e-09
-3.0270467859911e-10
-8.7854002615413e-10
-3.4521729897241e-09
1.5306744197979e-09
2.1038214021523e-09
-4.4315420805621e-10
3.5419915854128e-09
2.7853627140755e-09
-1.1362786291408e-09
-3.383315288509e-09
4.6185921838153e-11
-1.3053315886779e-09
1.5055419899424e-09
1.0116968440909e-09
5.3936273483106e-10
-2.5957150527085e-09
7.3452176690443e-10
6.3252620773323e-10
-1.9423447067513e-09
-4.2354064610305e-10
-1.3335573725069e-09
-9.3052251134175e-10
-3.8593342871198e-09
2.6195122591223e-09
2.6285980057879e-09
-1.7758552464404e-09
1.0638537250621e-09
1.7587484997512e-09
-3.055977823071e-09
-5.7529177396664e-10
5.7517950470735e-10
-3.0074021484953e-09
-1.9327165852741e-09
-1.2655307778674e-09
1.135569073913e-10
1.8538464827031e-09
1.3585898527304e-10
1.3494056444823e-09
-9.1165640634347e-10
-7.2993211336584e-10
-2.4137213332554e-09
-1.2223878278321e-09
-1.9918613478915e-09
4.3364525100217e-10
-1.1662102194538e-10
-1.2760535603415e-09
3.3526586353979e-09
1.1050382836702e-09
1.7685445512713e-09
4.0182342630001e-09
-4.7164980723793e-10
-4.1897301504412e-09
3.6775407654395e-09
6.3353740854681e-10
-1.5626881671532e-09
5.688564347303e-09
-7.8778036534932e-11
3.7545393128015e-09
-2.3194475918849e-09
-2.3414040797349e-09
-1.4892399030709e-09
-1.2957660936162e-11
-1.5757801894493e-11
-4.1263343572837e-09
5.1216551180631e-10
7.2292752205605e-10
5.3905426997705e-09
3.5534064155639e-09
1.688664704618e-09
-2.3296447306224e-09
-1.2515609525829e-09
-9.2580974136335e-10
-2.1216662503525e-09
1.3112271580299e-09
-1.2195672840547e-09
-1.6380384999003e-09
3.7158612732394e-09
1.3162530939237e-09
2.1828140991022e-09
9.4459011549086e-10
-1.3174657046832e-09
1.0727112359787e-10
-2.4369553473597e-09
7.6876724145514e-10
2.4276245490967e-09
-2.516533549673e-09
1.8433923927738e-09
-7.2348325315906e-10
-1.268126682846e-10
-4.5396553346886e-10
1.6728159189501e-09
-1.393816442773e-09
-1.1857564725265e-09
1.7390279382141e-09
1.2742258072043e-09
2.8333310156628e-09
3.8291745113155e-10
2.5220758414919e-09
1.1497844471964e-09
9.015694928833e-10
-9.4129141991512e-10
-3.156220025117e-10
2.1173499788342e-09
-3.5693850027414e-10
-2.4458899719657e-10
-5.2536693759378e-10
9.5677363705105e-10
3.4459822781495e-10
1.1184276377314e-09
2.9016815901369e-09
-9.1005298005932e-10
-1.9284714290108e-09
-5.1134865913711e-10
-2.0879518735573e-09
-6.2150088364317e-10
-2.352762189578e-09
-9.0105698232031e-10
-1.9312596413757e-09
-1.2039900078092e-09
-1.2029545424126e-09
1.7638887009776e-09
1.3660637339055e-09
-2.6979637979963e-10
1.6940840056734e-09
1.0634145474806e-09
-8.2410614123861e-11
8.5051214583672e-10
1.2108728415741e-09
-7.3324611575031e-12
-4.240744949113e-10
1.1250125839764e-09
-1.4543811046892e-09
5.2199038225972e-10
1.603856310411e-09
-2.232151394266e-09
2.439202394628e-09
-1.7899280958593e-11
-7.4498019424376e-10
1.0151054385316e-09
-1.0936379118396e-09
-1.5484278494049e-09
3.2796044239222e-09
-2.7076834373202e-09
-6.7202309882474e-10
-3.8985629571988e-09
1.1191242512847e-09
-8.1936273697691e-10
-8.272997729593e-10
3.7946948891503e-10
-4.9109463657355e-10
-1.0995847755769e-09
-9.8102536628839e-10
-7.3298399062482e-09
-2.6989430729291e-10
-4.203149132897e-09
-3.1382077938032e-10
-2.0563344078699e-09
1.5058725017286e-09
3.7744819732002e-09
1.9874604028032e-09
-1.425142310448e-09
-2.2752560118445e-09
-1.1352211865635e-09
-2.0152610295459e-09
8.4853865219948e-10
1.4610913057215e-09
1.4490506969355e-09
-1.6603445173697e-09
-7.2877277707475e-10
2.1298333306409e-09
7.1948260337572e-10
2.5209507674737e-09
1.6176625545264e-09
2.2318540609948e-09
1.7768834340765e-11
6.2145476599581e-10
-3.4218976629916e-11
1.2920114976765e-09
5.6096182108871e-10
1.0175226286398e-09
2.4744105638525e-09
2.1538569572949e-09
2.2307009433036e-09
-1.6004560927817e-09
9.5737829739938e-10
1.1341983068137e-09
7.7045805021265e-10
-6.8185881955029e-10
-9.2377501525054e-10
7.8727136520387e-10
4.2730525246234e-09
1.3324431803346e-09
-1.3606897610205e-09
3.8831244615362e-10
-1.644286706857e-09
-1.6254653553124e-09
-9.1120683628274e-10
-1.6338301249051e-09
-6.3491517851467e-11
1.889671145961e-09
-7.110081618688e-10
5.392824641639e-10
2.5861403178714e-09
1.2021248057208e-09
1.961611453356e-09
-1.3126515917965e-09
-2.5650269999236e-09
-3.8795111216006e-09
-6.1605948987872e-10
6.3463160778494e-10
-9.0367141780226e-10
1.5301549312928e-09
1.2152270270594e-09
3.2592002417864e-09
3.3270689611317e-09
-3.2171123685757e-09
-9.0918956207388e-10
-2.3298776670311e-09
-1.1208113005467e-09
1.3501044383779e-09
-1.5909993404399e-09
6.4681555485166e-10
-3.1603278544227e-09
-1.2973044271102e-09
3.5264791533698e-10
-1.6448707555482e-09
-3.2838810058018e-10
3.2871233038987e-09
-1.54997758902e-09
3.926626919064e-10
1.6677281269632e-09
-1.1347294156406e-09
-1.4224304468567e-09
-1.5332519713188e-09
-2.343655543392e-09
3.0866232275542e-10
2.5001814621315e-09
6.2647306001081e-10
3.83972066918e-10
4.6836036305135e-10
4.8685190084448e-09
-1.9277922221802e-09
2.622103469615e-09
1.8868790611299e-09
1.0231256755903e-09
-3.6405481013587e-09
-3.1133282434743e-10
1.3147913529305e-09
-6.5682694596612e-10
-1.2539538430072e-09
2.0779832854405e-09
6.9196525466363e-10
-9.5563670608609e-10
1.6628252068801e-09
3.3450740191771e-09
-4.4631714761436e-10
3.0773570983541e-09
-3.0013736765473e-09
-1.5573521679662e-09
-3.8874076873985e-10
-1.1714672108902e-10
-9.0294942662693e-10
4.7373913971143e-10
3.236838231365e-09
-1.8669991007874e-09
3.2850304336149e-09
1.1907877432711e-09
9.4486808900575e-10
1.3109154979311e-09
-4.2081869143459e-10
1.9764743141308e-09
8.9963298846294e-10
2.158805397508e-09
-2.5929099610025e-09
-1.4104588920588e-09
1.0689594516443e-10
-1.0002012490978e-09
-1.6797789760636e-09
7.0434585898287e-10
9.4216843151134e-10
-6.0268132666617e-10
1.2150808249682e-10
2.8510294747716e-10
6.1331530658788e-10
-1.8871054393584e-09
1.9218668343316e-11
3.3906934843213e-11
-6.6888698700206e-10
-1.3211154632396e-09
-3.2491512163271e-09
1.7136277585694e-09
2.4138838015969e-09
1.5161180604476e-09
1.5205064927641e-09
4.9133425011187e-11
6.788839044231e-10
-1.3840015355296e-09
-1.8837592135522e-09
-1.156148134731e-09
-4.2602242915338e-09
-1.6253123278884e-09
-5.9799877517903e-10
-1.0912255566219e-09
4.2097219154387e-10
-3.689775372419e-10
-1.1636900242239e-09
1.6748874730449e-09
-3.2496742881593e-09
-3.2597625816098e-09
2.5196404950024e-09
5.1441827952242e-11
4.4702485061376e-09
-1.1166793912258e-09
-1.0357041233372e-09
-3.7984114100638e-09
-1.3210921766509e-09
1.4011879463307e-09
4.2858373380104e-09
4.7307165907976e-10
-2.1617964868238e-09
3.4997094379709e-11
-1.4427878079254e-09
-2.4930109816448e-10
-2.8865023067655e-09
2.2142913267073e-09
-2.2082409581905e-09
-4.0278613372468e-09
-1.488124357032e-09
3.7374595767445e-10
-2.4821510828638e-10
-7.6501551951662e-10
-4.0064702042011e-10
1.6082918795814e-09
-1.6015645585985e-09
-8.6659149238694e-10
-5.7013666480084e-10
-7.2152169425811e-10
-8.5965122937116e-10
-2.5020702293318e-09
-3.7090122098466e-09
1.4234970331889e-10
4.4318051072186e-10
2.5795201957603e-09
2.5871287505454e-11
9.9875234553953e-10
-1.3948001304208e-09
-5.9712500074249e-10
-1.5190267783094e-09
3.0043369089041e-09
2.2179128320778e-09
1.866024408202e-09
4.7977638189293e-10
2.4874843847567e-09
8.6199166584127e-10
-1.3773347375384e-10
-2.392108198586e-09
-3.8731302713833e-09
8.0265391953332e-10
-1.3895999889777e-09
-4.5046965990445e-09
2.4087633718113e-09
2.563188115437e-09
-1.5773693429807e-09
1.9267673723504e-09
2.8027117736492e-10
-4.8576161174401e-10
-1.3810506463297e-09
-5.5367546479024e-10
-4.5963542345067e-10
-4.6710886384374e-10
1.7972244767676e-09
-1.0998959379015e-09
7.8171674678678e-10
-2.2070663980333e-09
-3.634012695205e-09
-9.1176760182792e-10
6.1553439843651e-10
-1.8497352189274e-09
-2.2997454011203e-09
-1.0382406999978e-09
-1.9742623910813e-10
4.2712315256082e-10
-1.9376831231649e-09
-2.5659427947382e-10
-3.237056531189e-09
1.8485754850752e-09
-1.0171063336909e-09
1.3375822662768e-09
-1.1837146283694e-09
-2.2664200335422e-10
-7.2977082445617e-10
-7.4662624453905e-11
1.524712744016e-09
-2.891629064325e-09
3.200803820171e-09
-6.4032048247257e-10
-1.3362657668548e-09
-1.8170017922875e-09
3.2321949863704e-09
-9.9656479252459e-10
-8.8024213420304e-10
-2.8618813625778e-10
-1.9140277436799e-09
-1.6831859283834e-09
-1.9176330688714e-09
-2.5975920192832e-09
8.9749367716377e-10
-4.1943568598924e-11
-7.4875244601183e-10
-1.4286836595352e-09
-3.1715948989146e-10
-1.2092377609294e-09
-2.5762312880991e-09
-5.1411793046989e-10
-3.2108697560177e-09
-4.1195871886617e-09
8.2437208862355e-10
5.9774158744448e-10
-3.6024974562659e-09
-6.7595020480961e-10
-7.019765783862e-10
1.5147707138075e-09
-1.7038756824082e-09
8.5479137420893e-10
-2.5173184388211e-09
9.0494415712663e-10
-1.4408109399192e-09
2.3573861715942e-10
3.6090927199351e-10
-8.9673455833827e-10
2.370353174372e-09
-7.5343413196491e-10
2.8523325935523e-09
1.4048211041939e-09
-2.0464042282943e-09
-1.5527359987369e-09
3.3017788422863e-10
-1.9022022667378e-09
-1.4122942462177e-09
3.1624905955169e-09
-1.3241759908956e-09
-1.4569784260079e-09
1.8652054423673e-09
1.2082694817415e-09
-4.151199615111e-10
7.1025490926359e-10
1.1152376976069e-09
6.4951364514256e-10
7.6811149846646e-10
-6.9058516999429e-10
3.0710311192982e-10
1.8445868127461e-10
1.319001827722e-10
-2.4190011414515e-09
1.999714671933e-09
1.1475795108188e-09
-6.5738824662751e-10
2.233173856225e-09
4.1844610076689e-09
1.9805501855449e-09
1.1060769712952e-09
8.2227450482007e-10
-2.2658109843548e-09
-8.0530844087779e-10
-1.0591047296312e-09
-5.9640089490356e-09
-6.7350760617228e-10
-2.246159537106e-09
-2.3582863597237e-09
3.9265823063228e-09
2.076677429856e-09
4.399310624114e-10
-2.9403534675452e-09
1.2804929776645e-09
-1.6566173948771e-09
-5.7550542190103e-10
-2.2241805370274e-09
-2.2018966709068e-09
-1.2470200521045e-09
-1.521524452603e-11
-8.6504505251764e-11
-2.1496530611215e-09
2.3744909226696e-09
-2.4708386069336e-09
7.1653861949807e-12
9.3027878314574e-11
3.3548493624217e-10
-2.5988682110545e-09
3.8937420166395e-10
1.626955700286e-09
-7.4856567702476e-10
-2.7254133617711e-09
-9.9506658236228e-10
1.7655146674446e-09
-4.769355356058e-10
-3.8131364335591e-10
-1.0553245357484e-09
-6.1511940298292e-10
4.2242381204958e-10
9.5668610482573e-11
-3.013161372357e-09
2.1855707170637e-09
-6.444696034184e-10
3.5277824307319e-09
-6.7943339744048e-10
6.2599563057467e-10
8.3004005934209e-10
-1.3866624889355e-09
-1.0743430585092e-09
-3.7999285933294e-09
2.5702156170459e-09
-7.884015979484e-10
1.7624001731399e-10
-1.1573236353245e-09
4.8538124531698e-10
1.8337799517747e-09
9.021651722325e-10
1.2750762809722e-09
-1.1073479170339e-09
-3.1072172345378e-11
-6.7156946553711e-10
3.3514164996081e-10
3.5931105453131e-10
-1.6702660149332e-09
-3.2530702831269e-10
9.2722423391739e-10
-2.9743302805573e-09
2.5813249002849e-09
1.8075573231386e-09
-5.7095834998712e-11
8.3797343034149e-10
-2.3808049172965e-09
-6.9961706986974e-10
-1.4420201542759e-10
2.1021824019205e-09
1.0099714720005e-09
-7.1922245671876e-10
-6.0115850357155e-10
7.5569684760912e-10
-1.5285355415699e-09
1.2895271257271e-09
-2.5828414593088e-09
-4.6969535916685e-09
2.2689125950541e-09
-8.0025856188907e-10
8.1804031825264e-10
3.8180189222595e-09
-7.5028831423893e-10
-5.4698784230797e-10
-2.0465313676993e-09
-4.078842204626e-09
-3.9370349045811e-09
1.3560406108956e-09
3.6138502276075e-09
6.0646569297994e-09
-7.8925140121999e-10
1.5246316408357e-09
-1.3711989060909e-09
9.5574594692164e-11
-1.4172811651946e-09
8.8941660301004e-10
-1.155097681081e-09
-1.1771189790619e-09
1.9008286196179e-10
-7.8971303202816e-10
-1.3086525430367e-09
9.8366549482628e-11
1.1679367015451e-09
-1.2081412878337e-09
-1.6463443819086e-11
1.2808444177003e-09
7.550595745759e-10
-1.8955762010927e-10
1.4285571826672e-11
1.2423457577278e-09
-2.2407469287742e-09
1.6409759697332e-09
-1.7318303075311e-10
2.9359765925573e-10
-3.6525529835459e-10
2.0536359741141e-10
1.499893797079e-09
1.357486679075e-09
1.8563007711331e-09
-9.9038196516078e-11
2.9802677981604e-09
-5.9116577162889e-10
4.2234260373653e-09
-2.4014688093635e-09
-1.9666369851022e-09
-5.6226707904149e-10
2.8255311230855e-09
2.6969520030202e-09
-2.5780782612779e-09
-1.782715845471e-09
-7.0569998623811e-10
1.91758607452e-09
-2.5096689545351e-09
-1.6110203337621e-09
-6.6304605808945e-10
-3.1066549237777e-10
1.4000931705952e-09
3.3560244443366e-09
1.1969871696604e-09
9.7082987352238e-10
2.5148908428919e-09
9.4137961708669e-11
-3.7146237553169e-09
-2.0505119000402e-09
-2.6561472301528e-09
-2.7134155318661e-09
-1.6231225073465e-09
3.8178355370598e-10
1.9158706304293e-09
1.7263912318013e-09
1.2575262770674e-09
9.1632867020454e-10
-1.8093264712464e-09
-1.960090796487e-09
4.0512562813595e-10
-2.8813068470823e-09
2.2367463512159e-09
-6.0785617955762e-10
-2.0848326110345e-09
-5.2073240417167e-10
2.3670552276878e-09
-2.3354038574112e-09
3.4494606236972e-09
-3.0042358984648e-09
-4.9416652096225e-11
1.0068897538589e-09
3.9862126009172e-09
-2.6174801109636e-10
3.0002260988822e-09
1.7104522744832e-09
-1.7863145465928e-09
-1.0028738304788e-09
2.2649117577431e-09
4.7425131348563e-10
-1.4934911813762e-09
3.769715638998e-09
1.7855387189784e-09
-9.7761997470393e-11
-1.6083689418722e-09
6.8884518779792e-10
-6.8429464728778e-10
1.2144584473112e-09
-3.3871097623598e-09
2.7111828995523e-09
1.1630244863281e-09
-2.2660761062153e-10
1.4460897934404e-09
4.6751904441768e-09
3.8716133662684e-10
-1.8713989833866e-10
1.6738171793759e-09
-1.9080708772336e-10
6.8130577336193e-10
-7.4067747488688e-11
-3.0003868388105e-09
-3.2100817021854e-10
4.8351310342157e-10
1.4940946807807e-09
1.0970367668229e-09
6.7513403769132e-10
2.9268332193921e-09
-1.3065220745879e-09
3.869781068711e-09
-2.6234345206588e-09
1.0299356096149e-09
-1.3008717498503e-09
-1.0622871835628e-09
2.3282127885564e-09
3.228574448482e-09
3.4696967997951e-09
-3.5147848041229e-09
-1.0796677237546e-09
-8.0209428337493e-11
4.1772363752524e-10
-1.8458521599995e-09
-1.89188541769e-09
4.0030740210191e-11
1.3398120865126e-09
-6.850527967006e-10
3.702691741719e-09
2.3735477034377e-09
-1.1417292065464e-09
8.3146296000248e-10
-2.0031897723336e-09
-6.6119417040234e-10
-2.1155385912831e-09
-1.8427386953491e-09
-7.60103001573e-10
-5.8360828628079e-10
2.3179926412741e-09
9.2983572992571e-10
1.5277685105627e-09
-6.0095663981829e-10
-1.4481343028857e-09
-2.1479312966273e-09
4.8586667342266e-10
2.885885999096e-09
-5.2752558589972e-10
-9.3379819854132e-11
-1.5713973946271e-09
-1.2638991813244e-09
-2.311373606512e-09
-2.6757994798883e-09
-2.6628324006026e-09
-8.8377549697449e-10
9.4028697612924e-10
5.2243955997235e-09
2.4455134293112e-10
1.188245021904e-09
-1.3035455288582e-09
-1.1609580363114e-09
-2.1648768686828e-09
-7.3811739350739e-10
-1.6744596686792e-09
-1.9254372872694e-10
-1.3889258984694e-09
3.5877129214037e-10
3.1260134244766e-09
-6.2211517318745e-10
-3.3020807368833e-09
6.1820356472159e-10
7.9069968026236e-10
4.0431694941831e-13
-1.1032752127693e-09
1.5447179367219e-09
-1.9772154386984e-09
4.5487309548244e-09
-1.5043376066038e-09
6.0888595015266e-10
2.5097548759656e-09
2.8648025912695e-09
2.8184137048916e-10
-1.4452921395142e-09
3.7866358801788e-11
4.1201972460703e-10
-1.8354892038501e-09
-1.3717190643197e-09
7.5197775421523e-10
-3.1745868628946e-09
7.0398267219611e-10
-2.9979159109665e-09
8.9457573885458e-10
-3.6287697046218e-09
-1.947993694683e-09
-1.3177459018571e-09
1.6063738653065e-09
1.8503255905662e-09
-2.9175222791651e-09
1.428093414783e-09
-1.9057078060222e-09
1.2777312810728e-09
1.7986526455759e-09
6.0732523166344e-10
-1.6192291058106e-09
1.1867983900897e-09
-3.5031714982808e-10
2.2260534861669e-09
-2.0301445896965e-10
-5.7556992359329e-10
3.8314953260067e-09
-1.8909123990706e-09
-3.1628308185226e-09
1.3967422604426e-09
-1.8208061542168e-09
-2.5012539397089e-10
-5.3836732968169e-10
1.9351979542854e-09
-1.3343406642157e-11
-1.0882905088657e-10
4.176798945065e-09
1.1950609695198e-09
-9.0659043472467e-10
-2.0054260572713e-09
-4.536170861315e-10
-3.8257204871556e-10
4.1095694919549e-11
-7.6625608908713e-11
3.7501446892544e-10
7.7306609756605e-10
2.876057186258e-10
-2.9774823470883e-09
-1.0178358364911e-09
3.54477775779e-10
-1.046179206964e-09
8.3757589344284e-10
-1.3363752693381e-09
-1.5525493586923e-09
-6.3023740428175e-10
6.4676380804009e-10
-3.8628789355193e-09
8.021125624546e-10
-3.4089267230894e-09
-1.6666649124997e-09
2.0224094980793e-09
2.4789657329915e-09
-1.388401834274e-09
-1.9071842924123e-09
1.3392259357012e-09
-3.6300479763208e-09
1.248011978783e-10
-3.0559694796454e-10
1.8965528918492e-09
-3.3725899083218e-10
2.4643549376889e-09
2.9818036078062e-09
2.518059097761e-09
8.7207387007723e-10
-7.5422343698026e-10
-9.8557725418068e-10
-6.300229545051e-10
-3.8676024104775e-10
4.097298802905e-10
-1.16464001625e-09
1.8505545036655e-09
-8.1830854102661e-11
-2.4244989632608e-09
9.5443036834058e-10
-1.6958233484578e-10
2.9199898250814e-10
-8.5545148242452e-10
-2.2691920050864e-10
1.0138459079198e-09
-4.595668298807e-09
-1.506220401061e-10
-3.2506402404536e-09
-5.7720923867221e-10
3.9868812406374e-10
-1.385581954934e-09
-4.0886455376802e-10
-1.667540269058e-09
3.2254082596744e-10
-4.3372919844252e-09
2.7796314857742e-09
-4.8928740907868e-10
2.1654910090983e-09
-1.3279185931262e-09
-1.668390441588e-09
2.1557347403012e-09
7.3833393832392e-10
2.2433528287186e-09
1.9497477987722e-10
-3.0666867795735e-10
-1.3021915096957e-09
1.5590036295785e-09
-5.425030333068e-10
-1.5901182556503e-10
-5.0520030530806e-10
-8.320227226062e-10
-1.0365691190213e-09
3.0576016909447e-09
1.0956133048402e-09
-1.753104589756e-09
2.1303646826965e-09
6.2870962600124e-10
8.3411766874027e-10
2.0144504402918e-09
-3.3574880585887e-10
5.0599198349329e-10
-5.9086357807068e-10
8.3524805804944e-10
1.784283113744e-09
2.0930332139454e-09
-8.0909790946189e-10
-9.8651292889327e-10
-1.2845752190916e-09
-5.3324957828884e-10
-2.0330651179499e-09
-1.8189844082548e-09
4.8354807857177e-10
-2.7263680929419e-09
1.7028755666582e-09
1.6136322078693e-09
-2.4560666749528e-09
1.5010844650745e-09
4.1321306257018e-10
-2.6958836581661e-09
5.456192309946e-10
-5.4632058124411e-09
-1.1439175608021e-09
-2.1822541832359e-09
-1.5836430742049e-09
3.8610536855794e-10
2.8266612792817e-09
7.5094904604213e-10
-9.3302220357579e-10
-6.2999930509176e-11
-1.2988154092478e-09
2.2653998284584e-10
2.6406034674463e-09
-1.4862643124501e-09
-2.479404807312e-10
2.3358514104283e-09
-1.4986025755778e-09
-1.6781038023033e-09
-1.0586372695173e-09
-3.5341819724318e-09
-2.9380716147717e-09
-2.8657672691063e-10
1.1189639225906e-09
-2.5622215364291e-09
-7.2146773596763e-10
-2.4392496942573e-09
3.9893443116223e-10
1.2882653400804e-09
2.0851136603213e-09
-1.7414262114799e-09
6.6174633442633e-11
3.6085495667128e-10
-8.8098151789294e-10
1.5104869256735e-09
-5.7768347525161e-10
2.2957473048191e-09
-4.9512028760244e-10
2.0204970115792e-09
-2.0871461287456e-09
8.2421794124226e-10
-6.6659700075004e-10
1.4101534935449e-10
-1.5135111591861e-09
5.6403710542321e-10
-1.6773237370168e-09
-8.1258515509209e-10
3.481155418493e-09
-4.6868807200369e-10
1.6453450780032e-09
-1.1623415311096e-09
3.527786523479e-10
2.5329422991817e-10
-2.4327798883014e-10
-1.3483435998761e-09
-1.4357334319453e-09
2.0148453308211e-09
2.1765410313444e-10
9.5110952800646e-10
1.7443340235443e-09
-1.9703966374837e-09
1.6830997491967e-09
2.1075939668567e-09
-4.7912825987954e-10
2.5094851803734e-10
-1.4511205507011e-09
1.2441957058848e-09
4.0099074258151e-11
-1.3863563836441e-09
6.5198799075453e-10
1.8742267254227e-09
1.6476701912916e-10
-8.2424605218609e-10
1.0420322403244e-09
2.4080261683092e-09
1.5172309533577e-10
-6.8702659545602e-10
1.468756392757e-09
8.4125689232844e-10
4.3618385689176e-10
4.3539854356376e-10
-3.7643291464694e-10
-6.4001874152401e-11
-2.041586940593e-09
3.1292554426984e-09
-2.8045425466312e-09
-1.5617876233769e-09
-1.885881079182e-09
2.2101756857062e-09
1.720449303433e-09
4.9655654406536e-10
-3.9456185955132e-10
-7.7721761165427e-10
-1.7321555241309e-09
2.4402803002928e-09
-6.0868701833773e-10
-2.7865726354318e-10
1.7037766190973e-09
2.4534953889117e-09
-3.3304639210352e-09
-1.7107313808549e-09
1.310978077185e-09
-4.1541275871665e-10
-6.0986836969807e-10
3.3724357101111e-10
2.5021691958526e-09
-1.2577282795286e-10
3.8636967680067e-11
-2.3770796691191e-09
1.8550456670929e-09
-3.7882101834914e-09
-1.1380776853199e-09
-1.3821597015407e-09
-6.4163686856912e-10
-2.0769650200338e-09
-7.0297203959694e-10
-1.6134498874174e-09
-1.467200353195e-10
1.7065243983874e-09
1.1122206901897e-10
4.0416538634528e-09
-5.1398363207481e-10
3.254201675061e-09
9.5382818288825e-10
3.1292518603909e-09
1.3272664863652e-09
4.4370828539048e-10
1.4988503654399e-09
-7.0536686906407e-10
2.3104885093567e-09
-3.0449150314806e-09
-5.0338318734206e-10
5.8481595281542e-11
2.7408000923465e-09
-1.2102455498664e-09
-1.6065971732608e-09
-1.2478457723035e-09
1.6971096495812e-09
2.0459940659343e-09
-1.5070777080599e-09
2.3188387646586e-09
-1.6566029248625e-09
2.2382748384447e-10
6.4260221043778e-10
-8.0577730659208e-10
1.6449639740912e-09
-1.3913039557803e-09
9.5976808172288e-10
1.4116959740699e-09
1.1295739160871e-10
1.5045876343789e-09
-1.748760284205e-09
8.3439047136198e-10
-2.7223141623043e-10
-7.023856858461e-11
7.4838685006606e-11
4.3177241514195e-10
-4.71262287094e-10
9.9436538827643e-10
7.9403827339976e-10
1.0416834359026e-09
4.8584783313307e-10
2.6995907110725e-09
3.5847218227349e-09
1.3353019584361e-09
-7.7664773540918e-11
-2.8865756329786e-09
6.6071914266861e-10
-6.5940778900824e-10
1.6940897566706e-09
1.8099407056336e-09
-1.9193469064221e-09
4.4533341188391e-09
9.3614298323071e-10
2.6587694096094e-09
3.9264373580783e-09
-1.8964584169064e-09
-2.2250033225409e-09
3.9372919000801e-09
9.0337134570235e-10
-9.8345287296289e-11
9.5602265777047e-10
4.471835270562e-09
-7.0467920034622e-10
-4.932868728128e-10
-2.8959091578905e-10
9.624761467718e-10
1.7384467796353e-09
6.9163633894745e-10
-1.0226813774947e-09
4.890383669122e-10
-9.3143047421904e-10
2.1513451596805e-09
-1.1884122632714e-09
2.6107139456963e-09
6.4668897292615e-10
-1.1643683543348e-10
1.2142231416326e-09
-8.9699188384982e-10
-9.2227617480145e-11
-8.1415439007777e-10
-1.2463344092787e-09
2.1119037171624e-10
-1.0122271833265e-09
-1.2741953840576e-09
3.1924528491404e-09
-4.1279751407634e-10
-1.2460449505835e-09
-1.6549956843942e-10
-5.6221429911913e-10
2.0279124949717e-09
1.3249259506586e-09
9.9450060702673e-10
1.2265196127315e-09
3.2621659151903e-09
-7.6022775051681e-10
1.3317251079923e-09
-1.3432163191561e-09
1.6045734267157e-09
-1.3774859031023e-09
-7.6110130442664e-10
-1.3885933296651e-09
-4.4875752746202e-09
2.0804769698399e-09
2.4243197692519e-09
2.2134467057374e-09
-4.523484739308e-10
1.9405446895878e-09
1.8264711344334e-09
1.2175563919972e-09
-8.1276999302724e-10
-2.4735310534318e-10
-8.4163270558783e-11
-6.5652949465041e-10
8.1730467835808e-10
2.2031706416725e-09
8.3651000052372e-10
-1.4252829643664e-10
-5.6132031043891e-10
-3.014345835549e-11
-1.4120489259666e-10
-2.873626103376e-10
-2.7085867812519e-09
-7.6396026252754e-10
4.9327504801027e-11
3.7261171464118e-10
1.0597300756513e-09
7.3023636873906e-10
-2.5479625026765e-10
7.1329444290992e-10
-2.5888917364026e-09
3.2961522671964e-09
-2.6917696268476e-09
5.7002285051909e-10
3.056713499396e-09
-1.8352107147159e-10
1.9496403309552e-09
5.660032755315e-10
3.9375611443407e-10
-2.7045668064607e-09
-2.4219314619275e-10
5.4488162765921e-10
7.1565703664736e-11
5.3563044549978e-10
2.7394387881778e-09
1.9241234016207e-09
8.8978204298478e-10
5.1891408616082e-10
1.1029659323577e-10
-9.2187479998351e-10
-6.1156895633791e-10
3.6871744524994e-10
-1.5491007736278e-09
-7.1969545861865e-10
1.2203471065969e-09
1.830373026049e-09
-1.4830176810124e-10
-2.8602075323357e-09
1.0510649559945e-09
1.1923541706424e-10
7.8235879029084e-10
7.8321372800004e-10
1.0750330061729e-09
1.8325450072995e-10
1.0877978189622e-09
2.6394249138962e-09
2.0914153112309e-09
1.0631105773785e-09
9.0493288357689e-10
-8.591885306844e-10
8.7401182913786e-11
-4.5224671700418e-10
-9.9985973095033e-10
-2.1761864925984e-09
-1.5208904646502e-09
-2.8719566799114e-09
1.0388481508425e-09
-3.0846205323031e-09
2.5519749848108e-09
-2.2525256990307e-09
-2.6474840719022e-10
-1.5731164786284e-09
9.4890150364319e-10
-1.4960890315596e-09
-6.168860582433e-10
2.7250664085865e-09
-8.4200150934174e-10
8.4588183970918e-10
-8.1216537736647e-10
8.9483291330128e-10
-1.2270473819522e-09
1.1441173647375e-09
-1.4841441079086e-10
7.2025101538342e-11
1.254565883008e-09
-1.1237746819827e-09
3.4664757045101e-09
1.0453002221486e-09
6.7621581601407e-10
1.5276424194928e-09
1.525292265844e-09
-1.5708151987188e-09
-2.324828602106e-11
3.3168260844227e-09
-3.813543261465e-09
-9.9639442552199e-10
-6.803922654859e-10
-7.88863102327e-10
4.0846491224186e-10
3.6511940815788e-10
-6.6608477124961e-10
-5.0771982437499e-10
4.2783014442057e-10
4.9017981283669e-10
7.3659537252241e-10
1.7823000210935e-10
-2.7411739934677e-11
2.0806187394728e-10
-5.7513554081002e-10
3.5315991030844e-09
-3.2284692846146e-09
9.5416661043369e-10
4.1956413690205e-10
1.1401437693255e-09
-3.290559640414e-11
-8.2362584045574e-11
-1.4899990703312e-09
2.149661565659e-09
1.8010731827831e-09
-4.9068469655992e-10
-6.4600064372598e-10
-2.6976321031409e-09
-4.2423145780639e-10
-8.467243057072e-10
3.9004898208017e-10
-1.2908941511051e-09
4.1612713110714e-09
1.05221880686e-09
-2.1091568994841e-09
-1.6001995442574e-09
6.1050885549164e-11
-4.8478243159108e-10
7.8750065788872e-10
-7.4955218777098e-11
-7.093542910756e-10
-1.1002328270514e-09
7.1108955609566e-10
-3.2172236847725e-09
-3.4273786109666e-10
-2.1620577275195e-09
-1.8671973936263e-09
1.0419310646905e-09
1.2497976015967e-09
-2.7859921930866e-09
1.6559717214134e-09
3.229179705105e-09
7.2464600864346e-10
2.8205352778856e-09
2.8731422252804e-10
4.1248464250759e-10
-9.5302516334014e-10
1.6717043535159e-11
-7.5657398567598e-10
-3.0021571323908e-09
-9.2350595546976e-10
-5.1714923814759e-10
1.1852316645538e-09
-1.6168670433953e-09
-3.1487094142596e-09
-1.9159734392848e-09
-8.6133097310116e-10
1.0935941417796e-10
-1.9445992742422e-09
-1.4244857663183e-09
2.6285537696489e-09
-1.3338603853054e-09
3.8140542406263e-11
-4.713597893568e-10
1.1391375535845e-09
9.6784020705785e-10
5.3045424484026e-10
-1.1635462387354e-09
3.423888603553e-10
6.9622017933095e-10
-4.7038423508208e-10
1.6661012437285e-09
-7.5409904040574e-10
1.9179532852406e-10
4.3952318532607e-09
-3.0391391086199e-10
-5.2762598848761e-10
1.2636456795046e-09
-2.4420855449088e-09
-1.4736686381194e-09
-8.6530564912177e-10
-2.6382811190942e-10
4.8733298773567e-10
-1.1771172946893e-10
1.1064385487175e-09
3.2376538793228e-10
-7.8357907165024e-10
-1.5340304875881e-09
-3.0911788143661e-10
-1.1313332624426e-09
-1.7922732999627e-09
-8.308802481224e-10
8.4482109683733e-10
2.4173239337001e-09
-1.5781790722033e-09
-2.673157761372e-11
-1.7761996952376e-09
-2.9877143999937e-09
-7.6622230240679e-10
-1.1065833712678e-09
-3.0068585938284e-09
1.5146829609673e-10
2.4488028763956e-10
-2.3992808163803e-10
-1.8943421987532e-09
-2.6638409459443e-09
-2.0541850419411e-09
1.9948329179154e-09
9.3017303217489e-10
-4.9822075638929e-10
-9.8959587408897e-10
-2.9978785975709e-09
3.1569513974426e-10
1.657264872707e-09
2.2813509402222e-10
-6.0943872753329e-10
1.1801290134638e-09
-6.6619966404725e-10
-3.0954276541593e-09
1.8867246209632e-09
-4.0313461218171e-10
-5.9865042756795e-10
-1.0225349824521e-09
-4.6319308943579e-11
3.4870072726028e-11
-1.5897554818522e-09
-3.5200516741087e-10
6.6635513153487e-10
4.993997902617e-10
-3.1355661628506e-09
3.5367776611946e-12
-3.6518650434438e-11
-2.5267813220591e-09
1.5564186697919e-09
1.6782199610952e-09
1.1119067878522e-10
5.339126599997e-10
1.0222026101353e-09
-5.919536354993e-10
2.3023484255138e-09
1.1743525967013e-09
-1.5411409813515e-09
-5.931670271785e-10
-1.379739518934e-09
-2.2139025063991e-10
-7.6965428528997e-10
-5.8211519504687e-10
-4.3995055606886e-10
1.072387516411e-09
1.278512060578e-09
7.4299481068792e-10
1.1637971650042e-09
1.1336680768855e-09
1.4501064046857e-10
-1.8913934200803e-09
-2.9905897020164e-11
-1.58497625159e-09
-7.4419976713951e-11
5.4946157152223e-10
1.2005130923253e-09
2.1894159057073e-09
-1.4577115579036e-09
-6.1458813232501e-10
-6.9465976708089e-10
6.8879449711054e-10
-2.6864823076658e-09
1.2678303588628e-10
-5.1738270202455e-10
-2.6174609106765e-09
8.2072625696095e-10
-6.5935387272242e-10
7.3844358164265e-10
2.092163633106e-10
-1.1401266642933e-09
1.2047892801346e-09
8.9210031272861e-10
7.1276660175469e-10
-4.8289313110992e-11
1.1156417755815e-09
-8.0184927117066e-11
3.4049687421146e-10
-1.8389111781521e-10
6.0586036526494e-10
6.4566874424697e-10
-5.4998434014596e-10
3.4807117880763e-09
-3.3902949045323e-10
-4.1817093681999e-10
-5.5440713136909e-10
-2.342784418265e-09
1.0873524281408e-09
-1.5399708531771e-10
1.3539401599414e-09
-1.4187362756174e-09
-1.8087717094397e-09
2.5447609657229e-09
2.1111467493564e-10
4.4126507811677e-10
9.7821296535525e-10
-1.2481570713914e-09
-2.5263518217748e-09
3.5845503532469e-10
9.9459829247944e-10
-2.1129289552303e-09
-8.6457328699972e-10
2.700198543716e-10
-1.1345284433084e-09
1.8894908903887e-09
-2.3858748992905e-10
2.7175510394864e-09
8.8520979869728e-10
-5.1402290069813e-10
-5.5128374716037e-10
1.6024621230291e-09
-3.6265524721998e-11
1.6386782873198e-09
-5.3756798000125e-10
-8.7862540554441e-10
1.6249264701687e-09
-2.5712930672487e-09
-9.848743420639e-11
5.0401480888978e-10
-3.7715401791073e-10
-1.5093954265373e-09
-5.3833109313581e-10
-4.1675565265176e-10
-1.326948104736e-09
2.1386289324046e-09
3.568891363786e-10
1.6866565688735e-09
8.9841346255976e-10
8.8706931043216e-10
6.9514224315841e-10
1.289426867005e-09
9.2274621038851e-10
1.3247307537481e-10
1.7321855332606e-09
2.5294550701958e-09
-1.9214330548514e-09
-1.8778883231054e-09
-7.164915263655e-10
2.2780308897297e-09
8.4698322603721e-10
-3.7143140643227e-10
9.1467623610731e-10
1.2080942339255e-10
3.5222071263562e-10
-6.1352142621419e-10
3.4341323908172e-10
-1.1086272372434e-09
-1.289547157181e-10
1.9885288250535e-09
-2.2059421647312e-09
1.5224538774301e-09
-1.168826775806e-10
2.2140372249467e-10
-2.4376529328719e-09
-2.1817389846028e-10
-2.3436926737577e-10
-8.9634592799339e-10
-1.3519585508165e-10
-7.7482709988749e-10
-2.8629616267182e-10
5.8517160430019e-10
-1.7334949340311e-09
-8.8874599145305e-10
1.8754705330007e-09
9.2884950737071e-10
1.0047551002575e-09
-2.6971009927578e-09
4.6239330235394e-10
1.5150790580938e-09
2.8475555783216e-10
-1.0904465035296e-09
5.9544046645507e-10
-4.4055955974713e-10
-7.0156142201787e-10
2.8218694971327e-10
-4.4523011682824e-10
2.2586655787248e-09
4.0629072331942e-10
8.7225301041459e-10
-1.8854991335952e-11
-4.2551781531839e-10
-2.4512510165984e-09
-1.3802482096998e-09
-2.1705815231538e-09
-3.6739024889393e-09
1.8588777592219e-09
1.7444969642159e-10
3.3851188004824e-09
1.259528858275e-09
2.4945794182618e-09
-1.2021317231785e-10
1.2645606271438e-09
-2.4786339765851e-09
-1.4575561825024e-09
1.8515334431009e-09
3.5030110432697e-09
-4.3046160638439e-10
2.6521859063655e-09
-8.9281421451483e-10
-2.1655062583043e-09
-9.3183473050299e-10
-7.7713424120786e-10
9.0588287221256e-10
1.6665223495833e-09
1.3644513041958e-09
4.5139605317142e-10
2.0524604647491e-09
5.4134254023552e-10
-1.31450402298e-09
-2.5440365952889e-10
5.6853691931614e-10
6.0521893092609e-10
1.529253972555e-11
-2.2546657666007e-09
6.4213958174535e-10
-1.1684066885971e-09
1.9511241221259e-09
1.8549507325354e-10
-2.112349849092e-09
1.8671835242179e-09
7.7972486738498e-10
1.3819019065386e-10
1.3044752215739e-09
1.654732227177e-09
-1.1748616387073e-09
1.2238680388009e-09
-7.0263947122924e-11
-1.5552883252607e-09
-5.0012222401855e-10
-7.6736632584127e-10
6.4644770225001e-10
-3.3366132965539e-10
6.2612470873343e-10
9.0253621854424e-10
2.0315845240242e-09
8.8579492296636e-10
4.9521899999361e-10
-1.0118906877995e-09
-3.5818569336541e-10
6.0432495427969e-10
2.3532392014575e-10
1.2101167144741e-10
7.1579455032926e-10
7.8258984050918e-10
4.0491606307564e-10
1.2808179505107e-10
-4.518384210064e-11
1.3589755838542e-09
7.9075209450326e-10
-1.2562522301692e-09
1.2613592343414e-09
-3.0130984138186e-09
-1.0673195967104e-09
5.1804300566486e-10
-5.731186879347e-11
2.2866641053359e-09
-1.3190289601901e-09
1.2966710044975e-10
-8.22513568947e-10
7.9589435111009e-10
4.7304232727075e-10
-4.1252393340212e-10
-1.316343004305e-09
1.0241654693434e-09
-9.0455425268785e-10
-1.282110327249e-09
1.0792338633413e-09
-4.4874783794339e-11
1.6651786043112e-09
9.7691267016211e-10
-2.2797949546768e-09
1.426597667427e-09
-2.4551655391371e-09
1.0507141707151e-09
1.440650194919e-09
2.7655220628449e-09
-5.2466100050537e-10
1.8245263264163e-09
2.8313724653157e-09
1.6973198672235e-09
-2.4833822623143e-09
-1.7479797309336e-09
1.5770575313237e-09
1.0391081681177e-10
1.2542483404367e-09
7.7247256521149e-10
1.3823691534471e-09
-1.0645157367732e-09
-7.6052132818437e-10
-1.757019401485e-09
1.8185908737482e-09
-2.4041526989432e-09
1.7248371586973e-09
5.7058230534182e-10
6.3488141353193e-10
1.3001177199625e-09
-3.8214583926638e-09
6.3966822387485e-10
1.2535717660698e-09
1.4402696254573e-09
6.8309136414049e-10
1.0763348664391e-09
2.9849862694869e-09
7.2031003411307e-10
8.7602345904672e-10
5.0238632059341e-10
-1.3169451287746e-09
-1.7171679559441e-10
1.6002970125693e-09
-2.0599340827347e-09
-1.809599615309e-09
-6.5354447184486e-10
-8.619122225994e-10
1.1465538671462e-09
-2.0275991204882e-09
1.0367713107058e-09
-8.6265653819315e-10
-9.7146337932736e-10
-9.7802629753973e-10
1.0031564549716e-10
1.104274034976e-09
-1.3459480052716e-09
1.4204791687729e-09
-1.4226675209227e-09
-3.0442696055731e-10
-1.0905114160869e-09
6.9910737803666e-11
7.641866101107e-10
4.049462480475e-10
6.3604493554279e-10
-9.5153234699559e-10
1.7133113861898e-09
1.2953783175312e-09
1.178782630591e-09
2.1631104305552e-09
-2.7668126405262e-10
6.3661124780268e-11
-1.3253664604147e-09
1.9664809326623e-10
2.7447250330298e-09
1.4262986856571e-09
-1.3094490335867e-09
3.1887852957361e-09
1.8485895937772e-09
-3.2885281059235e-09
1.5819266006985e-09
1.4670508964143e-09
2.3110181510882e-10
-2.1045296242595e-10
-4.9957605336216e-10
-3.8699414420899e-10
-7.204853843327e-10
-1.971803765079e-09
-3.1636626190861e-10
-2.1912927068721e-09
2.5523450479484e-10
6.536896649126e-11
-7.2666392804103e-10
1.3533090346165e-09
-7.4044206252429e-11
7.732586268484e-10
5.6100995993246e-10
3.0195908386129e-09
-3.3195412947337e-09
-1.5459420554225e-10
-1.2485248478508e-09
-3.2426599875005e-10
2.7885434603272e-09
1.7037309105991e-09
-1.665364865079e-09
-6.6086551745311e-10
6.4195983365683e-10
-2.8757199977486e-09
-4.7630736634602e-10
8.2922032607803e-10
4.1384934505444e-09
4.5922366783753e-10
1.7017769568208e-10
-7.6577077724327e-10
3.5318824407698e-09
-1.6514253317086e-09
-6.2848394865911e-10
-9.2509370360289e-10
-1.3626326813714e-09
-2.2614369986398e-09
-7.901234574816e-10
-6.3751452699061e-10
9.3688440978736e-11
-8.3535753247621e-11
-2.3650652923155e-10
-1.43397495756e-09
-9.0073549765815e-10
1.4999472478714e-09
6.9108513843181e-10
6.6586590718461e-11
5.2010682308371e-10
1.1463441778416e-09
4.4122173793025e-10
-8.5544070642839e-10
2.6546813208859e-09
5.3636299397211e-10
1.379567843492e-09
3.9806743938071e-10
-2.0100782656557e-09
1.5402366297275e-09
6.3524514706769e-11
-7.8391470281294e-10
-1.385593981641e-09
-1.5882042270353e-09
-8.294485840468e-10
-2.1404229307048e-09
-5.113546659721e-10
-7.980394240723e-10
-3.6702791133902e-10
3.9585299151082e-10
-4.3638584112071e-12
6.4166175958898e-10
-1.1485774237135e-09
9.9000636465591e-10
6.188985521511e-10
9.8920924712207e-10
8.2930445411641e-10
-1.6169679313775e-09
-6.5514347999573e-10
1.4958274638253e-09
1.9568940141447e-09
1.601159776304e-09
-3.1119606711308e-10
1.282145192456e-09
-2.5347327259748e-11
-6.7617719566684e-10
-6.3121430393219e-10
1.5545587547968e-10
2.0669156788301e-09
-7.8955498332975e-10
-2.2825947063273e-09
3.5606650658732e-09
2.2426153372381e-09
8.2144133327511e-10
2.5713945183998e-09
5.2007252846256e-10
-1.3476615567103e-09
-1.0111546023279e-09
1.443219535127e-11
1.4579646540863e-09
2.1316291032264e-10
-1.8292235376674e-09
8.3209644975704e-10
1.885905249055e-09
-1.8605751642086e-11
-1.295052998537e-09
-6.2789320619041e-11
1.3704339759591e-10
-1.8462189482094e-09
2.2640454488325e-09
1.0378690435082e-10
1.7668671913188e-09
-3.2225172295216e-10
-3.6783463476413e-10
-2.186897576152e-09
-1.2390736234567e-09
-1.4813041345633e-10
-4.436005817334e-10
-2.5133174428505e-09
6.682160699956e-11
1.2031840095676e-09
1.4673865675119e-09
-1.2168770578024e-09
-2.7776036864337e-10
1.0756310059381e-09
-4.7702067614274e-10
-1.0665530102744e-09
3.2871136288982e-09
-2.7032173010261e-10
-4.1764912100688e-10
-1.7845004861564e-09
2.7606349507347e-10
-4.4563463391648e-10
6.7318106027269e-10
2.1887523358256e-10
-1.5446749325234e-09
-2.1669696954212e-09
5.3581942405399e-10
1.8206331735111e-09
2.8168509511688e-10
1.0641267219513e-09
-1.6208377281686e-09
1.5893377186979e-09
-2.3259910747912e-09
-1.9099798744109e-09
-2.6540744387655e-10
6.9549593565221e-10
-6.4349892095701e-11
1.8318145851788e-09
1.4436475594348e-09
-3.020890943109e-10
-2.7714571225164e-10
1.5204151406881e-09
-1.9673828627119e-09
-2.0330949084415e-09
4.5154694498065e-10
-6.8083292009048e-10
-2.0043114191026e-09
-8.7819964658153e-10
-8.37173721507e-10
-1.6195326842187e-09
6.4324400842437e-11
-2.1913082144932e-10
-1.2059719673415e-09
-1.0292793086634e-09
-2.0891817172449e-09
6.9004007215192e-10
-2.8366001065716e-10
4.5722350262733e-10
-2.7679652579396e-10
2.2667953509126e-09
1.5034129373419e-09
-1.4727122359998e-09
8.1712087713647e-10
1.35936270986e-09
-6.5991269675636e-10
1.1747124271012e-09
-2.3812434198571e-09
2.8222128371618e-10
1.778066712374e-09
-3.0990741486835e-10
-3.4563963500233e-11
-1.2680158559086e-09
2.6988084357191e-09
-1.858621607919e-09
8.872172403794e-10
1.0172768592854e-09
1.8210874161504e-10
1.7055120599214e-09
-1.1084226974621e-09
-1.3092608242699e-09
2.6850705716145e-10
-5.7101407816727e-10
1.6996140054342e-09
1.2965079217475e-09
-3.6462155073972e-10
-4.1373086096046e-10
-3.7520322426999e-10
8.0578715986326e-10
-1.8284553437661e-09
1.066788658848e-09
-1.2320915708345e-10
-9.4302252688573e-10
1.2554362908324e-09
1.2414456981487e-09
2.7521347139586e-10
-2.8792534229009e-10
-3.4472253890634e-10
7.0445875376592e-10
1.5508144668249e-09
9.053270270252e-10
-7.849284115225e-10
7.2003755958951e-10
-9.1750027587585e-10
1.6351818494668e-09
-1.6159173625574e-09
-1.5847286099456e-09
-1.0467034019193e-10
2.0085625546731e-10
1.3003672781986e-09
1.7826882307571e-09
1.5795759791833e-09
-2.2688692219848e-10
-4.9777027394739e-10
7.6155987670492e-10
-1.4038054800407e-09
2.0332786711036e-09
8.922212629514e-10
-1.6018677025381e-09
2.1826135037548e-09
1.9486681669861e-10
2.4523181356553e-09
2.6274477132987e-09
-1.2499421621481e-09
5.0851223872059e-10
1.2682597684486e-09
6.068583650869e-10
-1.1275784618929e-09
-1.7403139953586e-09
-1.6313722646001e-09
1.0236385176734e-10
-7.5223203926125e-10
-6.3587471847598e-10
-6.8451232388332e-10
1.5185376831839e-09
-9.7215347571386e-10
1.1316162497233e-09
-1.2923260520378e-09
-5.7663137063702e-10
1.1771135888859e-09
-5.862152363697e-10
3.0700400996047e-09
-2.0333962081948e-09
-2.3851604800123e-09
4.5710073800989e-10
-4.9114574422344e-10
-4.698492667898e-10
-9.6164621608534e-10
-7.1924262496947e-11
-2.1633720267546e-09
1.483927166421e-10
1.0323880019641e-09
1.4661575207353e-09
6.8055517232205e-10
-8.864481535542e-10
6.5704223523517e-10
-7.8760470555553e-10
1.3826754608079e-10
-1.4380027245942e-09
-9.5217113328416e-11
6.4473986386368e-10
7.3369928328861e-10
-1.5244890687191e-10
-1.7039826719248e-09
1.7067749390308e-09
1.6210535250786e-09
5.0204621976874e-10
6.2218661355797e-11
-8.4306419267265e-10
2.9686462387766e-10
-4.360208282787e-10
1.3977962296566e-09
8.1389094383003e-10
-1.0992895360941e-09
-5.9886371740936e-10
-1.4707564084319e-09
-7.7068839072208e-11
6.4448497748749e-10
-1.5332052445924e-09
7.1645493188632e-10
3.2351130099017e-10
-1.0119761401179e-10
2.2793078948624e-10
-4.9252864099003e-10
1.0316941700121e-09
-3.1011461290229e-10
2.4665159716376e-09
1.6666063114487e-09
6.0980422971934e-10
7.8294553850759e-10
-1.0670452773131e-09
6.5588164344523e-10
-1.2186584033558e-09
-1.3142027899129e-09
-8.2748528593277e-10
-1.0197181959687e-09
-8.6497037792225e-10
1.1537090728489e-09
-5.8709306368591e-10
1.4934372857077e-09
1.3674920707898e-09
-4.5721076784788e-10
7.4186680714375e-10
1.9109600587609e-09
-1.611023326549e-09
2.1636652320411e-09
-1.887701713919e-09
-1.0800473096673e-09
-6.9419304312565e-10
1.5512935588426e-09
-1.1386426609258e-10
7.5811837937081e-10
-5.3268514657019e-10
-2.1151481199916e-09
-7.6789217533769e-10
3.3436516574613e-10
-5.9402524679482e-10
1.0715067770189e-09
1.6740805802068e-09
-2.2452947410146e-09
-5.7731591845988e-10
1.148794111687e-09
-1.3888477385309e-09
8.8665403785107e-10
4.3644793414574e-10
-3.1439224114538e-10
-1.8673670076614e-09
2.2777387884583e-09
1.3008255018818e-09
-1.0561210029177e-09
-1.7320553482568e-10
-1.0516613705081e-09
-1.2540844250507e-09
-1.6352158857672e-09
-1.3607761909953e-09
1.1225360299249e-09
-3.000542615987e-09
-7.3924122379074e-10
2.5780468915616e-09
-1.221968178331e-09
-7.8235253391736e-10
-8.8288552261996e-10
3.2186864241241e-10
9.3095264536669e-10
6.491289263234e-11
-8.2995474702778e-10
-8.2912569230829e-10
4.609403436868e-10
1.2267931972704e-09
2.3325912188243e-10
4.8034823990989e-10
5.1098367389146e-10
-3.9444769814759e-11
-2.0042138789585e-09
-2.4249307877576e-09
7.6395591752327e-10
-3.3578036346159e-10
1.4876455329572e-10
-8.3396649573922e-10
1.6708116332891e-10
1.841179417975e-09
4.7968657965699e-10
1.0663626882971e-09
-4.7043558948072e-10
1.0911416550918e-09
-3.8249242372756e-10
1.0460315348196e-09
-1.2369906312607e-11
3.5609384716555e-12
1.6971971342265e-09
-1.8801604416509e-09
1.8696495305793e-09
8.4537343166037e-10
-1.2660209501464e-09
7.4420395521484e-10
-3.9608847980005e-10
-1.1042880014447e-09
-1.4502063026845e-09
-1.7800279789453e-10
8.3363379651316e-10
3.3833141676885e-10
-1.8277152612613e-09
-5.5099381753505e-10
3.173295926418e-10
2.1039422771484e-10
-4.8569246800288e-11
-2.6563470223046e-09
-4.4688707647364e-10
1.3993095707862e-09
5.3826029394458e-10
-8.3890807225768e-10
2.476962726679e-10
2.0268170164987e-10
-1.0424897665602e-09
2.466886907549e-09
-1.5267635107001e-10
3.4878706958654e-09
8.9250984054559e-11
1.5678604147567e-09
-1.8367315887637e-09
1.342619408844e-09
-2.9000799168834e-09
-1.3677030837151e-09
4.5937607967641e-10
2.3290023789368e-09
-1.8049644134893e-09
-1.1584061251162e-09
1.2175942642511e-09
-1.3696137153526e-09
1.4763141869908e-10
-1.4116309899146e-11
-7.2686347956748e-10
2.0424378758245e-09
1.4400463987026e-09
-7.0401482008084e-10
1.8325606450264e-09
-2.9869671948374e-09
-1.7666590263274e-09
-4.4216549347446e-10
-3.8992179012467e-10
2.5505571922181e-10
2.0022349619902e-09
1.6231011864401e-09
-1.8051764131893e-09
9.1639880352071e-10
-2.354994466613e-10
6.3608848728074e-10
-8.1105794707208e-10
1.4000306058058e-09
4.5948200113896e-10
-2.2818680632716e-10
-1.5925010962818e-09
1.0756279170048e-09
-5.5043288199087e-10
1.2423353158927e-10
8.1123303325299e-10
-4.5029250654006e-10
-1.8530916423884e-09
-8.915092020416e-10
4.3777701247539e-10
1.5264254318496e-10
-8.3992487006058e-11
-8.4729322590363e-11
1.9629318836167e-10
1.6934136314552e-09
2.0663534354291e-11
9.5065644291943e-10
-2.660079158068e-09
2.1218409008187e-09
2.0466042720581e-09
3.9308838047476e-11
3.6573009562199e-10
-1.3603123991827e-09
5.4775807208871e-10
-6.722806911869e-10
3.0165670299935e-10
-1.7844715500354e-09
1.6290232586495e-09
3.1465128981735e-09
-1.4639464037049e-09
-2.3257706740495e-10
-1.3677956186566e-09
9.8568592946253e-10
1.5650617271259e-09
4.3373365590624e-10
5.3881926567884e-10
3.9707968419046e-11
6.9080684316502e-10
-1.5825542443859e-09
1.3481790263001e-09
2.4218721852026e-09
-2.5898096500246e-09
1.7327107179816e-09
2.0078894291604e-09
-2.3946348491576e-09
-1.2364336758413e-09
-1.6407193687684e-09
-1.5387705194721e-09
4.6491553260437e-10
-2.260633434621e-09
-9.1661370243826e-11
-9.960478075841e-10
3.8625786809709e-10
-9.8366629236119e-10
-1.9182903478454e-09
3.0122184381352e-10
-1.4183849638299e-09
-8.347256926302e-10
4.3143708501443e-10
6.9436453278651e-11
8.2947591811968e-10
-1.4889267108376e-09
-2.7241323975633e-10
-2.1838207008562e-09
1.1730351045615e-09
1.038235509116e-11
-1.8817358086826e-09
-1.3657169809302e-09
1.5368660901644e-09
-6.4372041875722e-10
2.3010002885358e-09
1.0871837803681e-09
-3.3173588893005e-10
-1.6205081223213e-09
-1.1465649015119e-09
-6.6092975751651e-10
1.6873110245676e-09
-5.259004755542e-10
-2.1731160529136e-10
-1.7602249364016e-09
-3.4727759668354e-12
-7.6004013427939e-10
-1.2549709415625e-09
8.2835662362076e-10
-3.7015121608881e-09
-1.9135423233778e-09
1.8336860161585e-09
2.2612542396183e-09
-1.3813787412412e-09
9.5501337438511e-10
-3.7543441034395e-10
1.1659378975198e-09
-3.5110770838333e-11
5.2282627145976e-10
-5.0331835060747e-10
1.6782222482078e-10
8.2326925311399e-10
-2.9833826859223e-10
2.8873000884563e-09
6.1801352185903e-10
-1.4208215016397e-10
2.9055787559415e-09
-2.9974702481852e-09
2.1685839932982e-10
-1.0298792322735e-09
1.0171184767782e-10
1.3369583850244e-10
-8.6557308194902e-11
-3.5091011445367e-10
2.8058347267315e-10
1.9781198293541e-09
5.1693249153422e-10
-5.56899456856e-10
1.4629726128813e-09
-1.0526073726e-09
-1.2670906841317e-09
-1.730442038515e-09
1.7774026632025e-09
7.7594753023889e-10
4.2605621490123e-10
6.651622055871e-10
-6.8258319458553e-10
1.7340486337016e-09
1.0145715073758e-09
-1.522700512276e-09
-3.8134390439275e-12
9.2676462213797e-10
9.8868595713027e-11
-1.4633907857328e-09
-1.380536921591e-10
-1.0160010289871e-09
1.4101622456585e-09
8.1773995613654e-10
-2.9231847837306e-09
6.3493512218684e-10
6.541564441385e-10
5.9327370930964e-10
-5.2636174424379e-10
4.2183527960033e-10
-2.9458285262517e-10
-2.896080035989e-09
1.1825789778016e-09
1.7154874217394e-09
-4.5946835002439e-10
4.2719688050978e-10
-1.1923058639676e-09
9.1640094877679e-10
-2.6021117446349e-10
-6.8658282279649e-10
-1.8745330042098e-10
7.7253414590634e-11
-2.1758979250783e-09
-1.049487427612e-09
4.5654758426312e-10
-1.2225708326518e-09
-1.7636114833232e-09
-6.5114802646154e-10
7.8365696301881e-10
-9.6896647819645e-10
2.7443643153236e-10
-1.888665936275e-10
2.4288594032885e-10
1.2849338779359e-09
2.0703034426019e-09
1.216867248786e-09
-1.5122675280796e-09
2.2633194386839e-10
-7.8778259209277e-10
-1.8362615085547e-09
-2.9133559053495e-09
1.1225700089082e-10
4.9778121296351e-10
1.0566128586564e-09
1.3670619577373e-09
3.3755877958374e-09
-7.0544381607473e-10
2.4469051438182e-10
-3.7010171081419e-10
-1.7872521080203e-09
1.6247271189451e-09
-2.9480413874056e-10
-4.2288592110548e-10
-4.2886759895778e-11
-6.8413633077228e-10
-1.4650930262515e-09
1.1029528280451e-09
4.6213713179774e-10
2.3707609144614e-09
-1.0977432104931e-09
1.6474047681282e-09
-3.7168011496929e-10
6.6885587340939e-10
1.3473831100326e-09
8.3843169123754e-10
-6.7087307075666e-11
1.4906351260675e-09
-5.4977948907307e-10
2.4171715847801e-09
6.7690455094213e-10
-1.2474772306259e-09
2.7098663841392e-10
1.5086991278334e-09
1.0572083373175e-09
8.7502910878855e-10
-7.8299907358556e-10
7.5607592916473e-10
2.4220416057449e-10
1.1233328416878e-09
-1.4956628691308e-09
-1.221292692225e-09
1.667036864745e-10
-4.691307027993e-10
1.0535789665243e-09
4.8308236001421e-10
-9.3288911991931e-10
8.486726939653e-10
2.6861695216625e-10
-3.3481089656912e-10
5.1461797883961e-10
1.3054688315822e-10
8.8134809280315e-10
8.2139904337284e-11
-1.0386733893361e-10
-6.2551866267919e-10
-2.2526353900456e-09
1.928829416761e-09
-7.171415035479e-10
-7.6788937687988e-10
7.140458812662e-10
-1.5133965836414e-09
8.5803023721542e-10
-7.5755836980683e-10
-7.8604431690117e-10
-3.2114826443544e-09
1.1875093319017e-09
8.4051059436392e-10
-9.9927028722009e-10
3.7996027710177e-10
-1.2024679799831e-09
1.5112968539715e-09
-1.5116117350151e-09
3.0728914074172e-10
9.5432686674741e-10
1.3699680989626e-09
6.983013362349e-10
1.0390935127248e-09
7.3640876776235e-10
2.4697863867995e-10
3.7293722822616e-10
8.5074611049894e-10
-7.8905991336077e-10
-2.7452449304661e-09
1.0445594974709e-09
1.0047264327148e-09
-5.5772936773082e-10
1.1902167698705e-10
-2.7296427048426e-10
-7.9700314764814e-11
-5.772895264527e-10
2.9332393789436e-10
-4.7108423618328e-10
1.2918018059565e-09
3.8531543701381e-10
1.2376671266163e-09
6.3526186136809e-10
1.1092650341564e-09
1.0941322975203e-09
-2.2897000876703e-10
-1.8889719604653e-09
1.3430134884364e-09
1.5406457035997e-09
-1.9166043251347e-10
2.8131471899112e-09
-1.3529613790376e-09
-1.2783121865172e-09
3.9621456846112e-10
2.3534995435691e-09
1.2350755109984e-09
2.0861374024896e-09
1.5035470522463e-09
-3.580712845743e-09
9.4736607720815e-10
-1.8483216825138e-09
1.651321915473e-09
-1.0053072883859e-09
7.4962084672939e-10
-4.7046999115045e-12
1.0362505845929e-09
1.0649083747979e-09
3.5032658594034e-10
-3.0344155401814e-10
1.5779550990179e-09
3.4688612719158e-10
2.131772935863e-09
9.6161381858828e-10
1.2062652892639e-09
-2.1757943924034e-09
-1.0733364475507e-09
1.0811389418728e-10
-1.173699104137e-09
6.8109173800037e-10
-5.3780456840272e-11
3.0306451617085e-10
2.966790278922e-10
-9.1377502930668e-10
2.5792390511472e-09
-7.1968879618624e-10
1.8285591930906e-09
1.9144075991785e-10
-6.2734929320032e-10
9.4624401163101e-10
4.2265039065068e-10
8.5487188744693e-10
-1.6562710155958e-10
9.8946369725146e-12
-2.0347117837075e-10
-1.2797911985298e-11
1.04627432892e-09
3.8993512641674e-10
-7.2909864415883e-10
-1.6888991515418e-09
-1.4982421481861e-09
-3.0095078278328e-11
-4.747680094115e-10
8.1024939789977e-10
-1.0122769852879e-09
7.4219655082241e-10
-3.4241493174764e-11
-2.0753977923183e-09
-5.6112800236296e-10
-1.8489870424778e-10
9.4858549068586e-10
-1.6170813322077e-09
-9.1046495886848e-10
5.2154161462862e-10
-2.4291771782425e-10
8.1767808914831e-11
-4.5633303844438e-10
-3.8463146202479e-10
2.1160904343711e-10
-6.7901677025726e-10
1.2627283143666e-09
-1.0049488533146e-09
-7.3813938942244e-10
-1.8017013098549e-11
-1.5257084193892e-09
1.9408828476722e-09
-8.9804860428669e-11
7.6565084983788e-10
5.5723971492673e-10
4.5763019214995e-10
2.4967842454504e-10
8.2951179226339e-10
3.2594556249095e-10
9.8903168758648e-10
-2.4780702845684e-09
-1.2305493853935e-09
-7.8770994235155e-10
9.956432696637e-10
1.7283398247171e-09
-5.7470977099352e-10
-1.8498539277732e-09
-8.0038428015958e-10
-1.380721508737e-09
1.0212411285009e-09
-1.2038074130463e-09
1.1784897091563e-10
2.5538411900205e-10
1.0960226704441e-09
2.2980495295533e-10
-1.0976111103973e-09
-4.1368608764318e-10
-2.0157328651993e-10
-3.2059638781122e-10
-7.8532148822828e-10
5.3646723767955e-10
9.5087048809588e-10
3.8232252867278e-10
7.079668432379e-10
-3.8263950265386e-09
-6.2440451728333e-11
3.1377121429889e-09
-8.8962350445514e-11
3.1626946371822e-10
3.3542575901637e-10
-8.0772045728317e-10
-9.6185628859633e-10
4.0396525827683e-10
-5.5764426485488e-10
-5.7992363166869e-10
-5.6766262304007e-10
1.100955382422e-09
3.0446996393759e-10
6.0210067958919e-10
-3.9366488184223e-09
2.5827897821694e-09
6.5778977178738e-10
9.4755095742067e-10
-1.1071640854901e-09
2.4096016540279e-10
9.3312599117235e-11
-5.9034813686274e-10
1.08907133594e-09
1.6910146983763e-10
-8.8026571567358e-10
3.8860156415158e-11
-1.5721714307054e-09
3.3586162182387e-10
-1.4316498740789e-09
2.7134265255293e-10
-1.394065429301e-09
-2.7063013466581e-10
-1.6443969584844e-09
8.2190197491957e-10
1.0618112353915e-09
-5.8142901010905e-10
-4.227696905292e-10
3.5642717727401e-10
1.5350911880826e-09
7.6064302993886e-10
-5.542694434978e-10
-2.7931500419477e-09
2.4702407389319e-11
-3.1136403737961e-13
-2.4768747929487e-10
-1.2969802877554e-09
-3.8918332183532e-10
1.9082396748872e-09
-1.0967348850824e-09
2.0918849743786e-09
-1.8470295704608e-09
-6.9613670805767e-11
2.0102578921496e-09
-1.9824155706267e-10
-4.1383257841843e-10
-9.2947299562553e-10
2.4239355636437e-09
-1.1455356836353e-09
1.6895778280376e-09
-7.7196768417471e-10
1.8822554092231e-10
9.9540505396247e-10
-2.6563250454765e-09
6.5366986933893e-10
-1.2151506496475e-10
-4.9603142952975e-10
1.2602372004718e-11
-5.676021083674e-10
-4.3762684127754e-10
-1.5197079223327e-09
1.6799077477948e-10
-6.0154827756628e-10
-1.9006860995966e-09
-1.0635191065756e-10
3.5841024285976e-10
-2.3635845019617e-13
8.9706904130973e-10
-4.5709228441696e-10
3.8129052332889e-10
9.4666603658188e-11
1.731768840581e-11
9.2430740091475e-10
-2.1593943504957e-09
3.0868326273525e-10
-1.0540291710551e-09
-1.5025775072388e-09
7.5840814237591e-11
-2.3999957585856e-10
-1.7400740329147e-09
-1.1912463646195e-09
-7.4087892422662e-10
-1.5072766515161e-09
-1.1801910358524e-09
-3.3875537992797e-10
1.014394647386e-09
2.6919432432504e-09
-1.4498910177074e-09
7.4325348570634e-10
-1.2860497970576e-09
6.0284059878926e-10
-2.612530606501e-09
-3.1574597219665e-11
-1.2837425291213e-09
2.990021362628e-10
-1.6004512289428e-09
-7.0997214828968e-10
-3.8024469305032e-09
-5.417880208756e-10
-1.4451123758111e-09
3.4742997000584e-10
-1.9097825532067e-10
4.0737934865883e-10
-2.5996918476987e-09
-3.01321487215e-09
-1.1527113035306e-09
-1.7355313513976e-09
-1.2361966614091e-09
-8.5828337313274e-10
2.3833678925558e-10
1.6677863283477e-09
-1.4292917291333e-09
-1.5835918903293e-10
1.5290067519421e-09
-3.000458122612e-09
1.8892031639636e-09
-1.2419676689486e-09
1.7582758329221e-09
-1.7632902555781e-09
8.5799241185524e-11
1.7566930970815e-09
-8.890398299804e-10
-7.4297727862197e-11
-1.573462265205e-09
2.0875506990554e-10
-7.0336418993466e-10
-1.9651244781892e-10
4.3702547695221e-10
5.5059092137078e-10
1.0347663021529e-09
-1.2644636557893e-09
-2.1480226598662e-10
5.0232144969314e-10
1.5035062464726e-09
4.2143936073862e-11
-2.2563901362718e-09
2.3419290439445e-10
-2.4845286762063e-10
-2.1949869650971e-10
-1.4235565368123e-09
-1.0220409562366e-10
-2.6508112021447e-10
-9.4885418534003e-10
1.0193656979073e-09
1.2036664555247e-10
2.3868638884479e-09
4.1628024221371e-09
-1.1965276205248e-09
1.5823045332616e-10
-4.8369623490979e-10
2.148143497567e-09
1.1528553782817e-09
-3.6665962092112e-10
3.3306762423831e-11
1.5245249820371e-09
1.9306198042733e-09
-2.3240627216553e-09
2.266601803983e-09
1.387450741679e-09
-2.7538603475538e-09
9.2358789076364e-10
-8.3792877751759e-10
-2.7946051499474e-09
3.2289240015864e-10
-1.4641829329054e-09
1.1461711190431e-10
-6.0892091934122e-10
-1.3343604936255e-09
-1.1507804738501e-09
5.6683256133294e-10
1.3135881614258e-09
8.3783667960127e-10
1.8355802951834e-09
3.9287812337763e-11
-1.2083652655591e-09
-1.5623999110708e-09
1.1616318731436e-09
4.0211180527422e-10
-1.2618865857793e-09
-1.8891215316972e-09
-5.8681844323949e-11
4.2617095460662e-11
1.4558505274966e-09
6.8273396923318e-10
-2.3926103845849e-09
-1.2715357011397e-09
-8.6893101492237e-10
-1.874720851095e-09
3.0630357243957e-10
-1.3711388148717e-09
-3.4791338910399e-09
4.6835362526402e-10
7.5373509880333e-10
6.9528093275363e-10
5.412420839757e-10
-7.5465291699233e-10
-1.3564572907218e-09
-3.764564488095e-10
-1.6271080299704e-09
-1.9817024837148e-09
1.6692288293907e-09
1.4151677344066e-09
1.2629712279271e-09
2.4906992756405e-09
1.8552242689029e-09
-1.3906605560668e-09
-7.3481669472001e-10
-8.3607616999289e-10
-1.4870872323948e-10
-6.2682238098743e-10
-1.2156361728175e-09
-8.7968040439593e-10
-8.0280261922782e-11
-4.6304821066789e-10
-8.7315351743018e-10
2.4510937416309e-10
-1.0779817296726e-10
-6.8884586376995e-10
1.3792074454481e-10
-1.4564331036056e-09
8.9056884961479e-11
1.7884869754291e-09
-1.5721397572451e-11
1.0980721865516e-09
-2.6003519375396e-10
-2.0583527857189e-09
2.0274165192981e-09
-1.0358060651878e-09
-7.544400674018e-10
-7.52011231904e-10
5.3531836644296e-10
3.3613599401016e-11
-2.1936579042747e-09
2.2057351790074e-09
-1.217795590603e-09
8.3470484984949e-10
3.2852575493263e-10
-3.4382233252417e-10
4.5021551959424e-10
1.3829066391988e-09
1.9262974052138e-10
-6.2395969012023e-10
-1.4118124470343e-09
-1.0112532593817e-09
-5.9086231592142e-10
-4.7593959133013e-10
1.1836840270419e-09
-2.2916314989147e-10
1.2547346835288e-09
9.3417254191856e-10
1.7230687242505e-09
-1.4105132914426e-10
-5.1884221361515e-11
1.4780084009442e-10
9.088334956163e-10
1.8484518564728e-09
-1.6081430996466e-09
2.3519160970266e-09
1.413743339762e-09
2.5517882290443e-10
1.543009976299e-10
3.8228235012156e-10
3.9535851292537e-10
-1.1576503019267e-09
-1.0671215232261e-10
9.4012299863176e-10
-1.6555875282141e-09
7.1569549861596e-10
-5.3249112701435e-10
2.394433884308e-10
1.2611046771837e-09
-1.4389236584982e-09
-1.8283768942493e-09
7.2622257190291e-10
-1.5913432364117e-09
-4.3468714461551e-10
1.0316475795842e-09
-1.5648834725416e-09
-1.3968451074683e-10
-6.5231304825331e-10
2.4971273966551e-09
-1.3461595458721e-09
-1.2756397279502e-09
-3.0208704851381e-10
-8.2511455870354e-10
1.0682193153088e-09
-1.0865466678098e-09
-1.3535455555204e-09
-1.7941378578796e-09
2.409882494597e-09
5.120152903784e-10
-9.6820224823405e-10
5.9465557952199e-11
7.1217427217438e-10
3.3539708213738e-10
8.7531665586307e-10
3.965722967189e-09
-8.7679560927698e-10
-2.2776486592012e-09
-1.8934614694981e-09
9.2769129543301e-10
7.1974434046357e-10
2.176834629837e-09
1.188850927226e-09
-2.2548599115941e-09
5.7827728542435e-11
-3.4451476056344e-10
-7.7168231288577e-10
-3.604997819572e-09
-7.3413129549237e-10
-1.3956806056903e-09
1.5859915108566e-09
-1.8895292878598e-10
1.8433028342429e-09
-9.5320834240611e-10
1.4675208799018e-09
-6.0215066577859e-10
2.1115181196084e-09
-1.6548781828287e-09
-1.9080509167005e-09
3.4511140111799e-11
-1.1886092888542e-10
-7.3632547788522e-10
-3.9267820850477e-10
-6.6577318843536e-10
1.6738941462817e-09
-5.5014492429378e-10
1.5444235938963e-09
-2.2886184202877e-10
-1.2136352984607e-10
-7.181490021031e-10
2.2641690385073e-09
2.7533795725318e-11
-5.3833965118048e-11
2.4290098696918e-09
1.7540255650365e-09
-1.4782690150391e-09
-3.8370755586255e-10
8.9983940489294e-10
5.7254090256859e-10
-4.6897159552072e-10
-1.4710578330551e-09
2.5476077206756e-10
4.0881342695135e-10
-8.3122692488635e-11
-2.7271124270785e-10
-1.3390339312135e-09
-3.3142781954734e-10
2.0632893948102e-10
1.6744413213932e-09
-7.2078269225974e-10
8.6214872550754e-10
-3.8580949695802e-10
1.3191491494419e-09
-9.6125913401351e-10
-9.562373720277e-10
3.1403789385409e-10
-1.1403287393017e-09
1.0032208226414e-09
-9.9346221907252e-10
1.1591117409507e-09
-1.0163317190793e-09
1.55430422579e-09
3.4291078197696e-10
-2.1921528165798e-09
-7.2221546611434e-11
8.9518775951182e-10
6.4816500274015e-10
9.9954172045068e-10
-3.3570855090874e-10
-4.7775947984813e-11
5.642223790573e-10
-5.1010484679338e-10
-4.5255523824427e-10
-6.0689585172787e-10
9.4095665108555e-10
4.4329519469627e-10
1.2282623556846e-09
7.3577038159697e-10
3.1760950907192e-10
8.5132274950869e-10
-9.373168742721e-10
-8.5356286701868e-10
-9.6849541978983e-11
8.2079724037009e-10
1.0713621201737e-10
5.0750268971331e-10
-3.1004181989278e-10
3.4342651049931e-10
-5.5548764979435e-10
1.6882733806737e-10
-1.2736598988286e-09
-1.0104037239375e-09
-1.6712249541281e-09
1.2677049030594e-09
2.66864492199e-09
2.4378057783669e-10
3.7961793888849e-10
1.2297324552119e-09
1.2610692790907e-10
-4.2968210379935e-10
-9.1162666489998e-10
-1.0080988057138e-09
1.6559406952437e-09
8.5288666476031e-10
1.185866315969e-10
4.6284560127093e-10
4.1149592627286e-10
-1.0809903249616e-09
7.4695807871643e-10
1.4891334635841e-09
-1.1466527640552e-09
1.5580231943878e-09
-1.2541402465738e-09
1.4028744518162e-09
4.6795650334326e-10
2.1382297065895e-09
2.0109557228027e-09
-1.7588328089683e-10
1.8895669236858e-09
-3.5730351976359e-10
1.4008920832806e-09
-4.7467038420171e-11
2.6207936146121e-09
1.3317678879971e-09
-1.8414391453005e-09
1.1234263950307e-09
-4.7833048567046e-10
7.4725916717592e-10
1.9994416315536e-10
-1.1385060544772e-09
1.6010930013731e-09
-5.140768119051e-09
6.9922653560705e-10
-1.3163342118151e-09
-2.4180282858179e-10
-4.0193849026826e-10
9.4586532559563e-10
1.3091768371322e-09
-2.0467315420224e-09
9.9841178741068e-10
7.8140119213521e-10
6.9108902486624e-10
-2.5325447836257e-10
2.9404472738226e-10
3.5951547955885e-10
-1.6111883931962e-10
-7.9829329377141e-10
-1.1481559210339e-09
7.1192494569033e-10
-1.3743272020087e-09
8.3618137829691e-10
-8.6434962404411e-10
4.050115876469e-10
4.3948810023217e-12
9.3247377215926e-10
1.6226860103906e-09
8.4853025811673e-10
5.5259536412862e-10
-4.0163733252613e-10
1.1678402864576e-10
-1.3596993628975e-09
5.7782773954838e-10
-8.6975329890825e-10
4.6790266661568e-10
-8.2399943275965e-10
-6.0542274577139e-10
1.3949791080451e-09
-4.9809807524212e-11
-1.3189903229976e-09
-1.9780683346946e-09
6.5049775788114e-10
-5.5648873345731e-10
3.9451701726459e-11
7.8339504816313e-10
-7.8698242853737e-10
1.5924242256255e-09
-1.1183104307351e-09
3.7462093844799e-10
7.1976460190384e-10
6.4787284516993e-10
4.6399770224072e-10
6.136218480668e-10
8.111553919613e-10
1.5108732152039e-09
1.2263723496843e-09
4.7399341320977e-10
1.4321401807631e-10
1.5415159608174e-09
2.0855513053666e-10
-2.6772634475128e-10
-5.2369605920137e-10
-1.84617144331e-10
-1.3873866524339e-09
-8.601655028825e-10
-4.5013437476753e-10
4.8845277566161e-11
2.3734144934099e-09
1.8476605610587e-09
-1.2937714151257e-09
-1.7342286571617e-10
1.146206664448e-09
-1.6352970621457e-09
-2.9939779634455e-10
3.3326302992691e-10
2.0744357641456e-09
7.98983579259e-10
7.0312865270577e-10
1.8128027549425e-09
1.8518943910922e-09
-1.1056854913418e-09
5.8677288751071e-10
-5.7236589800271e-10
8.2150327263678e-12
6.2581606750985e-10
-3.2310612810484e-10
2.6103377690115e-09
1.0567877289495e-09
-3.8583181173279e-10
6.1136067917669e-10
1.79268507385e-09
-2.0331418625075e-10
-1.6418753789131e-09
-6.1765932776341e-10
-3.4832975816042e-09
5.8921372639219e-11
5.6244791633701e-11
-1.2851783068946e-09
3.6556346228711e-10
9.9464278150993e-10
1.1710497061367e-09
8.3601149571423e-10
9.6296666967528e-10
1.8205907174873e-10
1.6792712962247e-09
-6.0311299278218e-10
-9.2585766885296e-10
1.4555686548282e-09
-1.5694095798894e-09
-9.9186700697639e-10
-3.3209625071953e-10
-5.5317861504706e-10
8.1402183112204e-10
7.1158392185031e-10
-4.5047823767145e-10
-2.6251836483539e-10
-5.5143002767368e-10
-1.9498576336829e-10
3.7060521216752e-10
1.520051880913e-09
8.8521870021781e-10
5.8544286307116e-10
4.8338462435488e-10
1.379211408716e-10
1.4584445613271e-09
-1.1847615276035e-09
1.2658370878196e-10
-1.2251261919497e-09
1.177128571367e-09
2.5729234352499e-10
-3.3959234754134e-10
4.4143049003752e-10
8.2880314856193e-10
-3.8217693628088e-10
-1.2893252650191e-09
6.1213558694055e-10
-8.3718562255926e-11
3.1888491943253e-09
4.309853780667e-11
-1.0207619308399e-09
2.2891721881783e-10
-4.2394152090652e-10
-1.1233344669366e-10
6.3774521036606e-10
-1.440945973251e-10
-8.915339344041e-10
-1.5342385963561e-09
-9.6539437170827e-10
4.8279180039797e-10
5.2812351412328e-10
-2.5704665970114e-09
2.6081860847824e-10
7.5394431067284e-10
-2.2722952461637e-10
2.377849009255e-10
8.4312594912969e-10
1.8063078323452e-10
9.9423969261503e-10
4.0865726608314e-10
-3.0893436412018e-10
-5.8096488321837e-10
5.490951627389e-11
1.056663511943e-09
-9.8406992114707e-12
5.3693949772872e-10
7.4306492526814e-10
-4.1057899151318e-10
3.2448775685128e-10
1.1834220740527e-10
-1.177911788006e-09
-1.9538559747447e-09
-1.0937627504209e-09
2.5313892071005e-10
-1.9278085661628e-09
-1.4464903539027e-10
9.2973979144976e-10
-2.2930645705343e-10
2.4969662403035e-09
-3.8302912957004e-11
-1.8340583552575e-09
-2.7151932051929e-09
4.3691595006153e-10
-6.1229411390185e-10
2.6106694042206e-10
-7.5385816892874e-11
-2.2207887096838e-09
1.083477573823e-09
-5.1554019751368e-10
6.0777466626669e-10
1.7431417168926e-09
1.9317930280348e-09
-1.2364941141006e-09
6.7910426454536e-10
-4.1314222598935e-10
-9.0002898057083e-10
8.667811144899e-11
2.908411387352e-11
-1.0633979932452e-09
-9.1588533812112e-10
-1.8024223443326e-09
1.3766535222245e-09
-6.3016569523939e-10
9.7351670162144e-10
-5.1523366605715e-10
-1.1759167821801e-09
6.1180769050793e-10
-2.8677715147724e-09
1.8714284463299e-09
-1.8415354762309e-09
-4.63739139468e-10
1.1700362967314e-09
-2.6346664854849e-10
5.8267742405741e-10
-1.2564056276651e-09
5.106315978455e-10
3.7819449515176e-10
-1.7347553697925e-09
6.8241735734237e-10
-6.691700046656e-10
1.3214370808357e-09
-1.0481376871523e-09
-3.1257098077082e-11
-1.2579011458087e-09
-9.214193079291e-10
1.9356207015213e-09
1.9040233431842e-10
-1.5114670704098e-10
1.1532255448112e-10
1.8008401214895e-10
1.0804496978378e-09
1.4850634163494e-09
7.5029547109898e-10
1.4755289414378e-09
4.073993754029e-10
-1.3758717840456e-10
1.2889752824168e-09
1.7165961618617e-10
1.2730624057566e-09
-2.5575846423527e-10
1.3816614142713e-09
-1.6799257231408e-09
-5.3587794036765e-11
2.6139434645835e-10
-2.4510349921084e-10
-8.4772431491257e-11
1.343801574258e-09
-1.4866003242312e-10
-1.5525389258389e-09
9.009654851749e-10
-7.700303674764e-10
8.1796005039374e-10
-5.8549804318568e-10
5.8702445010192e-11
5.8366224235381e-10
-1.3058161611959e-09
1.780178898789e-09
9.2400026326851e-10
6.9218210232371e-10
-2.1039534373994e-09
1.1274872263808e-09
1.8467570205209e-10
-1.9406426659951e-09
1.4296619531003e-09
-1.3541224110723e-09
-6.0202997494791e-11
2.6393534437888e-10
-1.2583131200276e-09
-2.9530561011806e-10
1.3395052692073e-10
8.3552168900212e-11
-2.9152826593473e-10
-1.4242270572127e-09
8.7379736248836e-10
-1.452991469435e-09
-4.3274916722208e-10
1.0981784608427e-09
-3.4657087575255e-10
6.9071068885671e-10
4.9068923220491e-10
-1.2315083091457e-10
4.2340860846387e-10
-1.8740088544177e-09
-1.0782886725922e-09
-1.4095237571794e-11
-6.9802988290417e-10
5.0407422816708e-10
4.7980915477958e-11
-2.4923848081382e-10
6.9143716479173e-10
-2.4003221469894e-10
1.7044749462247e-10
-1.2148969475682e-09
3.2285406629898e-11
1.8758605677123e-09
1.0273010924012e-09
-1.1914760339914e-09
-6.6175750840506e-10
-1.3681693415128e-09
-2.1629218344865e-09
6.729780225448e-10
2.4713993641919e-10
6.080603054294e-10
-3.7380197027368e-10
-2.6335225266008e-09
-1.7601991500527e-09
9.5464386552639e-10
-1.6792541924888e-09
-2.6984607857093e-09
8.3491713967764e-10
-4.1054580422533e-10
-1.2785111952869e-10
1.6293075388465e-09
-3.2834068971762e-10
-1.7703806092322e-09
2.2155778046569e-10
-3.1672854409969e-10
-5.3100055154346e-10
-2.8812220776021e-09
5.9427081006784e-10
-1.078444736674e-09
-1.4791647878723e-09
-1.5205877945854e-09
-8.6633607585648e-10
1.710196275167e-09
9.7810363496484e-10
-1.9909960267778e-10
2.0585849465475e-09
5.6014976595638e-10
-7.3616696404026e-11
-1.1420566666559e-09
6.2620396274816e-10
-4.512675797927e-10
3.6660125785451e-10
1.8163068911345e-09
-7.0175300590926e-10
-2.2919297757554e-09
5.2053270064743e-10
1.5359699576322e-09
7.3047530015633e-10
4.0003370390309e-10
1.6032222988662e-10
-2.2292104505839e-10
6.2609845474868e-11
-1.2925767444179e-09
7.3809687023754e-10
-4.8867712307427e-10
2.3029908495755e-09
-1.1769525463787e-09
1.5988045252462e-10
-5.0935911079851e-10
-5.1707311207144e-10
-3.4158277111865e-10
4.6727078297781e-10
-7.4711378249833e-10
-2.6203568442961e-09
2.4073647630602e-10
4.3112926001624e-10
-2.195342492552e-10
-3.3241040586318e-10
-2.3296555982514e-10
-9.5253283780057e-10
1.1933030780889e-09
1.3475693952532e-09
-9.4572956157794e-10
1.5154780264442e-09
-8.4020738944906e-11
7.1693052957038e-10
-1.3188635110961e-09
1.3596549023564e-09
6.3979715038791e-10
-2.1194619443507e-09
1.7867521213931e-09
-2.0058606635101e-09
-7.1715106410198e-10
1.0614356375772e-09
-1.4605445965016e-09
-6.5985301565142e-10
2.7421224383448e-10
-1.0344497447532e-09
5.0035381922058e-10
1.5759242335548e-09
3.9414391403512e-10
-9.7993698137417e-10
2.4703203993359e-10
-4.0386142827657e-10
-1.0798547323092e-09
2.3622261754233e-09
-9.1476157612754e-10
4.4306585809184e-10
1.2531044558268e-09
2.2676119820604e-09
8.7643445393274e-10
-1.9900888811988e-10
-9.5008468795461e-10
-1.8899222495707e-09
2.8679288838969e-09
1.5019271339715e-10
1.2109977139015e-09
-9.9843310262175e-10
1.6626965900217e-09
7.5320492671563e-10
-1.4704706886973e-11
-8.8802104615249e-10
-7.6602040356047e-10
-8.4639017158173e-10
-1.6784556486977e-09
-1.4453433724722e-10
-1.1332524359165e-10
-1.2142080693083e-09
-8.8842976778913e-11
1.7437265642787e-10
-1.6333836844967e-09
2.5220038907988e-10
5.9204228832894e-10
5.0011380619526e-10
-6.0657562215607e-10
6.2172000777339e-11
1.0008134963737e-09
9.0252929945352e-10
5.8805305556889e-10
-7.4459380032165e-10
-9.7348393942234e-10
1.019640626083e-09
-2.0120633637628e-10
4.0124033217445e-10
-8.6603419095091e-11
-9.9370330614101e-10
-1.0717723521176e-09
-1.3479013115085e-09
2.5859025578799e-10
-1.4410815147843e-09
-9.0885876656156e-10
1.0796357032068e-09
-1.0928520769752e-09
9.1311380986056e-10
-1.130201804792e-10
-1.423899122083e-09
2.1058126998846e-09
-1.1197633335979e-09
6.2458762464003e-10
1.0379216301478e-09
-8.0294676361268e-11
1.1566453470797e-09
-2.8541707284715e-10
-4.6285999708903e-10
-8.3177661959304e-10
-1.0629524922083e-09
-1.8898110160855e-09
-2.4641360913721e-10
-7.0799429571414e-10
6.9742208292829e-11
-1.9344944094819e-09
7.6078672680668e-10
-1.3870952705862e-09
-6.4182973282023e-10
-1.4350790388793e-09
-4.0130205287157e-10
-9.0158732859234e-10
-5.7982886619594e-10
3.8151298370074e-10
-9.1762008694271e-10
1.0281659876282e-09
5.8648634201908e-10
-1.296191052119e-09
-2.6337116029766e-09
8.0852819099155e-10
5.86801214044e-10
-7.1018715034086e-10
-3.8324641501223e-10
-6.7009125391577e-10
1.612160651954e-09
1.3298602961167e-09
-2.0182015844695e-10
-5.1695232003689e-10
-1.5306499034048e-10
-2.7397114854038e-10
-1.0684221261574e-09
2.7503536040789e-09
2.981379112493e-10
-1.9276047102962e-11
-4.0853803074488e-10
-9.7886242092438e-10
7.8109979197538e-10
1.3248588096522e-10
1.1209360471166e-09
4.6728514471356e-10
-9.2929251381544e-10
-9.2088267100688e-10
-1.8690776502962e-09
3.3840833038991e-10
8.3275785811859e-10
2.8134244338159e-10
-5.8548055922437e-10
1.6448453258289e-10
-1.2636935510271e-09
7.2620261862903e-10
8.2020473261078e-10
-9.3827800865958e-10
7.8926003962324e-10
2.4713484264707e-10
1.8967694049553e-09
1.0314777155916e-10
-9.1264365400749e-10
1.5942705161425e-09
2.0147874466619e-09
2.2149694736727e-09
-5.4072205756005e-10
1.9315577641229e-10
-1.9457785531922e-09
-3.1256037018937e-10
1.6175029338645e-09
6.8220619019022e-10
2.7376428963405e-10
9.8145660348991e-10
4.5889282028167e-10
2.8014486834286e-09
-1.1961782093986e-11
-5.6305289658265e-10
-8.6775761668381e-10
-1.4255250860399e-09
-6.7054197925873e-10
2.7733920441795e-11
1.5340143957463e-10
1.3036196650146e-09
2.7071569558174e-09
-3.2809513225804e-10
-5.7295271949105e-10
1.7770863172186e-09
-9.0698519314261e-10
1.6443244967958e-11
1.3160282091223e-10
6.9426779344658e-10
1.8181738559983e-09
-5.5252732065874e-10
-1.125811093398e-09
-5.9111693120135e-10
2.1358207224571e-09
-7.7606436197811e-10
-1.1186066323637e-10
-5.9012185637798e-12
1.5128859393947e-09
-3.7177611047941e-10
-1.6795378080353e-11
1.7492366760804e-10
-2.9327558357739e-10
-6.0258375189133e-10
-1.115446267493e-09
-1.0963877584208e-09
-6.2696305063049e-11
1.6140436493747e-10
1.8470419273955e-09
2.9097382988893e-10
1.0330635515128e-09
-8.5033035623548e-10
-1.3250952007718e-09
-1.4394360619687e-09
2.7541792606171e-10
-3.1272545552479e-10
-1.448825935946e-09
-1.3018386829739e-09
-1.6953493783149e-09
-1.3899075738111e-09
-1.5631309113715e-09
3.4202355705785e-10
-1.7226671722744e-09
-2.0435056656141e-09
-1.2577745012087e-09
-1.864561145266e-09
-1.6496396584765e-10
-1.8825527646324e-09
8.4048517836686e-10
-9.2509863820324e-10
1.6646320936923e-09
1.0299586423615e-10
-4.7811509900165e-10
-4.9791408861208e-10
7.5520584999634e-10
1.0947170567928e-10
-2.1901581726673e-11
-6.81426958775e-10
1.343841871088e-10
2.1005726671307e-09
-2.5204237096193e-10
5.6799467452854e-10
-2.6613421393929e-10
2.4611110841986e-10
6.4570123156936e-10
-6.4195870621929e-10
1.8976831222721e-09
-4.8978199611907e-10
-5.3901864220106e-10
-9.2602322601014e-10
7.4271944727048e-10
8.6083055234012e-10
-3.1357377496513e-10
1.5213636604517e-09
2.9644178130981e-10
-3.919285142547e-10
-9.1963007925963e-10
3.9393214817319e-10
-6.5561996217648e-10
-2.1262674833643e-11
-1.7568487409669e-09
7.0677786718154e-10
6.1816620735079e-10
4.7082861508511e-10
1.2271946607706e-09
-1.2747157549006e-09
2.5698478912894e-09
-1.5851941826009e-09
-4.3601675338396e-10
-1.204288060685e-09
-3.4707590888538e-12
-4.0945324295251e-10
3.8351737774555e-11
9.7046885636083e-10
-3.2620642544948e-10
1.288140734485e-09
1.3812860711758e-09
2.0334747120793e-10
1.6293914030532e-09
8.023731258268e-10
5.661570810597e-10
-6.5561106894493e-10
1.6788055964795e-09
-7.0704496890723e-10
-1.502876837102e-09
-1.5585991115528e-09
4.0447448627066e-10
1.2296245273187e-09
9.60687748203e-10
1.2330203459949e-09
5.7200243801853e-10
-1.2955059112097e-09
6.1415276564367e-10
-2.2533328956213e-09
7.6841980550959e-10
-4.6545466758243e-11
7.730842607152e-10
-9.8430672177119e-11
9.3108930624777e-10
2.4802909531847e-09
-2.0899895007979e-10
4.7021522082214e-10
-1.4001367317756e-09
-1.5746902828341e-09
-1.0377120629383e-11
5.1461365168886e-10
8.0672470246933e-10
3.8250439169862e-10
5.2172230960216e-10
-1.0042080718943e-09
1.2298220624995e-09
7.7540312452372e-10
1.5231877430443e-09
-6.5460647330215e-10
6.1304545001989e-10
-2.9322416441107e-09
-5.5019294940454e-10
1.1282643621246e-10
-1.5045163900585e-09
1.0300829910258e-09
-8.7883942723318e-10
-1.3606301517674e-09
-7.8846075209834e-10
-3.3065981769255e-11
-7.5559684802085e-10
-7.4539518393298e-10
1.1447582454216e-09
-2.9988464484664e-10
-9.2188804138609e-10
-1.1568011744928e-09
1.5929766000564e-10
-1.3009914943815e-09
7.8639540456926e-10
-3.8656729976252e-10
4.6492349258982e-11
-1.2084370986184e-09
-8.365904216695e-10
2.0967897696066e-10
1.4497648578463e-09
-6.0104675376463e-10
-6.2878810368051e-10
6.5402374120256e-10
1.8077840226794e-09
1.6381965844069e-10
1.2080053953484e-09
-3.6266214871286e-10
-2.2774091127042e-10
1.2826952737889e-09
-4.31902429625e-10
-1.6391650371003e-10
2.8204895656825e-10
-3.5812597812712e-10
-1.0628891022799e-09
8.0071081147426e-11
-4.3895198430362e-10
1.4883424725508e-09
9.6087222067447e-10
-8.7207917919944e-10
2.6917851809545e-10
5.5857614886611e-10
3.9026552073758e-10
-9.4181843137368e-12
-3.7666546712813e-10
-5.7615864858985e-10
-6.8014464569131e-10
3.2707602261684e-10
-3.8207648848805e-11
-1.0865616256036e-09
6.4330177321433e-10
1.2971239247167e-09
-1.6725029321508e-09
-4.0403934497667e-10
-6.6414891037663e-10
1.5600640621856e-10
9.9567378392076e-11
2.350903488026e-10
-4.4981061908025e-10
-1.5120059967261e-09
1.6733351312625e-10
-9.284460392088e-10
2.4911224857535e-10
7.4164180919459e-11
-1.6306435389967e-10
-1.8193580927908e-09
-3.0096924647797e-09
-6.1222221312184e-10
-1.044609240595e-09
1.2530451723817e-09
9.3031233450599e-10
-7.4935084537409e-10
1.4816772228692e-10
1.0857040438032e-09
-4.0945521987845e-10
-9.7351254904875e-10
8.1243958634435e-10
-1.2769843182837e-10
1.5134796242137e-09
3.2184050884384e-10
-5.4169750178187e-10
6.3541092400075e-10
-1.6538487481495e-09
-7.1428851186076e-10
3.6841349699058e-10
6.8596180282995e-10
-5.5308724781399e-10
1.1721370923796e-09
-1.5471161236858e-09
-6.129085983188e-10
9.2277153541774e-10
-3.5038683199561e-10
-4.9083632012532e-11
1.668473671814e-09
-1.3197053715711e-09
4.9154327861347e-10
-1.10789137922e-09
-1.7166116245984e-09
5.1526710929505e-10
1.0468307628289e-09
4.2042632910295e-10
2.869498263874e-10
-2.2754354705366e-10
-2.8077138857555e-10
5.5548702755224e-10
-1.8454448524615e-09
-2.294624948583e-10
-4.8143179342546e-10
1.8268921344458e-10
3.4629191609959e-10
-1.3062617086342e-09
1.7302225986735e-09
-1.0086310679736e-10
-2.1069392887112e-09
3.2447383690977e-11
-8.7025794524988e-10
-2.6982818985011e-09
-1.2996800600149e-09
-6.941997693392e-11
-5.8521456758603e-10
-8.4119966237574e-10
1.3964895391155e-09
-1.8371026448733e-10
2.2541950562957e-10
4.5567492832835e-10
1.2436841440765e-09
6.8309699188652e-11
1.7932949903589e-09
-2.501014066643e-09
2.9287252401485e-09
1.2585073244926e-10
1.7847959243134e-09
1.0852422472046e-09
3.609075239882e-10
1.2357185339731e-09
2.5094631524593e-10
2.0897617219321e-09
7.0045830453393e-10
4.3385254322652e-11
7.0384858235687e-10
-7.2637113196709e-10
1.6630499179746e-09
5.0881530216901e-10
-1.399266677985e-09
3.2961838869398e-10
-9.3842404338872e-10
-2.3812150603823e-09
1.2918250604424e-10
-1.9552563190824e-09
-2.5746775817318e-10
2.4492731081631e-10
-2.5802609834519e-11
-1.2698777719565e-09
1.3932978974296e-10
9.3309033471327e-10
-7.512781403234e-10
1.7642892637103e-09
-9.7627005781914e-10
-2.4516905793472e-09
3.0012111112886e-10
4.5976801738566e-10
6.4936876587851e-11
3.8922125607056e-10
-8.8329730518351e-10
-7.0263416968045e-10
9.3402366728539e-10
-2.0875286541358e-10
1.4089422436763e-09
6.5084234584065e-10
6.1428699631768e-10
-8.3424087122107e-10
-8.537445367803e-11
1.3677580618451e-09
-8.8703477633632e-10
4.0039960593706e-11
-2.416997054254e-11
-2.5751000209452e-10
-8.7046834026382e-10
-7.1891622090139e-10
-1.2949727242758e-09
3.9144084396633e-10
3.5844313924433e-11
-9.9166870105287e-10
-1.1476496199951e-10
-6.9646086684136e-10
-8.9745097900462e-10
-4.0698289429486e-10
-4.5818715447016e-10
1.3383440663758e-09
3.5762924944855e-10
-4.8091572609277e-10
7.6679734601314e-10
1.0688098277861e-09
-5.3471983940633e-10
-8.9397838917273e-10
-8.1339807190679e-10
1.1959843142587e-09
-3.5885523910772e-10
2.1910606602358e-11
1.4035776432143e-10
1.1618376519022e-09
3.4757701193757e-10
4.8748430901739e-10
-8.1381316123725e-10
-2.6117278697399e-09
6.7846961044382e-10
-1.2428862789838e-09
-5.224218186925e-10
-7.2901445688569e-10
-6.1912147532799e-10
-6.167365448718e-11
3.0684661483051e-10
1.6775175092445e-09
1.0419540638621e-09
-6.7270122138712e-10
-5.1621531212685e-10
-8.0756657232115e-10
-5.1464222012817e-10
-1.43832791187e-09
-1.2165343901125e-09
-2.4197551297266e-10
2.9991268913349e-11
2.2988798660878e-10
-8.7486470692666e-10
1.8403241005429e-09
6.3815835627683e-10
-9.1717954262358e-10
-5.1724990142221e-10
-1.0223672170724e-09
-2.3688707963503e-10
-1.0804506111199e-09
7.1491145490298e-10
1.4312197054561e-09
-4.4428231364896e-10
-1.2668839585302e-09
1.5410778924345e-09
5.1540072516245e-10
-4.1798691263436e-10
-3.2692078717687e-12
1.3755108560808e-09
6.4229454031293e-10
1.1748131208398e-09
6.9411592730054e-10
2.4759270430526e-09
3.4069300816857e-09
2.5219172548166e-09
8.6824757957142e-10
-3.1032804059812e-10
2.0161837094217e-09
2.9638919465449e-10
1.3872567864562e-09
5.099106474035e-10
-4.8047313012487e-11
3.320153836943e-11
-2.2999034670623e-10
1.8457704719108e-10
-1.6905743663824e-10
-1.1794080706875e-09
1.4715263804108e-10
-1.8451144004998e-09
1.677360747247e-11
3.1158252392295e-10
-6.3821035611115e-10
8.1893778295476e-10
-1.7171896300698e-09
-9.5873116386344e-10
-2.0241343480831e-10
6.1587899801898e-10
5.0477675267826e-11
-1.3940040891567e-09
1.7870758438348e-09
-8.2904460524928e-10
-2.129573481806e-11
1.0012046452135e-09
-1.0691161238277e-09
8.1841577510781e-10
6.691819051078e-10
1.9387818588657e-10
-2.2216499392486e-10
4.2482949022832e-10
-5.271043116684e-10
1.6580394526031e-09
5.210479877999e-10
-5.2454160149219e-10
2.3457446491263e-10
1.3329539222444e-09
1.4306408505046e-09
-3.4211201632456e-10
8.396619062436e-10
-5.7767504982044e-10
-9.461903519074e-10
-7.4849656555788e-10
3.2805744029122e-10
6.9199288156645e-10
-2.6923837508282e-10
1.1716970036541e-09
-3.2015470343448e-10
1.3682377045659e-09
2.974456118739e-10
-1.5480996706618e-09
-1.6789373469462e-09
-1.1555154156399e-09
4.5088055228368e-10
6.1618362474425e-10
3.6955121186468e-10
6.4764966707357e-10
1.5947417278507e-09
-6.8484336869404e-10
1.0178242434052e-09
-1.3150598521383e-09
-6.5640909305207e-10
-1.0186060019703e-10
-1.7861935608717e-09
-1.4992059511704e-09
1.2250739088556e-09
1.0728661258849e-09
-2.1049568077605e-09
8.8001844377502e-10
-1.5164804699639e-09
-5.6286210127862e-10
-5.7995145151292e-10
-8.6417944181854e-10
-2.1121084693602e-09
3.0961231930293e-09
-1.2920202141133e-10
7.7907902573391e-10
-4.5752071310249e-10
1.2062015535205e-09
3.1144712067422e-11
5.1746177166572e-10
-1.4208041230211e-09
-2.7284464943066e-10
-2.0533911754879e-10
2.4351552651687e-09
-1.1078028960043e-09
-3.6806175909751e-10
1.473081220494e-09
5.4697362653189e-10
-1.0417645142702e-09
-1.0357363699883e-09
-1.6347138668127e-09
-5.0787782312301e-10
3.0333574011143e-10
2.4326607800432e-09
1.51219670286e-09
1.4132374862513e-10
1.0871166267486e-09
1.4279768004848e-09
3.8663114915508e-10
-7.5442334721263e-10
4.9520094472019e-10
-5.6761150377911e-10
1.9578505920736e-09
-3.9249333645102e-10
-2.5353379954004e-10
4.593930036345e-11
6.7649925297239e-10
4.4776368585996e-10
7.7735519271902e-10
2.0809230865165e-09
-6.657152952692e-10
-2.431849480268e-10
2.9820500269787e-11
1.3905516192128e-09
1.3043549365726e-09
-1.9848928229908e-09
-1.1896995613532e-09
9.8719106553938e-11
-4.5918910687392e-10
5.0143729188683e-10
-1.8300180614813e-09
-1.1795074066569e-09
9.4121340351975e-10
-4.6571990254602e-10
-1.4007846087927e-09
-2.3330771541831e-10
2.3316753153339e-09
2.1209477676266e-09
8.3700265632721e-10
-1.7564870152701e-09
-7.7618671462705e-10
1.1411798558609e-09
7.8729677442723e-10
-4.8813819907478e-10
2.7626585690698e-10
-1.0954387588332e-09
6.0768321550492e-10
-1.0423788363147e-09
5.1353176073722e-10
-2.1291655676022e-10
-1.3912483530594e-09
1.0754141929225e-09
2.1175425270101e-11
1.2526556797261e-09
1.0096573903236e-09
-8.9774533068722e-10
7.3560367239957e-10
-1.6063418855688e-10
2.0326060368475e-10
7.4425415749973e-10
1.8061867997259e-09
3.7484727004034e-10
1.4763876298486e-09
1.1494219347613e-09
4.8240216428128e-10
2.65781426749e-10
-3.900658396227e-10
5.8720335088632e-10
7.123333832473e-10
-6.5738024059842e-10
4.3336409823145e-10
9.129620602798e-11
2.4784450607456e-10
4.3627074188565e-10
-1.6219681367139e-09
7.5098832283812e-10
3.6079599918925e-10
1.6202465879066e-09
-7.9233412041621e-10
-3.5497399223395e-10
-6.1677184182028e-10
-1.4666106385509e-09
-1.5298969007922e-09
-1.8206249801057e-09
-1.4957951124311e-09
9.9195443624178e-10
6.6194921404812e-10
9.6137299214236e-10
1.5808475606631e-09
-2.5715850212658e-10
-2.0566094324235e-09
-3.143711189643e-10
-6.2551645229446e-10
3.6379318560026e-10
-3.8403913888936e-10
4.9888065090172e-10
-1.0371185537845e-09
1.3466183834621e-09
1.6805447155218e-09
4.7846555467435e-10
-9.8724398681029e-10
1.8724198438111e-10
-8.7299899375365e-10
-4.9019741613763e-10
1.10753977551e-11
4.0397701192832e-10
-9.8523643103286e-10
1.4041484423856e-09
3.2033280576992e-10
5.0367236463484e-10
6.8146454534084e-10
7.9050214130014e-10
5.90241249939e-10
-1.3785027271918e-09
3.0783489575875e-10
-6.6295492225205e-11
1.0038960387687e-09
5.3978312066905e-10
1.7628932055912e-09
1.5382574049485e-09
-7.1143521618475e-11
1.2608500715434e-10
2.9208689977432e-10
8.2383388874292e-10
6.7032694822538e-10
1.084079424043e-09
4.2034856913573e-10
1.2687000661824e-09
3.421363194184e-10
7.2051916005483e-11
4.6012221411269e-10
5.7620540744431e-10
-5.7085759793541e-10
-1.0604414557396e-09
-2.4397329867292e-09
3.6320275090277e-10
-2.841618189546e-09
-5.5228438795683e-11
-8.8678706855416e-10
3.3687173839381e-10
-8.5822481570054e-10
-2.24432193171e-09
-6.9953496570954e-10
4.9815962832119e-10
-6.8479698747782e-10
-3.921266355459e-10
-1.2219747247306e-09
3.7280144660864e-10
1.3540291011618e-09
-7.2574594667696e-10
6.0324079042118e-10
-3.988931058204e-10
1.2920183941225e-09
9.8178406521213e-10
-2.0262044868111e-10
-2.7790766730812e-10
1.1680496016409e-10
1.8765622702282e-09
-8.6239032457105e-10
-1.0160437726803e-09
1.7131434369336e-09
-8.8626940165393e-10
1.2044653644952e-09
-1.0121835216257e-09
-3.3100108203752e-10
7.9799549864683e-10
-1.4541764155109e-09
1.0455804017706e-09
-7.9914203928632e-10
-5.5796919854642e-10
2.4654567738263e-10
5.9115030597894e-10
1.3309877075016e-09
-6.9743029774035e-10
2.2500806389292e-10
8.4144406805044e-10
-5.2191644325253e-10
-8.8428259517035e-10
-1.0309819174434e-09
-9.1116794682996e-11
3.931999034585e-10
-5.3912068985036e-10
3.6760086491235e-10
2.804397030495e-10
8.2182133648744e-10
-4.1489230083646e-10
-1.6297800409257e-09
-1.4358363721453e-10
-1.0067024433049e-09
1.3928854062159e-09
6.078030156489e-10
9.8415606510894e-10
-1.5877673150447e-10
7.7011282522751e-10
-1.2446918528427e-09
-4.8505867424018e-10
-1.4301912354329e-10
-5.7150696650965e-10
1.6970503532382e-10
2.4519342231244e-09
3.0619495498714e-10
1.9577394694671e-10
-3.7600245480792e-10
-9.6469209085489e-10
-6.0113559608378e-11
1.0227691861059e-11
1.0022827654012e-09
-1.1991912011382e-09
7.6255563175193e-10
6.8704419377348e-10
-6.7525674986419e-10
8.5087378217971e-10
1.7599155844566e-10
1.5455411957471e-09
-1.1369169141896e-09
2.2376603164108e-10
3.5489875258678e-11
1.1829370650976e-09
1.6525587186973e-09
-2.7375514906535e-10
-8.9235986426937e-10
8.8198654311043e-10
1.8436004494379e-10
-1.3985598541363e-09
7.4544699075357e-10
-1.1071111584106e-10
5.1209581930509e-10
1.9387738222746e-10
-1.1796112088417e-10
7.7721001751014e-10
-9.919463421697e-10
1.1361112287979e-09
1.7698525002131e-09
1.9451220180108e-09
7.9546215526698e-10
1.3549415398831e-09
-3.5034669008727e-11
-2.6073627388674e-09
-1.070641448732e-09
-7.5406319223997e-11
1.004709989264e-09
1.1662513819978e-09
1.3488348795412e-09
-1.6232645745803e-09
5.7113188389412e-10
-6.2049416548334e-10
1.455703618112e-09
-2.9734107391957e-10
-2.9660456344528e-10
-1.9787929513374e-09
-6.8180894312024e-10
-3.5320114455532e-10
-2.408081336792e-09
-2.5506845358995e-10
-5.9746053825111e-10
7.4624748429688e-10
-1.1161167429936e-09
-1.4610739070279e-09
-1.3932761792611e-09
-1.4880782891027e-09
3.0494380499619e-10
-1.0880657106756e-09
-2.4140136217668e-10
1.3871505772908e-09
8.0700423446468e-11
1.0255852619927e-09
-6.1160003791239e-11
-8.053928872617e-10
3.175275636834e-10
-1.3563761438906e-11
-9.1812933878317e-10
-3.2195300845068e-10
7.2704565907943e-10
6.2073514806957e-10
-4.8738943172675e-10
-5.3575283713518e-10
-1.3681809148621e-09
1.1784255593481e-09
1.5686669189511e-10
-1.4747114701825e-11
-4.0756067194733e-10
1.3325200032426e-09
-1.1472530421726e-10
5.6245634092366e-10
1.7250296286373e-09
-2.0195122269538e-09
-1.1416550564479e-09
-4.9000451174619e-10
-9.6362152586265e-10
-1.3083697295436e-09
5.8764713210344e-10
-1.3662048023587e-09
-4.930409013252e-10
-1.1281328439588e-09
-2.0782618503185e-11
-4.2352791903249e-10
8.2736111250646e-10
-1.0569413711323e-09
1.7327743974974e-10
-1.654505852434e-09
1.449954737187e-10
5.6307998134094e-10
-7.256566975985e-10
-2.0829791493165e-10
-5.6690139314681e-10
1.1227371213553e-09
9.7456738518492e-10
8.7166130366713e-11
-1.2338198456138e-09
-1.7945612940075e-09
-3.2386231450748e-10
-1.8590976096393e-10
1.2660502186366e-09
1.2117131239261e-09
9.5389735474687e-10
5.8909663005342e-10
1.2560352840143e-09
-1.6658904817432e-09
-1.2102238323137e-09
-5.292769390236e-10
-3.255805957449e-10
1.7700052033968e-09
1.0727294792757e-09
-1.4813005587828e-09
3.8139593320968e-10
5.6345537058278e-10
-2.0183953780535e-10
-2.3995236681496e-10
-5.3822206836461e-10
-1.43783595039e-10
-1.6093955022792e-10
7.4878810417345e-11
1.1034417839748e-09
5.3348445969867e-10
9.5265662488269e-10
1.4887752382409e-09
-4.0919699976363e-10
-1.5200060627359e-09
1.9252835499958e-10
-1.9421999094911e-10
-1.1488254466935e-09
2.2525219636185e-10
-1.281674308182e-09
-3.4434389486347e-10
-1.809963023708e-09
1.1378800711811e-09
-1.0202122935451e-11
-7.6697153592031e-10
-9.8138828518347e-11
1.1199736662955e-09
1.562397442702e-09
-2.7039967627137e-10
-4.3432941518108e-10
-5.2945892319811e-11
-2.6555350381089e-10
-1.3381982746726e-10
9.9882069393532e-10
-1.0448931340301e-10
-6.8781465587104e-10
-4.0171466324307e-10
3.8523293459243e-11
-8.7388242800457e-10
-9.8611359174731e-10
-1.0875111641715e-09
-3.0021546724886e-10
3.7127252759022e-10
8.8872072526283e-10
2.7305492292471e-10
1.9137609222771e-09
1.2977853581145e-09
-1.2092944209822e-09
-3.9409517427074e-10
-8.3532132975208e-10
7.7590497032809e-10
-7.1661045635654e-10
-1.1414208522702e-09
3.7561419089854e-12
1.4498141963754e-10
1.2807827907833e-09
-7.4714473638116e-10
-5.7961696187936e-10
1.4041830057644e-09
-5.8713200951758e-10
3.7276125973966e-10
4.6027718079661e-10
-1.1478266210907e-09
1.2779975547276e-09
-1.0826114948419e-09
-5.8989271755322e-10
1.0372761696303e-10
2.6981713302198e-10
3.9778025980614e-10
-1.6138824306205e-09
-1.4206498248604e-10
-1.8184953663324e-09
1.0531666505731e-10
-1.2696643365719e-10
-1.5797990834399e-09
2.3536557971561e-09
-3.8518030342197e-10
-4.7299573085586e-10
1.0754158664489e-09
-3.8376178015574e-10
-1.0616075337004e-09
6.4001863414973e-10
-1.3034125499388e-09
-3.7844363988676e-10
-1.7703017997063e-09
7.2352037738162e-11
-9.902231619704e-10
-9.9503218369155e-10
1.4426104798293e-09
-6.2006903430418e-11
1.2849744607388e-09
2.5290371987724e-10
-1.691454027671e-09
8.9923236800151e-11
-2.0870810383412e-10
-2.2004155557272e-10
-2.1738409647035e-10
-7.7803614343376e-10
-4.7642601940367e-10
-4.0120291532114e-10
1.2965121138733e-09
1.0296948170342e-09
4.2653439430913e-10
5.8545804456468e-10
-1.0257137989781e-10
-1.0338210960736e-10
-1.9732277409019e-10
1.1100136918503e-09
-2.4653674397333e-10
4.7613175950422e-10
5.0932438081114e-10
4.7192252440108e-10
3.5812527666541e-10
-5.4403677279651e-10
3.0119995436063e-09
2.9557604575183e-11
6.2831632678609e-10
-1.3660762018721e-09
-1.0321718802686e-09
-5.5684301486841e-10
1.0771638720081e-09
1.51691349401e-09
-1.0955422916168e-09
8.4012124719442e-10
9.3778918850379e-10
-1.1395171766127e-10
1.2852224549118e-09
1.0245624049221e-09
-1.2682492718349e-09
1.5184599800935e-09
-1.1516086696948e-09
-1.8382060549619e-10
-1.5075763618937e-09
-8.9664612187012e-10
4.8292822083604e-10
-4.5615232662343e-10
-1.1803460840199e-09
9.1128872169115e-10
-1.4972169891651e-09
3.9354362451266e-11
-4.0534901525119e-10
1.9011224174881e-10
-2.4690780530454e-11
-1.7501218449838e-09
-1.2182920804728e-09
-6.8091649847191e-10
-1.6823576627449e-09
-1.0751664744481e-09
-5.2074371299164e-10
-7.7598150429952e-10
2.219136768175e-10
-3.3137095716449e-10
1.8088933445225e-10
3.0928951291989e-10
-3.9090920814214e-10
-1.5640808520624e-09
-1.2451125631322e-09
-7.2866871987665e-10
-2.612235358334e-10
1.088513480681e-09
-1.7715147008128e-09
6.670716599407e-10
-1.9316738557008e-10
1.4252037596356e-09
-3.9855155301352e-10
7.0509151514038e-10
-1.6735878574757e-11
6.8313230238194e-10
-6.3253201045995e-11
6.5011540287939e-10
-6.0743185969562e-10
1.7273190937721e-09
2.0795389367075e-10
7.5107245237619e-10
1.5950290300412e-10
7.9990908312167e-10
8.339212501695e-10
-8.1132545797599e-10
-1.053098218199e-09
1.175585814907e-11
3.4509284450025e-10
-1.0379815197358e-09
1.1017523181319e-09
-5.4838306020195e-10
-6.3176599337487e-10
-5.5059371562418e-10
3.5106994651058e-10
1.8486186415368e-10
-1.9118691806734e-09
1.6160345272993e-10
1.2028351398254e-10
7.5532056194274e-10
-8.7775952859871e-10
-5.1915966094023e-10
1.3615172282279e-09
-1.2448408641832e-09
-9.5937179269746e-10
-3.2074350956389e-10
-1.3848791859775e-09
3.0146132891796e-10
6.9212089470183e-10
2.5560495888982e-10
7.9206522404796e-10
1.0181520828704e-09
4.9833292268435e-10
-1.0203686259251e-09
-3.8226652886593e-10
8.599984647435e-10
-1.1145036616923e-09
-1.2175672876783e-10
-1.8077372615117e-09
4.5731160851176e-11
2.6627157944461e-10
1.2579006938336e-09
-1.1921111902475e-09
5.9456056030249e-10
1.8446782621205e-11
-7.7057939734815e-10
-8.5704237991561e-10
-6.8128692518854e-10
9.8867650515729e-11
6.1307986254802e-10
1.3295083246577e-11
-6.4086253608566e-11
2.2871374963347e-10
-7.2575464711578e-10
-3.0750565738216e-11
-4.493728553771e-11
-1.8853433797028e-09
-1.0068928609018e-09
3.8735520694317e-11
6.5827233444784e-10
-3.4472934411391e-10
9.7609946526121e-10
-1.6154069977197e-09
1.1404154988963e-09
5.2431468411736e-10
2.0557768176546e-09
3.2938803477324e-10
2.7060122334804e-10
-1.6462901502633e-09
1.6298698148326e-11
2.15232014364e-10
3.4117807697198e-10
8.927538677673e-10
-2.1006796582073e-10
1.1678585494949e-09
-1.2753693859411e-09
-5.4818650244522e-10
-1.7341753542546e-09
-1.8859935415145e-09
-5.9694118183407e-10
4.6383967631796e-10
2.3452950101242e-09
-6.2997958684553e-10
-7.0441695290585e-10
7.1898068193257e-10
5.9780726507588e-10
9.8993860304106e-10
-4.5809300624741e-10
-2.6602690957268e-10
-1.9036235300771e-10
-1.2077214128147e-09
-2.3924996007237e-09
-8.7086323183059e-10
-7.972421691729e-10
-2.3238228410225e-09
-5.9130531705108e-10
1.1879528556284e-09
8.366009922553e-11
-5.0892704182975e-10
9.7180327098197e-10
-1.5386685093927e-09
-5.8337133545639e-10
-3.7030945637769e-10
9.0770923961871e-10
-4.1425411085854e-10
-3.6052218246126e-10
6.644147511705e-10
5.5112418466243e-10
-1.8807395833796e-09
1.6029887652393e-09
-8.3667176702736e-10
4.339925291274e-10
-1.0466777267063e-10
-1.1491669382978e-10
6.9052143555966e-10
-7.1877963505211e-10
1.0031642604706e-09
-1.6199166203511e-10
7.9968417429973e-12
-5.0137921070272e-10
1.09323189797e-09
2.9052366342691e-10
-6.6814808028508e-10
-1.7920358412078e-10
2.3029884550062e-10
-1.3793373129528e-10
5.275032411198e-10
-2.8740967335396e-10
-2.9338073190313e-10
6.7555250523733e-10
5.9020890477308e-10
3.1271002572628e-11
-1.9409481269758e-09
2.6698856906649e-11
1.5569974564976e-10
4.1333580515886e-10
-1.2313676123913e-09
6.4725603344776e-11
1.9649095227643e-09
-6.8910862507853e-10
-6.4925368451722e-10
2.1277184011196e-10
5.6541283391151e-10
7.4972181313203e-11
-2.6301007295437e-10
2.843601058718e-10
-6.9110994071389e-10
3.4228114705661e-10
-5.0252524563737e-10
3.9368828168155e-10
1.2181297987355e-09
1.4261753741559e-09
-9.033881001718e-10
1.1207822069413e-09
5.3503056701187e-10
-3.4707762514208e-10
3.6021519494836e-10
-1.331823326133e-09
8.9724406220831e-10
3.9336948313551e-10
-8.3085714632859e-10
5.8889600351234e-10
-5.6625076651542e-10
9.4563487496203e-10
2.2814582187958e-09
-2.0143967461724e-10
-1.9509264581639e-10
-1.268682175048e-09
9.40035184278e-10
-7.3363849317223e-10
5.7967490952805e-11
1.4829746057559e-09
9.3066439406501e-10
1.9361390665981e-10
1.4187448320722e-09
6.2034241249064e-10
-4.7314900284535e-10
-7.0183664451139e-11
3.5189650874282e-10
-4.2161951203643e-10
2.0032527356956e-09
7.1904465889066e-10
1.1236057099344e-09
1.6817877644493e-10
-1.3100148537422e-09
6.7618551678531e-10
-1.3083609735501e-10
-6.4980943002461e-10
1.9563706119747e-09
-3.1247748670348e-11
1.8945051663076e-09
3.3870353709389e-12
-1.5918069117394e-09
-1.6183624902689e-09
-5.896070841046e-11
-1.0411936235468e-09
-8.0463016964483e-10
3.5936732685951e-10
1.6959948341941e-10
1.1492108464471e-09
-8.326706984003e-10
9.0957852075511e-10
6.9952684768094e-10
-1.1134486489365e-09
1.432170507577e-09
-1.4002875546844e-06
2.4823564325497e-07
-6.1900790432554e-07
1.4143986841429e-06
-4.7357707479891e-07
6.6250219168127e-07
-2.0094756557171e-07
3.0881953684288e-07
-9.4342707665975e-08
-3.2334415972177e-07
-2.1494190603331e-07
4.9812082639581e-08
-6.6935849896166e-07
2.6525519087289e-08
-3.7377036070805e-07
8.9730583469789e-09
-4.7142674938444e-07
-5.3649508826089e-07
-2.3738338843302e-07
9.5159550904597e-08
9.302002881123e-08
-2.1709710147149e-07
-1.2404955137263e-07
1.7930028949706e-08
1.5179448824237e-07
2.4103359770308e-08
5.8904816630548e-08
6.5299876157727e-08
-8.5941602659716e-08
6.9812090206669e-08
8.9206889365064e-08
3.0894478053535e-07
7.4864544364267e-08
1.2054136106147e-07
2.1415778822885e-08
-3.1680248951367e-08
-7.4250041779838e-08
1.9899195592094e-08
-5.4043685305458e-08
2.2296398323142e-07
-9.6920855573503e-08
-3.0043124503343e-09
9.6876799264137e-08
-1.3109440296018e-07
-5.1265084534574e-08
-1.541282086692e-07
-7.9024065660299e-08
-5.0616589860307e-08
-7.9771308397481e-08
-3.0490808057741e-09
-9.1710583180623e-08
-3.7942351516944e-08
-2.3861714385192e-08
-2.7121169735917e-08
-9.8987922065077e-08
-1.4883196878429e-07
-6.3766294535393e-08
4.9585793814442e-08
3.4273338235333e-08
-8.9827632035314e-08
2.4547170071945e-08
4.2064452526958e-08
-1.8419023817751e-08
-6.9672140775922e-08
-4.3168580260266e-08
3.1099967557454e-08
2.5068882598943e-08
3.8385950956294e-09
7.5886197121403e-09
3.8979137320247e-08
3.5724034193626e-08
1.6936077393966e-08
2.4960668822439e-08
3.0936165902257e-08
-6.3879796026169e-09
-1.1110812446427e-08
3.8684337728347e-08
-6.2686327410874e-08
9.7685440080567e-08
-1.1753279335775e-08
6.7221122663598e-08
-6.275311845657e-09
-7.3227094496049e-09
-9.8560336611908e-09
4.5887665438982e-08
-3.6841746487554e-08
-4.8428408449231e-09
8.7939944190078e-08
6.81480968905e-08
2.8860378188438e-08
-4.0619058455235e-09
1.969523101268e-08
-2.2663665899697e-08
-1.6789093854799e-08
2.4535799554413e-09
-3.9348322378392e-09
-1.5445930082093e-08
2.8466442225861e-08
-1.2940469658934e-09
-3.9042418997008e-08
-3.1127270235059e-08
4.5150119739247e-08
-4.81831345712e-09
1.0480584569557e-08
-3.029749405778e-08
1.765566730691e-08
6.8082764872183e-09
7.6168471690895e-09
-3.6470024416557e-08
5.0707205322342e-09
2.2175025700281e-08
3.7992384501293e-08
1.4692518238526e-08
1.8519790195988e-08
1.5608261983897e-08
-4.5765477741965e-09
-2.4395247035036e-08
-4.6975442410104e-09
3.3348210833605e-08
2.8024887529395e-08
-2.1340776724698e-08
4.7989136582547e-08
-3.444879441362e-09
-3.5598507712824e-08
-8.6544652670016e-09
5.410326258238e-09
-3.9667743233401e-08
1.1537530788824e-08
-3.2021841362846e-09
6.7258051952883e-09
1.0463492290275e-09
-3.8648335144366e-08
-3.2771968424385e-08
2.9689367586974e-09
-3.1707711487432e-08
6.8136942333818e-09
5.0754948755196e-09
2.5332005514177e-08
8.0270462648761e-09
-2.9440841580206e-08
-4.3873993172373e-09
3.6360823738249e-09
-2.7642013855154e-08
1.8378772544203e-08
1.1084731438664e-08
2.0457640718885e-08
2.0136902368219e-08
1.1572567316224e-08
5.244699555808e-09
3.6063653538635e-09
-1.9868845871862e-08
-3.9289070232963e-08
1.0828298702518e-08
-5.8532719242042e-09
-7.8393850136828e-10
2.6137450069496e-08
-1.3245884849575e-08
7.465330691461e-09
4.3463415932381e-09
3.6132840124699e-08
-4.2407348066648e-09
2.1183988265413e-09
-1.6563586048506e-08
-3.4937448118463e-08
-1.2830572741038e-08
-2.0277343586713e-08
6.5044389900036e-09
4.3827473052038e-09
-1.0846029188865e-08
1.188889645071e-09
-2.3688235566881e-09
1.0959600425333e-09
-8.1472673165319e-09
2.7446404990404e-08
1.8755405895408e-08
-8.7449960085284e-09
-9.9930767903112e-09
7.2395770950702e-09
-7.5781904926247e-09
1.0357866131646e-08
9.4565225713003e-09
-2.8524625172449e-08
-1.2851815362512e-08
-1.4070157295641e-08
-7.097171760454e-09
-1.534070361821e-08
-9.6941134076195e-09
5.1983328077656e-09
7.0325709144814e-09
1.7184305533723e-08
3.8898339032142e-08
-2.2621930624551e-08
-8.2603173480037e-09
-4.366652696022e-09
-7.0685827021582e-10
2.1541430705998e-09
-7.012228702312e-09
-4.7892284540259e-09
-1.9152693000581e-08
1.8134193745956e-08
6.7646188264667e-09
-1.4378989696884e-08
-8.6614417769497e-10
-3.4263873842357e-10
-1.3728195757083e-08
-8.8821057689325e-10
1.0921390898524e-08
-1.2695422253577e-08
2.8689601057592e-08
4.177954104652e-09
2.2720268944694e-08
1.8978828084306e-08
1.096593664688e-09
1.2807606956865e-11
2.5204238511264e-09
2.1471704336001e-09
9.0795306354884e-09
-1.1380274435408e-09
-3.5579619726382e-08
1.4774135382935e-08
1.3936518668431e-08
7.3531104815277e-09
1.037047730089e-08
-6.6541513477341e-09
-7.3759378487434e-09
-1.1072009068327e-08
1.6553724224611e-08
1.5918689115887e-08
-3.6537695847845e-09
-3.8370346920178e-09
-1.1610409569062e-09
1.0122051622277e-08
1.8729315990399e-08
-3.1845571820658e-10
-5.5085875957968e-09
4.7473001460626e-09
3.8154252246867e-09
8.3776016265216e-09
2.2350968841818e-08
-1.7563692733597e-08
-8.2115938845533e-09
1.9513419212088e-08
8.3273807178434e-09
4.7133264349168e-09
-7.2902374722582e-09
-1.4595391680055e-08
-1.6199258817147e-08
-3.3617397301166e-09
1.9581431680236e-08
2.3968933744937e-08
2.3337122575152e-09
1.6190926944957e-08
-4.5872511770289e-09
-1.7496470763025e-08
8.2861533649885e-09
1.6369820976212e-10
1.6130562224125e-08
-1.9143187624349e-09
1.8153210766228e-10
-1.2849407488341e-08
-2.2668458426979e-09
1.4293204710545e-08
-1.2011225477928e-08
-5.2051830238382e-09
-1.4655629028664e-09
-3.5899012013909e-09
1.1074833661367e-08
-1.2932996356985e-08
-1.4816779431867e-08
1.0655100419204e-08
-5.4569361507169e-09
1.1743338169948e-08
4.7309304236585e-09
-1.2047525464918e-08
-1.532170325431e-09
1.5158859599074e-08
-9.7354658922235e-09
5.0912180986304e-09
-2.1427209206796e-08
1.3598362146586e-09
4.9165708102105e-09
-3.6080992807458e-09
-1.7835702455674e-08
2.1257980969616e-08
1.780424707274e-08
-6.181050283842e-09
2.9352397223757e-09
-2.0444369920937e-09
-1.5957821092696e-08
2.7206833617561e-09
-6.4423376782633e-09
-1.0300608944356e-08
-8.6757438507054e-09
8.6392859382659e-09
1.4118113075135e-08
-3.9344377375131e-09
-8.8214527528989e-09
-3.688291870929e-09
-9.15917858845e-09
9.3446723818946e-09
-1.4307093731695e-08
2.9222875597663e-10
-4.1284560400135e-10
1.6692546822678e-10
-6.6223501055379e-09
1.8266838843888e-10
2.2952814202699e-08
-4.4145435667265e-09
1.0320369260352e-08
1.1569751267624e-08
-1.1652356070243e-08
6.561085726337e-09
-7.4112425830819e-09
-1.2903381619589e-08
-3.7051114519864e-09
-1.4883094271096e-08
9.8044111563384e-09
-9.6403919218115e-10
7.7595475397585e-09
3.861008693719e-09
-1.2634965556174e-08
-8.3959373244976e-09
4.9450677849756e-09
-6.648848730048e-09
1.1508019288654e-08
4.0467948145927e-09
-2.0227749335103e-08
7.8222802661701e-09
-1.0516263405757e-08
4.449748225165e-09
1.7815122435133e-09
7.133167289064e-10
-5.6618040229625e-09
1.6770018982198e-09
2.3295672195762e-09
1.5362062987971e-09
8.0653417290841e-09
8.2962236943459e-09
-6.3999872285747e-09
7.9201890163687e-09
4.8990603726214e-09
3.7693178483e-09
-1.1981682115503e-08
1.9407723004129e-09
7.0666399258758e-09
1.0724600153955e-08
1.4779264928735e-08
-5.7981495535125e-10
2.0783190188661e-09
1.5881897480442e-09
-6.1952449687552e-10
1.0484790236648e-08
8.0569333703822e-09
1.4991127051344e-08
6.4145226606274e-09
-6.9048205903219e-09
-8.7637688941956e-09
1.1269998296216e-08
1.2697740985122e-09
-9.4387994636127e-09
2.0692769712996e-09
-4.6728723481261e-09
1.1820129783008e-08
1.4717476793174e-09
3.1675410586972e-09
5.0566886020645e-10
7.8770928590981e-09
-2.4013150642043e-09
3.6594416907613e-09
-6.6511639128113e-09
2.8905160385921e-09
-1.1596325686611e-08
-2.2408221286416e-09
6.0097538333932e-09
-2.3865241649708e-09
1.0651334359494e-09
8.7179457848495e-09
-8.2531747101591e-09
1.018378596802e-08
1.1284664974294e-08
-4.7217670115864e-09
1.2927200259387e-08
5.6534445239315e-09
-1.7578076264076e-09
-1.2695207983866e-08
7.9671409265058e-09
-1.8380518355519e-09
1.0338039223358e-08
5.9004720235559e-09
-1.2861481380778e-08
-2.1859823365125e-09
-1.3280314103041e-08
-4.9802974924778e-09
-3.3339162014e-09
2.4107285807298e-08
6.4981956462077e-09
6.6150421993607e-09
-7.3094394146158e-09
2.6683229023794e-09
-1.3887118670218e-08
-1.7451237532505e-08
3.8287558817075e-09
1.2075910111549e-09
6.684350567198e-09
-1.3527674024692e-08
-2.4449084122933e-09
-1.1575406934852e-08
2.3999690261713e-09
5.956447377277e-09
1.0385212492469e-08
-3.1499901148771e-09
9.5785690944288e-09
2.6922042620225e-09
5.5441772115491e-11
6.8675947776801e-09
-4.857304309184e-09
-2.6372670323082e-09
-4.7242793194366e-09
-7.0499234467322e-09
-1.468357871609e-08
-4.7108406823065e-09
-2.8217692133575e-09
6.8148253358341e-09
5.7862322857616e-09
-5.139625837679e-09
-1.2385982053498e-09
2.2193371015653e-09
-2.2393409389988e-09
8.7418390476096e-09
-6.813334029436e-09
-7.1249263625868e-10
-5.7411841740889e-09
-5.2142231305901e-09
1.0846261252477e-09
-1.1719291647494e-09
-1.3736040068339e-08
-3.7575715092511e-09
-5.6751382114658e-09
8.3627835833158e-10
3.8138299477264e-09
3.2707354680614e-09
-1.1709561208897e-08
-4.9573942713952e-09
1.0387443288681e-08
-1.0737545157408e-08
2.9798145501188e-09
8.1225464564451e-09
-1.0636629751834e-09
4.1423363085208e-09
-5.8750678430972e-09
-7.9658671115466e-09
2.7494184186393e-09
1.333948821238e-08
-5.544506089581e-09
-8.7076493813383e-09
-1.0975229073882e-08
-2.5813272977244e-09
-1.5720040469796e-08
1.2552874536885e-08
1.2554766910212e-08
-8.0919457783568e-09
1.8762711367612e-09
8.4741695472817e-09
-1.8475312141719e-08
5.1148318812559e-09
-7.5429830922054e-09
-5.173654682343e-09
5.4567902303635e-09
-2.9304139051823e-10
-1.341619998496e-09
2.1399608282234e-09
5.8486665359342e-09
-4.8925182065313e-09
2.1704653441929e-08
3.9945446801614e-09
4.6670559865738e-09
3.232103943569e-09
-2.3636356903567e-09
6.1419620400247e-09
6.8526607332267e-09
-2.4266471621328e-09
4.7688243057193e-09
5.7323315140398e-09
7.4326285047271e-09
-1.1229807327636e-08
4.3065612326773e-09
-3.7157477584734e-09
-1.7631140999965e-09
1.7822648228744e-09
1.1032554623368e-08
2.8424925128721e-09
-2.3220558410142e-09
-8.1348189133162e-09
-1.5815676199369e-09
3.5758101915781e-09
-2.8728586589639e-09
3.7386657511212e-09
-7.3061340752947e-09
1.279650561116e-09
-8.3944606535844e-09
4.4536064556145e-09
7.2842933896993e-09
-1.4843688266214e-09
-4.9917923483057e-09
7.9125063094496e-09
1.3740785601499e-08
4.7774835651626e-09
1.9612406236074e-09
-8.4196625415758e-09
3.8719087629381e-09
1.0086956582591e-08
-1.7653633658609e-09
-2.8728032012832e-09
-1.3415493423427e-10
1.1696643607226e-08
-2.3637310445054e-09
-2.5055912193412e-09
1.4216191816296e-10
-5.8039834856842e-09
-3.8302488735011e-09
-6.6989490691158e-09
-5.7009013230557e-09
2.9940919019036e-09
1.3354120487469e-09
-2.9267799994736e-10
1.2673254489722e-09
-3.8888030946462e-09
2.3233332834471e-09
6.1591991430642e-09
5.0899010043636e-09
4.2782359516103e-09
-2.5989075740024e-09
7.3899019656339e-10
1.5083885186258e-08
1.0986496652117e-08
1.1451263380863e-09
-6.6820820269731e-09
9.6926965011572e-09
2.9748554189054e-09
5.6473939798171e-09
-3.4734148146757e-09
5.6054109971954e-09
1.2347622414799e-08
-2.9453302827278e-09
2.2797628830803e-09
-8.4544020682533e-09
2.3829208930319e-10
-1.5343887760133e-08
-1.0523397936124e-08
-9.1499698779723e-09
-1.0623491645596e-08
4.5733999441619e-09
1.0678499976455e-09
-7.8648860526769e-10
5.5192432314935e-09
-1.8426704456655e-08
8.5312468285048e-10
-4.6975323985596e-09
8.3512218458088e-09
6.528887241231e-09
7.5418721245284e-09
8.5554419175658e-09
3.2941842751986e-10
2.6372906386323e-09
6.6720338475076e-09
-6.9108838759212e-09
6.1660473911127e-09
-2.1713383309863e-10
1.8101940301037e-09
-8.4022074853651e-10
-4.1581165621026e-09
1.6095108368469e-09
9.7364635239527e-09
6.004952417065e-09
-2.1539476806698e-09
2.7168239981451e-09
-5.4623219807368e-09
6.5431325959719e-09
-9.8201922353678e-09
-6.8489698017206e-09
3.6680378448844e-09
-1.2308952006638e-08
3.6149457919625e-09
-1.0171524042788e-08
-1.3102963500561e-08
-3.970937898608e-09
-1.9960054296401e-08
-4.2543617634929e-09
-9.2352603720354e-10
-1.9757967743372e-09
1.8173715751749e-09
4.3003815086267e-09
1.6274658154704e-09
-1.00799593756e-08
7.1180202058125e-09
2.2904778273614e-09
1.0718768692053e-08
-1.1118713892964e-08
9.38105210861e-09
2.3410911775006e-09
9.6586464642699e-09
-2.2282947300625e-10
1.0800306696371e-08
-3.3833580681572e-09
-7.201617342104e-09
4.0675287153024e-09
-6.5884264658718e-09
8.6848672137629e-09
-7.4061157247554e-09
-9.6761389470655e-09
-1.0979406400729e-08
-3.4880228786903e-09
-4.5829948008583e-10
-4.8573595642379e-10
5.9459082932349e-09
-2.43170989619e-09
5.3109523641736e-09
1.7440792682584e-09
4.4335063912079e-09
-1.3405813261877e-08
-1.5149191490298e-08
3.1654671198473e-09
2.8829539186378e-09
3.6096324053823e-09
-8.3045322712135e-09
-3.1866000666333e-09
2.7930731543759e-09
-5.0515807154135e-09
6.4095521745417e-09
-2.8764383855151e-09
-1.8036773215077e-08
5.1185061675595e-10
-2.4757753607174e-10
-3.0845172914166e-09
6.7689413849086e-09
-4.5520576305397e-09
-1.0308100041233e-09
6.3986293715182e-09
4.0184521460163e-09
-1.0571301693124e-08
6.9743831696068e-09
-5.2811606217218e-09
4.0215637275533e-09
4.3907817728725e-10
-8.7815567262391e-09
4.716049518936e-09
-6.3725382715536e-09
2.3925484684255e-09
-6.206851327477e-09
1.1620787054163e-09
2.7435313252923e-09
-4.6549565290718e-09
1.6178137419669e-08
9.8672959223144e-09
9.0262289810636e-09
-4.1334342206075e-09
-1.3938718708765e-10
6.5652643473033e-09
-5.3347075708181e-09
2.1572673727084e-09
-3.8731000239725e-09
4.1299175931819e-09
-1.2614265565358e-08
-5.7975190473345e-09
-1.28929028213e-09
-1.1627920692634e-08
-7.8327390916501e-11
2.1846584818787e-09
1.8227424091134e-10
8.6738203618705e-09
8.5676591052942e-09
-3.6859913093258e-09
-1.7550837355733e-10
2.1106155791544e-09
4.1045482581183e-09
-5.0272362342981e-09
-7.0696734540522e-09
-1.9065851444924e-10
-8.5922973183502e-10
1.4082375975366e-08
-3.3410859685718e-09
3.3183027478656e-09
1.6470088110638e-10
-1.4466528782207e-09
-1.2974178600677e-09
5.4904271929883e-10
3.8609645480063e-09
-9.4165951476238e-09
-2.7295582330622e-09
1.0952701613862e-08
4.8706352898269e-09
4.0452016957382e-09
6.166049512766e-09
1.2175277016935e-08
-9.2193336443669e-09
4.2803157670137e-09
-1.622605406104e-08
5.0427955569374e-10
-8.8016896117996e-09
-4.3923160954547e-09
-4.0861582753161e-09
3.1432341429074e-09
-1.1907784249086e-09
-4.7151482035724e-10
-4.5920603952242e-09
9.2652822251503e-09
2.8833895728549e-09
-1.082773350676e-09
6.1635364623935e-09
-3.053661671496e-09
-5.5696212001408e-09
7.4180792947204e-09
-7.5201256728325e-09
-1.1458851015695e-08
3.9659323265986e-09
-2.62945562312e-09
1.0016649303486e-08
4.3238551974335e-09
-1.6212223171442e-09
-4.3788386632125e-12
-2.7538507996688e-09
3.4577421727972e-09
7.6096578105804e-09
5.8687602975864e-09
1.6456004387289e-09
-3.1070084566619e-09
5.4001524543796e-09
9.0037256758589e-09
-4.7619544056657e-09
2.7566998456281e-09
2.013654755215e-09
-8.7768142118869e-09
1.4584690717187e-09
1.4171896657992e-08
3.5207876144556e-09
2.2983621383628e-09
-1.2328185652771e-09
2.2849627538329e-09
-2.8298012735216e-09
8.3121682862191e-09
7.0763861489495e-09
6.0624880827003e-09
-4.7013749234043e-09
2.426324086203e-09
2.457095799158e-09
-1.0991117564268e-09
1.2606036707386e-08
5.2714679119758e-09
6.7483293857193e-10
-2.2572789467925e-09
7.893641464177e-09
-6.418152879418e-09
2.4116543367004e-09
-7.9418660978353e-10
-2.5985392147808e-09
-1.6632385470229e-09
5.100040694477e-10
6.4558516623884e-09
-9.0095340113363e-09
1.1040714109371e-09
-1.0002452599035e-09
5.7652140478948e-09
7.9971372300639e-09
-5.5307575296573e-09
7.8124645294564e-09
-2.5602510898897e-09
-1.0542706675459e-08
-3.0991024536495e-09
-1.0550253699217e-08
-1.1216976475764e-08
4.3709718652375e-09
3.1910017278559e-09
3.3035399056957e-09
2.516564817844e-09
-3.4994848790862e-09
-5.0704558090444e-09
7.5529850123631e-09
1.9616228534439e-09
-1.1501487412782e-09
4.4557440138853e-10
-2.4785904742287e-09
-7.6290311778568e-09
1.1359994175313e-09
3.0908620298913e-09
1.5809437999618e-09
4.6461929167543e-09
9.3408704038036e-10
3.3788600571517e-09
-3.5627122542145e-09
1.3593444772963e-09
-5.8135769752341e-09
1.1269183991296e-09
-1.7774476912778e-09
-3.8517193795751e-09
1.3645163716354e-10
9.691936774267e-10
-3.3849541548707e-10
7.6288407802715e-09
-5.4976740904883e-10
-1.5760747330798e-08
-1.2923913730694e-08
3.1144956427508e-09
-3.5191148177913e-09
-4.6269193516436e-09
2.2177757211671e-09
6.9064324789086e-09
2.6364109822962e-09
9.4446353103763e-10
-1.1008517921343e-09
-5.800250483507e-09
-1.3210008527283e-09
1.5133697203038e-09
-8.3946194862235e-09
6.4215363667444e-09
1.301095823883e-09
4.1015987225846e-09
3.9629069975063e-09
6.0332835067753e-10
-3.2937290117383e-09
3.3514326135336e-09
3.1446830138555e-09
3.7314976581952e-09
-3.0227869715234e-09
1.5064082914398e-09
2.6536895508183e-09
-4.5459405595326e-09
4.8143860176889e-09
1.4834138017951e-09
-5.7546320777376e-09
8.4876423465576e-11
6.4109335024983e-09
-3.7420223444929e-10
1.5502223887271e-09
-4.5084713476367e-09
2.2185521377522e-09
4.2707829407053e-09
-1.3243427540948e-09
-6.6337125114831e-10
-3.0215297106134e-09
-2.3817465493937e-09
-1.3981420864779e-08
-2.1136155324821e-09
2.8376429987166e-09
-8.2302469801571e-09
-7.5327589364912e-10
-4.8970749661685e-09
5.8109919824898e-09
-7.9787752653145e-10
5.5520753753193e-10
4.0380424301111e-09
1.0752052056372e-08
4.867394415926e-09
4.1220537810059e-09
-2.996639481908e-09
-1.0185292796133e-08
-1.5328905758231e-09
-2.6039136495383e-09
-4.7793173859515e-09
5.7941296756629e-09
-3.781215833064e-10
-2.8845950294655e-09
9.9466393275924e-09
1.4248317446232e-09
-3.3579851477536e-09
-1.2176364351999e-09
-3.255349384425e-09
8.1893404653567e-10
1.6250576404956e-09
5.4549501751275e-09
1.9311546879842e-09
-1.0091536289298e-08
4.247134638625e-09
5.4609464205818e-09
7.3517774635769e-09
-2.8058956562224e-09
-3.2099415078811e-09
1.842323631405e-09
-5.7380088562189e-09
8.1467642852227e-10
-4.5137931619718e-09
-3.4863386834939e-09
-4.6557512385541e-09
1.3338554392748e-09
4.3167504626028e-09
-6.3625398737863e-09
-2.3331889462756e-09
2.172341374209e-09
-2.7143798483144e-09
6.9710934041261e-10
4.5935513277689e-09
5.1657351681214e-09
6.3457528242577e-09
1.1281700645538e-08
2.0097079138252e-10
-5.3916297673695e-09
3.2635890881485e-09
-1.3051109066496e-08
9.8516766026684e-09
-2.8519982424268e-09
-4.3145962366503e-11
2.829906446623e-09
4.1918930173974e-09
-1.3476824324567e-09
-1.4493877141265e-10
9.1628972480672e-10
6.4903133248293e-09
9.5256572721387e-11
5.791705896211e-09
-3.6463156386021e-10
-6.17048896762e-09
1.4191714719321e-09
5.3351456325727e-09
4.6187381171589e-10
-1.4376058394957e-09
3.4054616462059e-09
6.7059034477533e-09
8.0493663733619e-10
-4.3658435728594e-09
-4.1103525904105e-09
-6.9560517979078e-09
4.9648556142747e-10
5.3950828444174e-09
-2.2495005642134e-09
-6.279799369881e-09
-1.9703557429406e-09
3.2427171472853e-09
3.160571661774e-09
6.9257739664434e-11
8.343698552346e-09
7.4478193375579e-10
-8.781466862023e-09
-7.4921842623647e-10
5.5512372246785e-09
-9.8675600971902e-10
7.4696258716757e-10
5.0874899208372e-09
-3.7720481497773e-09
5.4705610442034e-09
8.1698605489006e-10
-3.2748117224685e-09
7.8979728889187e-10
3.1188999424605e-09
3.9592735655433e-09
-8.1655809859672e-09
-2.165530048975e-09
3.4391571979856e-09
-4.1804020530694e-09
-1.2598536861359e-09
4.0331729035984e-09
2.4818054546873e-09
9.550691117328e-09
-1.2562600354609e-09
-6.1945048980555e-09
-6.0910655222598e-09
-1.3156400520791e-09
-1.279831098234e-09
-6.372152961905e-09
-2.8924722619036e-09
-6.1664193681017e-09
6.3425425890525e-09
1.5668209732496e-09
-3.8656682963878e-09
-4.7792765904306e-09
3.7741561087748e-10
4.0842116145499e-11
1.3057106322665e-09
8.2867390126333e-09
-8.1104289375942e-09
1.1946242283459e-10
1.0292275370559e-09
-2.9822417191167e-09
5.332680093111e-09
5.2105997214427e-09
1.9922597495216e-09
2.6944130738044e-09
1.6938150795385e-09
-3.1216016754429e-10
5.9514286453262e-09
-2.9132546701539e-09
-7.8263763596204e-09
6.736272910448e-09
-6.1372075171656e-09
3.2444745340461e-09
6.5953258611611e-09
-1.4127872145839e-09
-8.861964001103e-10
-3.0182296801333e-09
-1.7017263198832e-09
-4.6025657885899e-09
-3.3052271768958e-09
-5.9428251442756e-09
-2.6013426970554e-09
-1.4577245910993e-09
-8.4763569989168e-10
3.4443609957348e-09
9.5843563874469e-10
-6.4657068028049e-09
-1.5179634441866e-09
-2.8585646945239e-09
-1.5748220561212e-09
-9.7395452915208e-10
-3.6040679036512e-09
-2.2950157237994e-10
1.1140711202493e-09
-1.6872858208373e-09
-5.234659048506e-09
-2.3184446762807e-09
3.3195639285563e-09
-1.0510039446964e-09
4.5275131796295e-09
4.1441826178265e-09
4.5464617016109e-09
-3.9057705431611e-09
6.2278399524541e-09
2.6993776776048e-10
-1.2946261795445e-10
-3.1600383745813e-09
-8.7428876450206e-10
-6.0980312680721e-09
-2.901873491154e-09
-2.3872801033059e-09
5.4799741858827e-09
8.2962514518222e-09
7.2538893813215e-09
4.3780637729745e-09
4.0413326369037e-09
-7.5783263072359e-09
-3.7226055307419e-09
7.0422423379082e-10
-1.0990241200136e-08
1.0556983138227e-09
3.1161793825281e-09
5.1560605952723e-10
-2.2748335264531e-10
3.1489414412359e-09
-1.4617880191052e-10
-7.0570545408034e-09
-1.0492423139955e-08
-2.3839545174994e-09
-8.7319962681776e-09
4.2889192407529e-09
5.2033683123005e-09
-1.31630863409e-09
-4.1359910408886e-09
-1.0404317894682e-10
-3.4281659327307e-09
-7.1196893899817e-11
-7.8299409066126e-10
4.6781950404185e-09
7.463302285063e-10
-4.6205378248266e-09
-2.6540868549769e-09
-3.9334792712578e-09
3.099640747645e-09
1.5494470733758e-09
3.4510270370763e-09
6.1575410840906e-10
-7.2667338903517e-09
1.1714498208878e-08
-2.6459756842767e-10
-4.9990476027903e-09
-3.2089686397883e-09
-7.0921291978121e-09
-1.2680551478104e-09
-3.7106168768254e-09
4.0547824741161e-10
3.0670941606271e-09
1.3922332619379e-09
-1.9856755645235e-09
6.0789506162575e-09
-1.982184887634e-09
-2.0634625362942e-10
-1.0834872944584e-09
-6.229186811961e-09
6.8363490518901e-09
1.2067720973469e-08
-3.0402593614531e-09
4.9776125933992e-09
-2.601797357279e-09
-1.2928406635346e-09
-2.7324976350562e-09
2.4157296901959e-09
-1.7395389588469e-09
-2.3269769713831e-09
-4.1674005278991e-09
-2.4314559630189e-09
-6.7626910423562e-10
3.2163087032434e-09
3.872407630482e-09
-3.7298953015718e-09
1.9608980071422e-09
-7.2484902199239e-10
4.7433411233413e-10
5.7472765572719e-10
-1.4011921917446e-09
2.4979951463234e-09
7.7954578706515e-09
3.6105598816303e-09
1.5627123901164e-09
-7.9493059797627e-10
-4.9943289211303e-10
6.664205638604e-10
-1.4985416349066e-09
-9.1221738580101e-09
1.3268439937963e-09
-1.4885753758787e-09
-5.9995071346131e-09
6.3739246944402e-10
2.5904574039789e-09
1.7057399611348e-09
-6.0429961935573e-10
3.1702100637582e-09
2.9296857333697e-09
-7.0474600608492e-11
-4.4852732233873e-09
1.0433400940995e-09
1.609081659093e-09
8.8406164580456e-09
7.9025181002253e-09
4.5469597310257e-09
-5.9006739953352e-09
3.781271552049e-09
1.0211299695355e-08
3.4087830115772e-09
-4.1919017139014e-09
-6.1750290297594e-09
3.4585258500421e-09
2.8940551064997e-09
3.3201255001494e-09
-1.69340936788e-10
-2.1236257235398e-09
8.0802303023384e-09
1.4228303314749e-09
3.9857007784384e-09
3.8316422677658e-09
1.5762875312304e-09
1.27561874285e-09
-2.7947802614949e-09
-2.3711322986151e-10
-6.5363576015009e-11
1.658469847646e-09
1.6006208443384e-09
3.4425627835112e-09
1.1104684234585e-09
4.4760898222206e-09
4.6373633502898e-09
-2.8534390697919e-09
2.8007051839636e-09
-3.5585273958e-10
-1.0626251014275e-09
1.7680142003629e-09
-6.6933867083137e-09
5.2711902887333e-09
-7.8643655146539e-09
-5.939732963021e-09
-9.2289883081066e-10
-3.061688733572e-09
-2.1061256069266e-09
1.6095859248707e-09
7.4096445508906e-09
9.4507063955827e-10
-7.0542130572002e-10
-5.0014436049336e-09
-1.2185188436787e-09
-7.6798153603185e-09
4.6508846079199e-09
-9.9189575532033e-09
2.2010112712567e-09
5.2566985282069e-09
-9.4546995777505e-11
4.6860890200334e-09
8.839601242089e-09
3.897295013735e-09
-2.0908287935205e-09
-1.9013539229117e-09
9.8945705163684e-10
1.6860285268872e-09
8.0129462362461e-09
1.5424830956524e-09
1.6694932669791e-09
4.9187146722138e-09
3.1151714794658e-09
5.3113819111941e-09
-1.1779721683355e-09
3.9721257637677e-09
-3.0725883544949e-09
6.2790586134857e-09
-1.5455592499206e-09
6.1913588824657e-10
-6.7260668378835e-09
-1.1423185731479e-09
-3.1118316959364e-09
5.2123724377103e-10
-8.0593643492821e-11
-4.7021722339354e-09
3.8082789372905e-09
-1.1584517913666e-10
1.2650838053316e-09
5.7703780351901e-09
-1.3914286146032e-09
2.5731077430256e-09
-1.1181705082097e-08
-1.5625517030128e-09
3.6949080814388e-09
-6.3493352957361e-09
-5.9321510278573e-09
-1.2378457337823e-09
1.0193254706622e-09
5.6046461770516e-09
2.2497770311769e-09
1.2639956759787e-09
-2.0520687187369e-09
1.6414667675878e-09
1.5790465077768e-09
-2.3774130732441e-09
-4.8922684998437e-10
-7.3494581278378e-09
7.8896991239446e-09
-1.0920558359856e-09
4.5597428152831e-10
1.3382776163863e-09
8.7096130306212e-10
2.8655287061941e-09
3.0606206317914e-10
-1.6326917429938e-09
-5.2226922164198e-10
3.5834313029232e-10
-2.7471614359861e-09
3.1713090968933e-09
3.0967878217548e-09
-2.2865262396015e-10
2.6636817846615e-09
-2.0790181813243e-09
1.703345548433e-09
5.0661378140808e-09
-5.6385695849594e-11
3.3231466971537e-09
-2.9368285953258e-10
-5.2680796441407e-09
-2.9868427912538e-09
-3.8416338836363e-09
4.8225208067951e-10
-2.1498979492194e-09
-4.4427147670754e-10
-5.6912945533324e-10
-5.4461489878188e-09
-6.8177155934032e-10
2.6199706786176e-09
-1.9046872754731e-09
-3.2839908441803e-09
6.8392583172103e-09
1.5528868423259e-09
6.9768326726559e-09
5.8317940699038e-09
1.1288640466073e-09
-2.8155220053583e-09
-1.4589058856049e-09
1.6227175857589e-10
6.5400117897481e-10
-1.0269795000923e-09
-5.5901610344168e-09
8.5193475066306e-09
5.3054292001054e-09
-5.8061030156144e-09
-3.9443161313625e-09
-1.5884005282443e-09
-8.2460209188448e-10
5.608972580871e-09
2.1939614294985e-09
-1.1379181320118e-08
6.9352783219042e-10
-4.7912679854558e-09
2.5484731048097e-09
1.1597845823154e-09
-2.474040446074e-09
-6.8365824888966e-09
1.7028233988651e-09
-3.5468606907338e-09
-3.4040836431359e-09
3.8006554097716e-09
3.8002090567289e-09
-3.236446663408e-09
-2.4998903449489e-09
1.3877850510046e-09
8.6673706495442e-10
1.2367842185607e-09
2.1414762552846e-10
-2.2231057417998e-10
-1.1195061836557e-09
-2.2876135179634e-09
-1.1772735016077e-09
-1.6654050358731e-10
8.0932839593242e-11
6.7470693008631e-10
-2.4077241387649e-09
1.7194495326373e-09
-6.3440321868342e-09
-1.7575667934467e-09
-3.9579465514886e-09
-9.238978438235e-09
6.607420093139e-09
1.9764754103695e-09
3.0420327137428e-09
6.4464051167623e-09
1.4809576284992e-09
7.5330979864175e-10
-8.6927516938432e-10
2.6919616135818e-09
2.8042580981885e-09
-5.6341564154721e-09
-5.6453563066878e-09
8.1932640198008e-10
-8.2245968461436e-10
1.1920726365665e-09
3.8435487554417e-09
2.9863008793083e-09
1.2712021565972e-09
-6.0499786787643e-09
8.9076119264674e-11
-2.1444732511226e-09
1.8152838637896e-09
-1.9370376921608e-09
5.484626723221e-09
3.0169263590319e-09
-4.6245499781877e-09
1.0363661092528e-09
-6.7587405489623e-10
8.9189478735361e-10
-2.0791674398763e-09
-3.6764961491749e-10
-3.0209843722227e-09
-1.9442445214667e-09
-4.4909758480677e-09
-1.5290529911315e-09
-1.819192049711e-10
-3.3652665045918e-09
3.7619712384136e-09
-4.9915193513334e-10
2.3007245966458e-09
2.897510130486e-09
1.9944732705227e-09
-8.5582183095664e-10
1.5162738761115e-09
-3.5268708337567e-09
3.7026433341777e-10
3.640032489106e-09
1.2386592747163e-09
1.6709268664461e-10
-2.7314626918684e-09
-2.7706512491138e-09
-5.6583020484141e-09
1.1293579311993e-09
-4.0522837156547e-09
-1.6470763659118e-10
-1.8373781600114e-09
-5.5675899293549e-09
-1.0007047534441e-09
-1.3007610123517e-09
6.4465754677872e-09
6.7640906972757e-09
2.8568935584374e-09
-1.68598275103e-09
-2.5916536463794e-09
-1.4813835513306e-09
-3.5017328548283e-09
-5.6726098749914e-09
-2.5457268548012e-09
-2.1620820423634e-10
-3.1422389694194e-10
3.8810230236002e-09
4.2952690996845e-09
2.8870032401675e-09
6.8548133808893e-09
-8.7855287888526e-10
-1.7323383379713e-09
-4.4497962199353e-09
-4.6390936943167e-10
-2.4329034406919e-09
1.3907843226465e-09
1.4089404625319e-09
-3.8310480582511e-09
-1.0373482589757e-09
-6.0140466785004e-09
7.5619244902334e-12
-2.8685041602538e-09
-2.3508445788746e-09
4.5046503348284e-10
-5.9681800956483e-09
4.1352679166366e-09
-4.4854766018259e-10
5.2889000737917e-09
5.763269640278e-09
7.3682001832404e-10
1.9170081518176e-09
-8.4768784878627e-10
-1.1988036487953e-09
2.6383112502259e-09
5.6899605427782e-09
-5.3259480033663e-09
6.0564448948863e-09
-6.1101937473331e-09
2.1201674668888e-09
-2.4169329879411e-09
2.9655393033839e-09
-2.4716836393377e-09
-5.9839334659761e-09
1.910546722004e-09
-1.5091718613624e-09
1.2451176716759e-09
-7.7307154364691e-09
-3.5943049510169e-09
2.486219587584e-09
1.5301725132576e-09
-2.1391996982189e-09
-3.1628764761665e-09
-8.9283760619641e-10
-6.0495355929709e-09
2.3926468067328e-09
4.3322228146595e-09
-1.1956335671832e-09
2.9386344601799e-09
-4.7577487643558e-09
5.9362537812326e-09
-4.0669507594302e-09
-4.5628271885732e-09
1.0492952124065e-09
2.9252461903857e-10
5.9152426171851e-10
3.9663658212944e-09
4.1587341668962e-09
-3.0598709777751e-10
1.5055833761829e-09
-6.6706901191806e-09
-1.5674755944467e-09
-2.4174819775594e-09
9.4601164185173e-10
-3.4506184977542e-09
7.0712306809374e-09
-1.1872966855598e-09
2.4035659241832e-11
-3.1615767506297e-09
2.458097479964e-10
8.8053957155946e-10
-4.160090994103e-09
2.574260595648e-09
6.2954091143711e-09
-9.2387713523748e-10
-1.6956267939819e-09
-1.1082418931023e-09
2.5790600067108e-09
3.5817648686214e-09
-1.6800967740805e-09
4.0730096803234e-09
-2.0389004793766e-09
-2.9444931156346e-09
5.1034022608817e-09
-4.6587843043886e-10
7.291075249581e-10
1.9486521595109e-09
4.3464489811921e-09
2.2542182045217e-09
4.956429615528e-10
-4.6051518616845e-09
-8.4623032277225e-09
-7.3527692361975e-09
2.1785670580713e-09
-8.882437801333e-10
-1.423835815348e-09
4.9431081518445e-10
4.8198923174371e-09
5.8178263911314e-09
3.9137942236728e-09
3.2146386211924e-09
-5.3306191599405e-09
-4.1392401570824e-09
3.387109273121e-09
2.3684763037294e-09
9.6916487500388e-10
-1.8065174368257e-09
2.7748104396349e-09
-2.636991558302e-09
3.3753625071722e-09
5.0946366815336e-09
4.6397563586198e-09
-2.242864426578e-09
3.1567287345251e-09
2.7182607564229e-09
3.0304353823642e-09
-1.9534223096559e-09
3.5612872065574e-09
8.6175833538061e-10
1.8556899578352e-09
3.6916024235835e-09
3.0436994078101e-09
3.2391840497588e-09
-8.7811710888406e-10
8.8806992322841e-10
-5.1318148549119e-09
-1.9076184007573e-10
-1.8179242974126e-09
6.3420573010862e-09
-3.1094319529765e-10
1.0654844997239e-09
-3.0527224398687e-09
-2.3918690423128e-09
5.8538647452278e-09
3.7581439759847e-09
2.1284765189658e-09
-2.1005959983864e-09
3.4872681301513e-09
2.680814666217e-10
-7.9517243946272e-10
1.7890164429397e-10
1.2661415346734e-09
1.5584547878125e-09
-5.5195336813586e-11
7.5972990703964e-10
-2.1913236190688e-09
4.5380350420868e-09
5.0663345433337e-09
1.3025626984903e-09
-4.7617785963089e-09
-4.447900910883e-09
2.9064736210668e-10
-2.222654851946e-09
-7.9705840716912e-11
-2.3102560132031e-09
4.3841150815862e-09
-1.8659845513828e-09
-5.4397927177795e-11
-1.878281953247e-09
-4.3880584548998e-10
1.3589785407492e-09
4.8406474525502e-09
-3.7185247769459e-09
1.4709419805677e-09
-6.1837918368694e-09
-5.6547150206069e-09
3.6076704271022e-09
5.3808571167198e-09
2.7258329191549e-09
4.54268176042e-09
2.524946945962e-09
1.3491973775075e-09
-2.5308528777649e-10
-5.4442871512995e-09
1.0531462947319e-09
1.3382640024565e-09
3.0283316978417e-09
4.7950605341293e-09
5.7677316354383e-09
4.3477132370664e-09
1.1948093650701e-09
-3.5159437248335e-09
6.7250865408766e-10
3.0698313660999e-09
-3.6075948669474e-10
-1.9992207528451e-09
-4.2472238218084e-09
-1.1552899770731e-10
4.3181580393668e-09
5.0086253082737e-11
3.0858652355822e-09
-4.5634515489881e-09
3.0637571000126e-09
1.0525465568989e-09
-3.6112568239057e-09
2.4621794732874e-09
-5.9879848392656e-09
-2.5727063898512e-09
2.1491804653581e-09
7.7935026800563e-10
2.0125770455542e-10
-4.1316069278389e-10
4.7871605526395e-09
4.9072146160863e-09
-4.2166538632792e-09
3.4422140916973e-09
2.890980054512e-09
-9.8579523065295e-11
-5.5327169498842e-09
2.3483288223731e-09
-9.2797032800882e-10
-3.9631400110423e-09
2.4000900725522e-09
-2.9458627318973e-09
5.9360642344756e-09
1.1470099922951e-09
-1.0013671566697e-09
-1.8212865755727e-09
-7.9879628120612e-10
-1.9702698030529e-09
-3.9404420255755e-09
-9.4647940676861e-10
-2.6302808053156e-09
1.5408342381121e-09
3.9492076533294e-09
-6.0430647301468e-10
5.436609584205e-10
-1.4298978626609e-09
2.4638112639991e-11
8.9995939868256e-09
-4.3502077416726e-09
3.1411107090422e-09
-7.1604319852629e-09
6.7081097484518e-09
-2.1480806985731e-09
5.5616848504698e-09
5.2801091637043e-09
-4.444076941459e-09
-2.4739775570049e-09
7.8312581813884e-10
4.0616401303578e-09
3.1196999965168e-09
4.8510323810242e-10
3.6364206821152e-10
-9.1392464416041e-10
-2.5407332332774e-09
-2.6941448455743e-09
-4.7975892408288e-09
6.9560410915302e-10
3.5992221658892e-11
-2.7628758520467e-09
3.3943743840074e-09
-3.6189533217115e-09
-1.642743770575e-09
4.4054244221908e-09
2.0363148125259e-09
-3.7107992137497e-09
-5.7324579464138e-09
2.4263935696249e-09
4.5318202064402e-09
7.3308851305087e-10
-2.9283246105459e-10
2.0999889252835e-09
1.2981677022367e-09
-6.4229932573228e-09
-1.4441571000155e-10
4.3738459472485e-09
2.4278483100593e-09
-1.0356888358302e-09
4.817362158881e-09
-3.1715183698795e-09
-5.0066276923827e-09
-5.0840359617438e-09
1.9125800936286e-11
-1.4445698060681e-09
3.4421473254989e-09
8.6754829098644e-10
3.3534480733675e-09
-3.0519086067521e-09
-1.2057046534047e-09
5.034820600967e-09
-5.5339491374761e-09
-1.8687265809603e-09
-5.2543641465937e-10
1.2030888481228e-09
2.9494882097415e-09
3.1173731107868e-09
-6.2965957978359e-09
-2.0224318002216e-09
-4.5364583825477e-09
6.0844468809468e-10
1.6282592256189e-10
-1.7513188479367e-09
-9.8965157714406e-10
-1.4154752353379e-09
2.2183765389935e-09
-6.3478829190442e-10
-4.7761655053972e-10
1.0178556274744e-09
4.8635914862493e-09
-2.652198904153e-09
2.6076881431233e-09
-1.9527379967613e-09
-2.5753149770804e-09
-1.0554142300163e-10
-5.4341493996013e-09
-2.3966549196529e-09
-2.8000516500813e-09
3.258889703612e-09
1.3953980800506e-09
1.0194806869507e-09
1.3921251000024e-09
2.7515484377123e-09
-3.7291955215135e-10
-1.7632054575554e-09
-2.7309992252575e-09
3.2280854131938e-10
-1.3165562448279e-09
-5.7225431953863e-09
3.1418479768467e-09
-1.7013521569976e-09
-2.9218220016494e-09
6.7625181675988e-10
4.7254779027006e-09
2.006643725874e-09
-8.0480159847758e-10
-3.4961849593139e-09
-1.972649399858e-10
6.2144594657195e-09
-3.3909264897409e-09
4.382368991594e-09
-2.4763454944544e-09
-7.7233779236638e-10
-3.0360349225598e-09
-5.5680878581118e-10
8.6822395475363e-10
2.6281411879886e-10
-8.0731423277075e-10
8.1861820187195e-10
-4.900350170211e-09
3.8827850203403e-09
-5.2193673476034e-09
6.7851877734669e-11
5.8122160898371e-10
6.0482520008439e-10
-1.1797353012701e-09
-5.180872994259e-09
-2.4709948133306e-10
-2.9994400561527e-09
-9.1826870603663e-10
-5.9286453410343e-09
-2.0337874099041e-09
-1.1716548719184e-09
-3.2745549497249e-10
-2.8458469911919e-10
-2.6324126599282e-09
-1.1413052661692e-09
-3.334005479586e-10
-4.1716685942125e-09
3.593891921541e-09
-6.9170978357721e-11
-2.0261530255468e-09
9.9400128156654e-09
-1.304305169559e-09
-3.8345319345708e-10
-5.6713420935906e-10
-2.036735435486e-09
4.1067123186261e-09
-8.795456724772e-10
-7.0619575223672e-12
-5.6692906426951e-10
-1.3428826404648e-09
9.9262775109707e-10
-1.4936876087662e-09
4.942454837307e-09
5.2086337589507e-10
5.4932302323293e-10
1.0104356562648e-09
-7.7595684158551e-10
-3.006450953081e-09
-3.3380579991516e-09
-1.5225358940657e-09
2.1754934536474e-09
4.9311933093985e-09
6.1095641097222e-09
3.8057396811479e-09
2.2325888716839e-09
-8.9850477161364e-10
-1.2020791367592e-09
-3.9517190677804e-09
-3.0301700780119e-09
1.8756085307419e-09
-2.9783253109698e-09
-1.9364790357177e-09
-2.1916331781375e-09
1.3919299468004e-10
-1.3289111116981e-09
-1.901782722185e-09
-2.4050154025783e-10
-2.0465770678607e-10
1.4569404186799e-09
-2.4346092874828e-09
-2.2432422018208e-09
-2.2439231333232e-09
3.3479635985246e-09
-1.0996804517596e-09
4.8623949404617e-09
-3.6754834069975e-09
4.7354682587368e-10
-5.5520537030323e-10
-1.1038808910563e-09
-8.929399283346e-10
2.1685642509778e-09
-3.1070535348363e-09
-3.0217480320422e-09
4.5577119533878e-10
-4.3695550423156e-09
3.9377986941667e-09
-2.7346458808797e-09
1.0856103666969e-09
-2.1035118689623e-10
4.2993226195486e-09
2.8825556561047e-09
-2.2316908127678e-09
3.4433114281099e-09
-2.9020288313552e-09
4.4065946596035e-10
-2.4629790606247e-10
4.063282951279e-09
-2.3766541335344e-09
-8.862622296964e-10
-8.5858593869836e-10
8.0398714488701e-10
7.6402194948703e-10
-4.5819265175374e-09
1.3321542946855e-09
-1.4717023249272e-09
3.633846553795e-09
4.8167572685942e-10
-1.4892147120475e-09
-4.3831842012464e-09
1.3045813790566e-11
2.634531225416e-09
-3.9747834927096e-09
-3.8287949357753e-09
3.3238958726752e-09
-1.6554305937869e-09
5.1783496748026e-09
5.3257847468245e-09
-3.3471618406382e-09
2.3236862491633e-09
-2.168511763223e-09
-7.7666114269551e-11
2.5908159278143e-09
8.4572571688104e-10
3.2825701285676e-11
2.7239307296043e-09
-1.4350569411651e-09
5.220730910692e-09
-2.0860217161343e-09
-1.2775780462234e-09
-3.4056256990849e-09
6.6399929627333e-10
-1.9397064378753e-09
3.6758567924309e-09
9.4138521309203e-10
2.9072012122949e-09
-9.2279854726184e-10
-2.6689755021908e-09
8.9884224869654e-10
-2.337165252876e-10
-2.6274924310063e-10
1.6525124888682e-10
-3.4525915524591e-09
1.5899312259427e-09
1.5260275295842e-09
3.026507442993e-09
2.3626201790908e-09
-9.6820461404628e-10
3.5470685387195e-09
-2.3265788554654e-09
-5.4874421356363e-09
1.7424029292963e-09
-2.606307730109e-09
2.388767010427e-09
1.1175518127078e-09
2.7863200459373e-10
6.0278628658276e-09
2.1524462280964e-10
-2.5750126828638e-09
1.324083404065e-09
2.9067337850763e-10
-1.4527916848517e-09
-6.5202221354021e-09
-2.3558333106624e-09
-2.4015497287306e-09
-2.4201548564308e-09
4.1111900050309e-09
4.9404662903053e-09
4.0331853750055e-09
2.429630556827e-09
1.6843726751591e-09
4.0085303680567e-09
5.3683492884741e-10
-7.7931384248265e-10
2.6070068193274e-09
1.3990977361855e-09
-1.7555392725774e-09
-4.4204888857319e-09
-4.7067030311754e-10
-1.0823457876318e-09
3.2977476496998e-09
3.5042204117095e-09
6.7629649508263e-09
-2.0982752573648e-09
-3.6129926841185e-09
4.6314962834884e-10
2.8353545285891e-09
6.4610917811715e-09
1.9707622447312e-09
-3.8409090033019e-10
3.4550337137634e-09
-5.4885973749989e-09
2.540999304958e-09
-9.8168539194058e-11
-6.9422653969095e-10
6.1698204373797e-09
3.2032357039592e-09
3.7402947526437e-10
-3.4460309232429e-09
8.3890238774743e-09
-2.2240854051143e-09
4.2623383888654e-10
-1.5346861125229e-09
-1.1053345330832e-10
-2.0313102721078e-10
2.4605490943091e-09
4.6719968691378e-10
-1.1844237993852e-09
-2.0723291724393e-10
7.8890557513872e-10
-3.4737822698392e-10
-4.2003747758037e-10
2.244416434195e-09
-5.4778362565029e-10
2.5551228275607e-09
-1.6255419509904e-09
-3.859731655077e-09
6.1736347572226e-09
-4.0775365340371e-09
-1.951138344115e-09
-7.3703347987367e-11
1.4646441065095e-09
2.7148732709346e-09
2.9511514564717e-10
7.5570844624459e-10
-3.5066964777758e-09
-3.132118731998e-09
-3.3409543109227e-09
5.2356934227144e-10
1.0944676597647e-09
-2.7935433756563e-09
1.3861551171059e-09
2.7032981904403e-09
2.2848676460123e-09
-1.2188055421857e-09
1.9771647902299e-09
-4.5430452079912e-09
-4.5445200881316e-09
-2.5720229392146e-09
3.7702592886397e-09
-6.6063347826183e-10
-2.9990200801829e-11
-4.4236174243708e-09
-1.9481806372425e-09
-1.3259858037495e-09
1.8933686200001e-09
3.3603254367777e-09
1.5054877156104e-10
2.5834240766587e-09
5.2742474164745e-10
-1.6891045946513e-09
5.4336159438351e-09
-1.062452863878e-09
3.8314923957985e-09
1.5297808075136e-09
3.3598974791346e-09
-6.4369442202079e-09
1.1956379416105e-09
1.6497821819835e-09
1.0551077607472e-10
-2.4062601682828e-10
-4.7283718226311e-10
2.105509322084e-09
1.2660344693064e-09
-3.7100154542572e-09
1.1992223854008e-09
1.1362677194021e-09
-1.6502391612322e-10
-2.3456059491252e-09
-9.2616868509378e-10
6.0445771162231e-10
-2.9183388970871e-09
4.326766020986e-09
-2.52997251005e-09
7.2439737590488e-10
3.4713302085488e-09
1.6018306338806e-09
-2.3848836872561e-09
-1.0496629699208e-09
2.3860958391565e-09
-1.0130107863977e-09
-2.3172305390214e-09
1.5350009865663e-09
-2.2237878283325e-09
4.555045396404e-09
-9.6953182810657e-10
2.1325992336937e-09
2.0416674646305e-09
-1.4026041458616e-09
1.7764097946952e-11
3.2858444570402e-09
-2.0615213831299e-09
-3.9000383089138e-09
2.8662767988441e-10
-6.9437123974081e-10
-1.7708826167703e-09
1.8147339714393e-09
1.4238005863226e-09
-2.7747070816201e-10
5.6902765022166e-09
6.0058172327547e-10
-3.6602330272278e-09
-9.0382256791761e-10
-5.2958564086385e-09
1.7931726453542e-09
-1.5655860480779e-09
-4.6776234552607e-09
-4.5540707496849e-10
4.1622700668373e-09
9.6278252895912e-10
-1.6688205406178e-10
-2.1312917349672e-09
4.1505685998329e-09
-8.3833788063213e-10
2.4833391832171e-09
-1.9636744040176e-09
-5.8873659906278e-10
6.6097055797624e-10
6.67956110579e-10
-1.0137131027598e-09
8.0657997185026e-10
-3.8977160965129e-09
2.5194723329993e-09
5.8639129669297e-10
-1.9210228344114e-10
-1.5451418894662e-09
-1.6928925209212e-09
-1.8256282367661e-09
2.5846288387856e-09
1.9367582345381e-11
-2.0341277117039e-09
6.7777680440158e-12
1.5892140234382e-09
7.7292047265195e-12
-2.8988844515e-09
-3.0064811375295e-11
-2.1791041202824e-09
-2.9618065197646e-09
4.2106712354599e-09
-2.5150572845681e-09
6.4994128442943e-10
1.1906750840599e-09
3.0828459947811e-09
5.3385007798457e-10
-2.6196603190078e-09
1.9300741899731e-09
-1.0030049537168e-09
-1.9280363461317e-10
-2.153231939343e-09
-3.1918243261854e-09
1.6468468788796e-09
-6.4750723505324e-10
-1.1149091424463e-09
1.8197749828103e-09
2.6992991217654e-09
-2.5952455326526e-09
2.8947005648678e-10
4.4994485231291e-10
-3.137303176534e-09
1.6760504909915e-09
-2.9063500494315e-09
2.4070215586085e-10
-4.4023041900576e-09
2.3710736708618e-09
-2.0169242581896e-09
2.3781114674649e-09
3.670269842712e-09
3.4927952759646e-10
-6.1474921858859e-10
-2.5285566226821e-10
1.2916033969874e-09
-3.2288383058687e-09
-1.1458267744884e-09
-5.1003595991162e-09
-1.4990786501604e-09
-3.7131819669777e-09
-6.4536386091359e-10
6.3077986516973e-10
-2.3706563287652e-09
-8.3322801763767e-10
-2.5348439964579e-10
-1.1731183594487e-09
4.320847822653e-11
1.5274523672253e-09
-1.7922800844613e-09
-2.8830175969848e-09
2.298988314405e-09
8.4633036137509e-10
-4.4410580249644e-09
2.8163813874437e-09
-3.3566633445667e-09
-4.1237162973662e-09
-9.3784141438634e-10
2.5008563388916e-10
-6.1864634099967e-10
-3.0552058215757e-11
-3.2343659326456e-10
3.9904607140298e-09
1.7707502417471e-10
-1.7576302895926e-09
-1.6761612088693e-09
-2.4843244165309e-09
2.61910157276e-10
-3.1119699266747e-09
-1.3551131571814e-10
1.5838202668761e-10
1.4487372103825e-09
4.3963937002628e-10
-2.300395102596e-09
3.6180593403398e-09
-1.5582036315562e-09
-2.0063031879783e-09
3.3610854531143e-09
4.9763933667861e-10
-4.3480302462201e-10
-1.5848621898891e-09
-4.8823249541533e-09
1.8852226519194e-10
2.5072023440835e-09
2.0426974889171e-09
1.512422448258e-09
2.2777761348735e-09
-1.6281374460348e-09
1.2416542257249e-09
1.2090215476445e-09
-1.9941097741836e-09
2.1143979745906e-09
5.9355530367107e-10
1.592342771769e-09
3.8461282570225e-09
-3.0247425715987e-09
8.4374987903019e-10
-4.0775539527868e-10
-2.5459375965353e-09
2.9167475766014e-09
2.8355029592239e-09
-2.0576621516747e-10
-2.9532098478256e-09
3.5734439034206e-09
1.5866139840609e-09
-4.8546553436902e-10
8.5543135443447e-10
-7.7023343646236e-10
-2.4091530449762e-09
3.8620546306496e-09
-1.8362642824053e-09
2.3096403549729e-09
8.5991775603975e-10
5.5098044942356e-09
-3.3611472922361e-09
6.5942530875768e-10
-2.7747574927754e-09
1.781871057914e-09
-9.9874739548697e-12
-3.6676569367527e-09
2.1654940776815e-10
-1.2635544803848e-09
-2.9601224058784e-09
-1.159902762744e-09
-1.2284892005914e-09
-1.3534849729614e-09
2.4111514829194e-09
4.0391192892777e-09
3.0890312160579e-10
-9.5670924359898e-10
3.503930276009e-10
-1.4424291095172e-09
-2.3184528347534e-09
2.6167696208914e-09
-2.4872167698973e-09
8.5824094744425e-10
4.7530452625883e-10
-4.1798368642377e-09
1.6101553077261e-09
-1.8846784603815e-09
-1.9455156807149e-09
2.3407594926845e-09
3.5200280960496e-09
5.0363023161104e-09
-3.2049269553342e-09
3.0933125505168e-09
-3.6380488539674e-09
-2.6330064797989e-09
-4.5180343500215e-09
-9.5612448127532e-10
-2.9497127829924e-09
-9.5943858349468e-10
4.701147762038e-10
2.5369368323396e-09
1.4745331581855e-09
-1.2718511359713e-09
-1.7694860153804e-10
-4.2820748224689e-09
-2.2134809014757e-09
-3.411616085005e-09
9.4850359829332e-10
5.2082723257599e-09
-6.9387436882516e-10
3.1350989076971e-09
-3.0121269345069e-09
4.7465661255099e-11
1.0595357898492e-09
4.4995420495153e-09
-1.8191924488034e-09
3.6160204005648e-09
-1.2819744921378e-09
2.0434466722905e-09
-4.4144452715255e-09
2.6767648251274e-10
1.9128703430713e-09
3.801729222336e-09
6.9291435431897e-10
-2.0092824451199e-09
-2.944640481071e-09
1.9277482203392e-09
9.713266587934e-11
-5.2483890919429e-10
-2.4915018436466e-09
-8.9862905454283e-10
5.4634627565597e-10
-7.4555169809744e-12
9.9112809672819e-10
-1.6891807599071e-09
1.7941812237093e-09
9.1507731687761e-10
-1.5391355930608e-09
-4.3325685288332e-10
5.0463907452799e-09
-1.0506210095577e-09
-2.3865491874079e-09
4.930778178349e-10
5.2914615886734e-10
9.4679361419982e-10
-2.1579528555119e-09
1.5920461170556e-09
-1.2247461325433e-09
3.5296095251811e-09
-3.1607765167075e-09
-4.4983629246813e-10
2.4370963910411e-09
-3.2655128999502e-09
-1.9549656447193e-09
-5.3572825368633e-10
-4.0347391529313e-10
4.194097992745e-10
6.6913082894269e-11
-1.5623791933468e-09
2.4761279913914e-09
-3.3782551894286e-09
1.0570476048537e-09
9.2212435598335e-10
-7.1441579846712e-10
-2.0823050444727e-09
-2.7453723718752e-09
3.1767479920858e-09
-6.7406295685845e-10
-2.3574030138085e-09
9.8705424731379e-10
1.9372613105151e-10
-8.863760696656e-10
7.9062139952384e-09
-4.3717528401903e-09
-9.7819532313352e-10
-2.2729414843771e-09
-2.7289453458139e-09
4.7279919514521e-10
-3.0118241790765e-09
-5.8426920600083e-09
5.7293697635719e-09
-2.9173885394494e-09
-5.8783278282153e-10
-5.2148816251975e-10
3.0475487670069e-09
1.9150190082076e-09
-6.6648912068011e-10
1.196839344111e-09
-6.5321626073524e-10
-6.6599160058595e-12
1.2960508875272e-09
-3.5755935514121e-09
2.4734994404018e-09
3.60098909244e-10
1.6309123208307e-09
-1.9649611660942e-09
7.901658600269e-10
-3.8001174991912e-09
4.5864466463448e-10
-1.3829851221734e-09
-3.734534938369e-09
-1.2202664231154e-09
9.6189760027888e-10
1.882979100178e-10
-1.1790217270041e-10
2.7713193729192e-09
-2.6113091582963e-09
5.3972734216894e-10
4.648417326188e-10
2.7800821099586e-09
5.0466219082724e-10
-1.6180251145445e-10
-4.9497113727945e-10
-2.666098957687e-09
9.7311053880895e-10
-7.569341741261e-10
1.1286967590477e-09
-6.0540372825697e-10
2.9011259044748e-09
1.9294949485826e-10
1.0511743825598e-09
3.0963752013848e-09
-3.3460870476468e-09
-4.6971870749304e-10
-9.0437961776587e-10
-4.7373642722833e-09
3.1631471371821e-09
-7.4594122092682e-10
3.8370948232601e-09
2.3753341390142e-09
-1.0946808462588e-09
-8.5874816407255e-10
-1.0683142057578e-09
2.580195917442e-09
1.2501692724988e-10
-1.4369129048791e-09
-5.659583727213e-10
-1.2842511453733e-11
-6.3383636213372e-10
-3.2486448294353e-09
-5.3697197657557e-09
1.5548345506863e-09
5.2919800653001e-10
3.7925216653309e-09
1.7778517271522e-09
1.0219741258968e-09
7.5296302843596e-10
-5.0430047291823e-09
-3.7136498116048e-09
-3.3688843006039e-10
-1.1962985592485e-09
-6.6256335721884e-10
2.3473246743654e-09
-3.4914601434125e-09
9.5590120255704e-10
-2.2242773104093e-09
-4.422513537866e-10
3.0082764845035e-09
1.6598573672175e-09
-7.6405135031077e-10
9.4717661189067e-11
8.1220462503465e-10
1.8528693943484e-11
2.7741928721186e-09
8.0675310422953e-10
-5.9598403552031e-09
1.3510259692201e-09
-4.2976683155324e-09
-3.7586943525472e-09
-4.011795725231e-09
-1.0669451232259e-09
2.0779772987016e-09
-1.3873562184306e-09
2.5806100091826e-09
-1.8159823891925e-09
1.4126950096889e-09
2.4784088730186e-09
-2.578961973928e-10
2.7226604662344e-09
-2.0580068859498e-11
-5.7143782443215e-10
-2.0666611283402e-09
1.3538400032717e-09
-1.7970937010799e-09
-6.6056188189945e-10
-8.1699376267351e-11
1.8328115365999e-09
2.5535938349654e-09
1.5924967198319e-09
5.5168815386136e-09
-8.3656232877231e-10
-4.368074316755e-10
-4.1949873577218e-09
-1.3932915296569e-09
2.2492888483873e-09
5.7735477932486e-10
-1.6756224029382e-09
2.2415961520151e-09
-1.3996140850516e-09
1.7445764196415e-09
1.467128978331e-09
8.8393686819103e-10
-9.1222068717357e-10
-2.0370093968936e-09
5.7139783879175e-10
-5.3823798844123e-09
-2.8917047142494e-09
-2.7872697949475e-09
-1.1281146661762e-09
-2.736415144977e-10
2.621765148957e-09
-6.967639823326e-09
-1.3853082281908e-09
-5.0255752752189e-09
-5.5171153993361e-10
1.854795842113e-09
2.6030793288448e-09
-4.4867133302708e-10
1.8168255693027e-10
3.2806769453772e-09
8.8111956256597e-10
-1.8507692560476e-09
-1.9372829955145e-09
2.407652068413e-09
-1.2449990099296e-09
2.7392943945471e-09
1.358048206569e-09
9.7445283052171e-11
9.2134640539458e-10
-3.6976989402256e-10
-1.4376214555807e-09
-8.8260023072316e-10
2.7433089078471e-09
3.5720205656403e-09
-2.3472775148068e-09
1.8757701402666e-10
1.358040583783e-09
-1.256582331391e-09
-2.510517649791e-10
8.8192198182366e-11
-1.636635393187e-09
3.869984582321e-10
-4.2679535772253e-10
-1.7013417291541e-09
-3.5853866531588e-10
2.0383309410331e-09
-1.2591171876191e-09
1.403788524058e-09
-6.3529623450263e-10
1.8525027134764e-09
2.334747232422e-09
1.1705620902419e-09
-1.836854956964e-09
-7.783490316194e-12
-2.4002499722987e-11
1.1014959278218e-09
-3.4906148461221e-09
-4.4986319619968e-10
1.460574596907e-09
-2.5445160060578e-09
-2.0724958635397e-09
3.0288435483165e-10
1.4121766616794e-09
1.53405161277e-09
-1.5664507984875e-09
-5.3011202691698e-10
2.8100342018904e-09
-2.9027677281626e-10
-2.6120137708222e-09
-1.9814901300122e-09
-8.8413730834029e-10
3.845370321562e-10
1.6575263366499e-09
3.2981310166628e-09
-4.2677150469745e-10
2.6567665452423e-09
2.2774771222532e-09
2.2890790205506e-09
-1.0356644549452e-09
-2.7663976527668e-09
-3.0316467392992e-09
3.688680193857e-09
-1.92424397138e-09
1.4647341365884e-09
1.5902509808498e-09
1.6755396269457e-09
1.3781467871376e-09
2.2126896836896e-09
-1.1250575947891e-09
2.0740023221785e-09
-9.9549548644596e-11
-1.7024304277337e-10
1.3811644445758e-09
-2.8102753567781e-09
3.5999803944402e-10
-2.0466574542537e-09
2.2136460198055e-09
-1.484860694329e-09
2.2958212398606e-09
2.2304243582767e-09
-1.5602479130709e-09
1.3732078490512e-09
2.0082747293554e-09
2.6526245731633e-09
6.8762822743251e-10
-1.117793643225e-09
1.2003059449208e-09
1.2719605457872e-09
3.1586767519279e-09
6.1522142674927e-10
-5.8662161776359e-10
1.2680254603521e-10
-2.0088670858618e-09
3.7926692823275e-09
-4.0055438297973e-09
1.4787945778615e-10
-1.2015896293362e-09
-2.9530831813156e-09
-4.0768995196483e-09
1.4040737387499e-09
3.4849124103303e-09
-9.0899861957132e-10
-6.1152117094693e-10
-4.1781596843106e-09
4.5740061463491e-09
5.678501828022e-10
-1.0268781347005e-09
-1.5558662272046e-09
-1.4720818748309e-09
-6.646435620387e-10
-2.1414228148106e-10
1.2418518618915e-09
-8.0378837605849e-10
-4.6780865759399e-11
1.6036451580764e-09
-4.684259398387e-10
-1.3203213079388e-09
2.152826645221e-09
-5.5514191100158e-10
2.7068668748129e-09
4.2025195590992e-10
-1.0769013309316e-09
-1.0018778686584e-09
-1.2732333776476e-09
-7.2289555367259e-10
4.4287033206595e-10
1.3745369987614e-09
-9.1171193806254e-10
2.1558951515665e-09
2.5535700724826e-09
2.7421445713778e-09
9.8438780571854e-10
-1.4063417561016e-09
-1.921273179399e-09
-1.0250242417758e-09
2.1022792570747e-09
2.6958199233658e-11
2.0467452344132e-09
-3.3433137615547e-09
3.3721759952195e-09
-3.9270627608993e-10
9.8573543722859e-10
-8.2907771025145e-10
-1.306417722807e-09
-4.3580021830706e-10
3.7679845750778e-09
-3.1142267929606e-09
1.7498386976178e-09
-2.1909347080043e-10
4.0339536137728e-09
2.4289147186298e-09
2.4394694350232e-09
2.1582840122599e-10
-2.7279462062406e-09
1.9515753799048e-09
1.0961142206711e-09
-1.5417375142561e-09
-1.3628637827838e-09
-1.0928055619978e-09
2.7392715747226e-09
2.0608357087221e-09
-4.2405258270095e-10
2.857585551013e-09
-2.8649540382287e-11
9.2801341603997e-10
-2.3574027599871e-09
-1.5001979874034e-09
-1.2104904761343e-09
-4.8905366518657e-09
-7.8298380538849e-10
5.2078005167876e-10
-1.0575724601357e-09
2.1668185911612e-09
-1.5327174103685e-09
-7.69074000717e-10
3.51716814141e-09
-1.2778780287424e-09
-1.3212159042524e-10
-5.5636572833683e-10
6.0479167284438e-10
9.8262002976862e-10
3.3912646212833e-09
-4.5411259905173e-10
-2.8307925832375e-09
8.8484203749476e-10
-4.2977463752161e-10
-2.4317302382266e-09
7.0950053958615e-12
1.3770348768724e-09
-5.9937776491571e-10
3.3010441032098e-09
-1.5369808431583e-09
6.1914781728569e-10
2.0386625643868e-09
-8.6229860217747e-10
-1.5468979579823e-09
-1.0925187246281e-09
1.24915555678e-09
-2.4905937429462e-09
2.5096197018963e-09
-2.3983444769297e-09
-2.1263419264766e-09
4.2493852981804e-09
-2.6571635456646e-09
1.493286523179e-09
4.3783272079313e-09
4.5600242604816e-09
-6.4077320273121e-10
-3.5773919535466e-09
-3.2951071315395e-09
6.2870257051181e-10
-2.0266861869596e-09
-1.0199854431795e-09
-1.9849911287958e-09
4.6888377703446e-10
-7.2922881449381e-10
1.4476999059269e-11
3.1777975246928e-09
5.1273852791022e-10
9.5364141742543e-10
2.2228317361188e-10
2.5169220475886e-09
-1.0214138070979e-09
-1.6163570128048e-10
-3.4261554056551e-09
1.4129842288911e-09
-3.3834842831611e-09
1.6211583571732e-09
-1.233344451532e-09
-3.2282567320505e-09
2.5919452341398e-09
-2.1041475084783e-09
2.1933116626279e-09
4.5417372684309e-10
-4.2744948386877e-09
-6.2164288941703e-10
-1.1407365022988e-09
5.93095815385e-10
-1.5925684054434e-09
-7.2047414650915e-10
-2.1486120182755e-09
2.5010208505281e-09
7.3205015602752e-10
1.7557641859953e-09
2.0606067660895e-09
-1.8427449470381e-10
3.0824412302094e-09
-8.530951838189e-10
-4.5446785597915e-09
-2.7491556668458e-09
9.0031619442566e-10
6.4964456677312e-10
3.895753538264e-09
2.9804940680817e-09
-1.2658714635542e-09
-7.2712056360596e-10
1.5192562589825e-09
7.0229797389655e-10
1.2582309461559e-09
-2.2224825026048e-09
-2.2512583111643e-09
-2.0176033358572e-09
-4.6157001313321e-10
-2.1481627231726e-09
2.6186269347205e-09
2.7344807212702e-10
2.440466124152e-09
-1.9980663912123e-09
1.4174861084712e-09
-3.9193740678133e-10
-2.2697183417914e-09
2.6592380799054e-10
-6.0113790752549e-11
9.2913360318469e-11
1.8842611059885e-09
-3.6108723741869e-10
-1.6325112079508e-09
-2.3469118047782e-09
1.1165498486423e-10
2.4625607454055e-10
-1.2265144797177e-09
1.8398703961774e-09
1.7596218630607e-09
4.6478310203675e-10
1.9004345887962e-10
-2.5441210155954e-09
-1.3431337281177e-09
1.3211264128636e-09
1.4024929990826e-09
1.8703102203845e-09
2.0004524241678e-11
4.004283306597e-09
-2.7006532514947e-09
-8.027605788631e-10
-1.5288155629643e-09
-2.5800555787676e-09
-7.7929376495613e-10
-2.7832812698814e-09
-2.3012771026814e-09
-1.4487218910113e-09
-5.1275324698596e-10
2.6930339705475e-10
-3.3591515642363e-09
6.5541114158203e-11
-5.8907058311772e-10
-8.1835552334372e-10
-6.2028266809833e-10
-4.3349201744101e-10
-2.195208111503e-10
9.9710592492625e-10
2.0197399135899e-09
1.0719436666771e-09
1.2212508338376e-09
-3.102711819602e-09
1.2162520249276e-09
9.193929712528e-11
1.0952680945505e-09
1.5254314117339e-09
1.8901301273938e-09
2.3601712452277e-09
-2.4985396015499e-09
-7.7421174350311e-10
4.5701026512611e-10
2.5524061048943e-09
-3.0083027907224e-09
-1.5896829801756e-09
1.563264442278e-09
-3.4603898133906e-09
1.5275574556673e-09
2.1094380347034e-09
4.031817772774e-09
2.754080714722e-09
-1.2620845842219e-09
-1.1146594783351e-09
1.8571961083439e-09
-1.0850004695547e-09
6.6318709501577e-10
-4.0677255134758e-09
-2.6190354574996e-09
1.8641361954815e-09
-2.6339897035642e-10
5.9844644299428e-09
-5.9697535800663e-10
2.2478451237814e-09
1.5608046749727e-09
2.5648813693824e-09
-3.6867349158182e-09
1.1919187023101e-09
-2.1385943522414e-09
-2.0678956610231e-11
2.1789521734144e-09
-2.952155266271e-09
2.3479526777972e-10
4.9607857295237e-11
-1.0184069705834e-09
3.5465851008631e-10
4.6107087706759e-09
3.0558999674663e-10
-5.6739491580118e-10
-1.340829105914e-09
3.389448290563e-09
-2.365902302343e-09
-1.6883881565736e-09
-2.7626722823474e-09
-1.2690450831176e-09
-1.8730205613853e-11
1.5507050294362e-09
1.3505520599314e-09
-3.592081581265e-09
-8.6004909152275e-11
-1.1771804261796e-09
3.7255883883373e-09
-1.548326603024e-10
-1.9597965647618e-09
-4.4954556507876e-09
-4.4022070824492e-09
-2.0300596418467e-09
1.0745141521413e-09
1.2985503514586e-09
-4.099972168326e-09
1.4537688833758e-09
-8.9773721133605e-11
3.6948000191335e-09
7.4155176305813e-10
9.8814713919018e-10
4.9536898994408e-10
5.893697940641e-11
-6.3757057777275e-10
-1.8349437709951e-09
1.7983896665644e-09
-1.9388118362752e-09
1.3230168796395e-09
2.0644321983602e-09
9.5401241064604e-10
-7.2785235223139e-10
1.8663657385868e-09
-2.2574591464751e-09
1.199082755295e-09
-2.2215011829631e-09
-2.3876197533904e-09
2.3227564648748e-09
1.1908808647069e-10
3.1952281670746e-10
2.0173707919284e-09
-4.5481402519918e-10
6.5410311784034e-10
-2.549719997904e-09
2.0606353949116e-09
-1.321777328242e-09
-1.7327248444687e-09
5.8231982039504e-10
-3.1607239172613e-09
7.070347795106e-10
8.3261847981416e-11
1.0242888996259e-09
7.3488872351237e-10
-1.8330417720229e-09
3.8772554317414e-10
9.7643234422606e-10
-1.7296311306487e-09
9.0854357603547e-10
1.051238040453e-09
4.3336201156518e-09
4.3440325082742e-09
3.6816410251649e-11
-1.7473165683463e-09
-2.494257069054e-10
-3.5057180264576e-09
5.6692629026852e-10
-1.2229814051315e-09
-9.4453588259845e-11
-4.6933200727198e-10
1.4150389115374e-09
1.901210425455e-09
3.2672561406186e-09
-6.5060824661587e-11
5.4009178106086e-11
-7.6186644961079e-10
1.9428270144089e-09
-2.373426795646e-09
-2.1702606798022e-09
8.9156354316568e-11
2.2735562242408e-09
-2.5882164961175e-09
7.6701853822894e-11
1.5053734665185e-09
5.4240027419435e-11
-1.5042138678166e-09
1.354586063689e-09
-1.6168478242232e-09
-2.4343370416786e-09
-1.752654733909e-09
1.548649205128e-10
1.2612714908887e-09
-7.9604192704647e-10
2.3377312951445e-09
1.9503940504513e-09
4.7664757643345e-09
-9.6073993836656e-10
-1.8778806531572e-09
2.0723006334306e-09
-1.4240975117839e-09
3.2165275117277e-09
-1.3429574254817e-09
1.5555336850354e-10
-3.0720815269748e-10
2.0157200328963e-09
-1.4080392008394e-09
-1.0108954359192e-09
-5.4365959793057e-10
-2.0494191491942e-09
-1.917640795425e-09
-5.1347426133501e-10
-8.6166911762353e-11
4.8323399070379e-10
3.9249152066868e-09
-1.5345590444845e-09
1.180230667524e-09
-1.2376519869785e-09
-3.3077345374907e-09
-3.876614797995e-10
-1.3982923849938e-09
2.8138263778955e-10
-2.6810850471561e-09
1.7431288318132e-09
2.2560723064299e-10
8.606904067564e-10
2.6639587331879e-10
-7.8240123121626e-10
1.7669614394644e-09
-1.8656490253279e-09
-1.1289190425141e-09
-1.1972069373596e-09
8.7355635627995e-10
-2.6588763799249e-09
-1.6042284328907e-09
2.2434074504056e-10
2.1017246475029e-10
-3.4739932643495e-09
1.3566851106914e-09
-2.7149831954928e-09
2.1379745416314e-10
2.2238604420956e-09
4.7185444558002e-10
-1.4302205955401e-09
4.9940492871361e-10
1.748594278966e-09
-3.1269696174987e-09
-1.1919429388409e-09
-1.7978699760707e-10
-1.9073236804335e-09
-7.7749870261042e-10
3.5075585237735e-09
3.7118111812553e-10
2.3018288079378e-09
5.4700052583555e-11
7.6938051403074e-10
3.3589158428415e-11
6.4837229247029e-10
2.040812186274e-09
-9.9604203200259e-10
3.5078508485915e-10
-6.204534728208e-10
7.4785406467313e-10
5.5001528434407e-10
9.4496571947573e-10
-5.7455811143572e-10
2.3886592221404e-09
6.3745030607305e-10
-1.2696068992362e-09
-1.9794921265352e-11
-1.5584167185784e-09
2.2628531225155e-11
-8.3077062988147e-10
-2.1130365736059e-09
-4.6961695578417e-09
2.1860883713063e-09
1.3005116346617e-09
1.7006514925586e-09
-1.5350200070086e-09
-3.8766602735758e-09
8.6716183721819e-10
3.2497291984829e-10
9.9574311272646e-10
-5.5942186059088e-10
-3.0400333935895e-09
3.8968208392123e-10
1.0584668226085e-09
-2.1534945436844e-09
1.4276251547783e-09
1.6189078512141e-09
-2.128151666507e-09
1.0264035396389e-10
9.8962573317237e-10
-1.4452838959113e-10
-1.7003287876999e-09
2.2784838537663e-09
1.4859926199154e-09
-1.4168881471089e-09
8.6475783270639e-10
-1.6031184150863e-09
1.1376620985107e-09
-4.7574337894051e-10
-2.5536783552402e-09
2.3874355733024e-10
4.4997997423678e-09
2.7639903474455e-09
3.9530060031193e-09
2.2865958618625e-09
8.046179528228e-10
-3.1472192759692e-09
-1.8107507444954e-09
1.257590452715e-09
-8.5048145560578e-10
2.7035111697155e-09
-9.8048247109503e-10
-2.406636436764e-09
1.5302049528611e-09
-3.4529652230068e-09
2.6968843579261e-09
1.6579760782605e-09
8.1843319983123e-10
-1.3549731710528e-09
-9.2056050768023e-10
-1.4212594128911e-09
-1.5099657933572e-09
-1.7917376659664e-09
7.8300039984825e-11
7.5643570642668e-10
-2.8400743644169e-11
2.0717589786863e-09
6.9947289114034e-10
4.0305036332728e-10
-5.7232251561127e-10
2.1457328103658e-09
-1.6256654674801e-09
9.808311475739e-10
-1.8817873381567e-09
1.3918107180822e-09
3.2609825335873e-10
6.2632536338311e-10
1.3704872051438e-09
-1.0979034742852e-09
5.4737108271408e-11
3.0359526055542e-09
-1.1718352370518e-09
-2.2345471492902e-09
-1.6958233841136e-09
-5.9430899471239e-10
2.113020520055e-09
-1.9704510909653e-09
5.4897301133084e-10
-4.6171149423057e-09
1.7261083847523e-09
1.8912954856926e-09
-2.8763522026725e-09
-2.3797048847775e-09
-3.439080442619e-09
1.7990470031712e-09
-1.381984141861e-09
8.4792262430631e-10
-1.2041176445527e-09
1.1418662038028e-09
1.7324886415347e-09
1.4246747087109e-09
3.7718439714235e-10
1.2264949682323e-09
2.1384263078273e-09
-2.9920623601088e-09
-1.5493725046299e-09
-2.4404725243746e-09
-1.4029144588229e-09
-1.9119965139665e-09
1.9304085836258e-09
2.4376605885545e-09
1.1281589850094e-09
2.8497860227038e-10
-1.7635483092874e-10
2.3773893122078e-09
8.4032480039582e-10
-3.1598258143673e-10
2.9588879072585e-10
-1.0578499470695e-09
-3.8523976333073e-10
1.5787990775302e-09
-4.0380115403516e-10
-3.3868395173009e-10
-3.3462406462259e-09
-1.3158453470183e-09
6.5942032544295e-10
-6.0505638329286e-11
-8.3789399861864e-10
-9.6211976957613e-10
-2.8201955773391e-09
1.4516447181385e-09
-9.363987429949e-10
1.8386088186987e-10
-1.0038185362205e-09
-1.7066283286175e-10
-1.0422350793812e-09
1.6564964299838e-09
2.7137116005387e-09
3.696952786091e-09
-2.3386371713437e-10
-8.9400146572665e-10
2.2922999388776e-09
-2.0876179456055e-09
-1.3038426745939e-09
1.2355627241554e-09
-5.5702874623554e-10
3.8848899198993e-09
-1.4206318039168e-09
-8.9794030307133e-10
-1.3456448300418e-09
-6.5392335320225e-10
1.7585003520877e-09
1.709120966922e-09
7.6033249109536e-10
-2.738980963192e-09
1.6879399638216e-09
2.2772553461236e-10
-1.3390498657528e-09
3.5635504529341e-10
-1.5817032535437e-09
7.4492684476836e-10
-5.0232329510107e-11
8.7669986938188e-10
1.150739760449e-09
1.8915346044142e-10
-1.9201995706671e-09
2.448754015976e-09
-1.5028892682601e-09
1.0208584624337e-10
-2.8683880891099e-09
7.6570822389732e-11
-1.2003997902129e-10
1.8986584866885e-09
-5.7522699724876e-10
2.4654446006654e-10
-2.6433055050169e-09
6.3263287578319e-10
-2.1240586292579e-10
-9.1111194940382e-10
4.1014886100755e-10
-1.6580853343772e-09
1.4843636946515e-09
-8.9162719802889e-10
-9.7281617596071e-10
-8.1978872896723e-10
4.8849498220295e-11
-1.077739768238e-09
-2.6201311259962e-09
-2.3003095618379e-11
1.4466064661934e-09
-4.6363569137142e-10
-1.2576835990177e-10
1.3615939942862e-09
2.7786728843851e-09
1.2748584082448e-09
-2.1834305951666e-09
-3.1157784129774e-09
-1.5749988028149e-09
7.4156613572952e-11
-6.827384327555e-10
6.0681543955059e-10
-2.7988072692499e-09
-8.1095621727187e-10
-1.8999009638034e-09
1.4014198571742e-09
2.4228575565528e-09
1.2973810926913e-09
2.7773661709263e-09
6.4410567825776e-09
-3.0536050956209e-09
-1.0438945130813e-10
1.2135871433582e-09
-3.5345689683643e-09
2.4030205454438e-09
3.805518920093e-10
1.1018805917604e-09
-8.9132820450889e-10
8.4455862056371e-10
2.1069099941442e-09
-9.6522901608338e-11
2.5027020781863e-10
5.5982306299925e-10
1.3258421434319e-09
-9.6746789226758e-10
-1.0964814700014e-09
-5.789769098588e-10
-1.0674301150636e-09
9.1165922186678e-10
6.5052158915831e-11
-6.4005967530283e-10
1.1666322834647e-09
-1.8082578283823e-09
1.0932741426831e-09
-9.9423366186335e-10
-1.1875604058389e-09
-1.655181987602e-09
-2.5636470809019e-09
-9.2471861265711e-10
3.5997615280718e-10
-1.714624742014e-09
-3.3245184729415e-11
2.3369801123137e-09
-2.735592748937e-10
2.8651363454831e-09
-1.7667117871945e-09
4.0355798283303e-09
-2.9046463169033e-09
-6.2108675274856e-10
-2.3263911059407e-11
2.2941071426764e-09
2.6689564667603e-09
9.3134453929914e-10
8.5357707169789e-10
3.5146683291885e-10
-2.0823037504819e-10
-2.4504076949846e-09
-2.6842810577259e-09
-2.7876834586345e-09
-8.0484811692094e-10
-3.927323726848e-09
1.8322281795587e-09
9.1849123138987e-10
-7.7931717544154e-10
2.5666673686793e-09
-2.6543948536927e-09
-3.07896453857e-10
-1.0388025879388e-09
-1.721855767684e-09
3.9193519092847e-10
-1.897784715213e-09
2.0186051861777e-09
8.1418716422645e-10
1.9949666393837e-09
2.095197394985e-09
-2.4956084976963e-10
-8.0781549826187e-10
-1.2294868544355e-09
1.0524999095526e-09
-8.9100427221051e-10
1.0467491064908e-09
1.8030161364044e-10
5.3010896722816e-10
-4.5862131969434e-10
7.7383083712077e-10
6.5001005828339e-10
-5.1359548874467e-10
-2.3903435354612e-09
-2.9054445855318e-09
1.2655196772152e-09
3.9690949137118e-10
1.1303206124345e-09
1.9905417906702e-09
8.733338180845e-10
8.6309520441082e-10
1.0325055230804e-09
-4.1915220511222e-10
-3.7282515992727e-09
1.5250525070096e-09
-8.8996526480952e-10
1.0568365997783e-09
2.5552150551507e-09
-6.6581455709057e-10
-2.7601369237762e-09
-3.6812783882947e-10
3.2401901339366e-10
-5.6786340743133e-10
1.9524519676732e-09
-3.210897553321e-09
1.147396332652e-09
-1.0711638976345e-09
1.3987669595e-09
-2.7901342594062e-09
-2.0529152563335e-09
-2.7310291372901e-09
-2.631058032657e-09
-3.9155502828549e-10
-1.9839903748209e-09
-2.2430282950446e-09
-1.879195424677e-09
2.0292802816234e-09
-6.3660818756747e-10
1.2132523841561e-09
-1.7005248003579e-09
1.2197214243252e-10
3.5902777586541e-10
2.045580505826e-09
-1.1607137809695e-09
-6.3917519951142e-10
9.2785144633706e-10
1.8004557048638e-09
2.0350810723225e-09
-1.1836926790922e-09
-2.9291155091743e-10
1.8310721678209e-10
1.4886104972888e-09
-2.5763528333573e-09
2.3065757013875e-09
-1.6812520897337e-09
1.052495627844e-09
-1.4393525027343e-09
-3.4836297644386e-09
-5.50463556407e-10
5.6047425223127e-10
-1.6974238401808e-09
-1.8216508582433e-09
2.4972283240126e-09
2.5224597207775e-09
-6.7973303297208e-10
5.569403162306e-10
1.4931207927972e-09
-7.4844219723578e-10
8.852407243598e-10
-4.6523957017401e-10
-8.8429439295311e-10
-8.0464280197049e-10
-3.2853417464174e-09
-1.9432435698039e-09
1.0829235125846e-09
2.7213656323862e-09
1.8030820731891e-10
-1.4115318942461e-09
-1.1948312964423e-09
-1.6970360468717e-09
-2.2029670088127e-09
9.2504155279492e-10
-8.5843583678063e-10
-1.7502750149559e-09
2.4878948693061e-09
-1.2939290374682e-09
-3.6568661320155e-09
1.9454988739457e-09
-2.2679976412713e-09
-9.2718624587356e-11
2.9559292763989e-09
-9.5734672365242e-10
1.1870878325151e-09
-1.9563669670224e-09
1.8841453417715e-09
-2.6917418791471e-09
-9.8044368479109e-10
-1.1825329387043e-09
-1.1546659915257e-09
4.9682137908966e-10
3.7455630005921e-09
2.9795361232777e-10
-2.5828772675611e-09
-1.4404495943052e-09
1.8207036375791e-09
-7.5414377933978e-10
1.3346823007986e-09
-3.4069494470479e-09
5.0488808335814e-10
-5.2710611051638e-10
-6.010041240677e-10
-4.0543573683707e-10
-1.1398671782769e-09
-1.0580867772997e-10
2.6426031136742e-10
-3.1840726901332e-10
-3.7833252041175e-09
8.1000689309229e-10
-2.6348649224653e-09
1.0018068447301e-09
-6.0074297419425e-10
-3.6045954026403e-09
2.812369438902e-09
3.2955069236511e-11
5.7819639804056e-11
-1.7706918999653e-09
4.0280983224027e-10
-1.0824704884158e-09
4.0405649811949e-09
-2.0411151872252e-09
-3.1311123806671e-09
1.727462678336e-09
2.1297729177623e-09
-3.6538933077237e-10
6.1820837146423e-10
-3.7095153621957e-10
9.9337162190379e-10
1.5665904573693e-09
-3.9292989341177e-09
2.3470314388289e-09
7.6521588227207e-10
-3.950981025332e-10
9.518458680858e-10
3.8197034200558e-09
2.0775478804648e-09
-3.0402253157181e-09
3.1937417860381e-09
1.6859911312389e-09
-1.0245434317569e-09
1.3720945403011e-09
-3.7588521272181e-09
7.21140067468e-11
4.7444258412915e-10
9.5961664740848e-10
1.5813009891665e-09
1.0525493728655e-09
1.3505207080132e-09
-2.4951118784783e-09
-7.151849231227e-10
-2.4236525528461e-09
-5.9816920399751e-10
-1.3471135281409e-09
4.3579095415964e-09
8.9430039354062e-10
7.9596264517706e-10
5.5943447509497e-10
-4.148492074781e-09
-3.8414692170879e-09
-4.3007315003786e-09
-2.8888066862455e-09
2.4834530433149e-09
-8.9848427524532e-10
1.0314352661315e-09
-1.6745666127895e-10
7.0255053129428e-10
-9.6152287206319e-11
2.0388425241143e-09
-1.2932260067456e-09
1.2325918804118e-09
-1.0234412469235e-09
-2.2017007621591e-09
5.0496913926578e-10
1.1730613146188e-09
-2.3370273821532e-09
-1.7878250377599e-09
7.1358959964719e-10
-2.0650074959685e-09
4.9062641451444e-10
1.1729427586886e-09
-3.2389709833085e-10
9.1897499222156e-10
9.9254810851278e-10
-1.0353197005161e-09
-2.1633462539116e-10
3.7191735606788e-09
1.6522792086208e-09
-3.1999170312491e-10
-1.7589136052841e-09
6.6659076138117e-10
1.5293410459982e-09
-9.0357393827104e-10
2.2227281530988e-09
8.7253522769297e-10
-6.2301854906486e-10
-9.2931641485212e-10
-2.9014100527716e-09
1.1034115403571e-09
-1.33032820968e-09
3.7274612425516e-10
-3.3709863225788e-09
1.6015933337124e-09
-1.4275615309556e-09
-3.3525308660076e-10
1.3921579807215e-09
-1.839193993153e-09
1.8303691986778e-10
-4.479216366464e-09
3.9644577838677e-10
1.3799185548887e-09
3.3249125811557e-09
-8.3609469691396e-10
2.7104781871339e-09
2.7981816058921e-09
8.6137154373308e-11
1.2669319380828e-09
3.4837172832741e-09
-2.8962174629019e-10
-7.0334907203076e-10
-8.209387489568e-10
-2.4640045146816e-09
9.8336974515767e-11
-3.8256709867852e-10
-1.0053728381017e-09
2.6932776886623e-10
2.4623186781007e-09
2.3635286215497e-09
8.0695095914923e-10
-2.8310058706644e-09
-1.560404372797e-09
7.2250762237431e-10
1.4555917860079e-09
5.0938759221148e-10
-6.7668250607609e-10
-4.5529885295838e-10
-4.0192418908937e-10
-6.8752906854631e-11
2.9415324780075e-10
-2.4237208726559e-09
-1.7062506588817e-09
-2.8823828074356e-10
2.2027111621387e-09
-3.7963179165602e-09
1.0353552771998e-09
-2.0937608720405e-09
9.1369839541522e-11
-2.3232510252367e-09
4.1877018707092e-10
-4.0007758782253e-09
-1.337750301906e-11
-9.1057563029668e-10
2.809162946765e-09
-3.1581549219289e-09
1.4357249098391e-09
6.7597660934709e-10
-1.6204991977269e-09
-5.0856241183816e-09
-2.9526217921235e-10
7.8493476652962e-10
2.2581211710319e-10
-4.6491339881204e-10
1.7082657092195e-09
1.7237658560472e-10
7.4535907855472e-10
-1.0496004719582e-09
2.2709274984817e-09
-1.7024744952901e-10
2.0640050158054e-09
1.5718350437992e-09
1.3117620161873e-10
2.8161668066964e-09
-5.3688152031912e-10
1.3270640139659e-09
-1.0216778221662e-09
3.32638733911e-09
3.4046880242128e-09
1.8589836616087e-09
-5.6909338284852e-10
7.7005243889805e-10
-2.5565086240189e-09
7.3259394827961e-10
-7.0996266424766e-11
-2.0078578527532e-09
6.2842621577179e-10
-1.2764639077319e-09
1.250701740792e-09
6.6709968127964e-10
3.3251272772174e-10
-2.2462183004205e-09
-7.8535358833579e-11
-4.9404488444316e-09
9.4008367815184e-10
-4.5724380194441e-11
8.1242476956496e-10
1.4780972240254e-09
-1.8784153372197e-09
1.5399863087818e-09
-1.2022157544531e-09
2.5502672401551e-10
3.6407558729393e-09
-2.2459460733231e-09
-8.3783969365956e-10
-9.5502277403378e-10
-2.7144267371764e-09
4.5027257051033e-10
-1.9328765779301e-09
2.2616644339937e-09
-7.1646113274863e-10
-2.2443555834272e-10
-4.1565590097396e-11
-1.5623519264029e-10
1.1854557155121e-09
2.7649800936558e-10
1.3324859212212e-09
7.6018952964249e-10
1.5929517795593e-09
-3.288727510977e-10
5.9576892312864e-10
-2.4678985264544e-09
-7.633079642219e-10
-1.523394454807e-10
-6.2710149657532e-10
-4.323664900559e-10
-8.6609100212275e-10
1.327710293214e-09
-2.4450987209006e-09
3.3722713980345e-09
2.020295310946e-09
3.3131840449658e-09
1.8454035267044e-09
2.0990290204744e-09
-1.9268295769302e-09
4.2165043543263e-10
-1.4329572600985e-09
9.9619091148472e-11
9.0391675098319e-10
3.704866396826e-09
3.5668717581385e-09
-6.5878724927379e-10
2.0799213539131e-09
1.2935301602019e-09
1.8113257204603e-09
1.3929148703371e-09
2.2774934116585e-09
-2.0483206996119e-09
5.1697585807738e-10
4.1361270286291e-10
8.6284123618954e-11
-8.6503415530975e-10
9.2662983018715e-11
9.6156329277987e-10
-2.0682395576344e-09
2.1142051615536e-09
-2.0936304796795e-09
-4.1465674192138e-11
9.3843119764266e-10
2.1120816475682e-09
1.1399319270827e-09
-1.7253775804419e-10
-5.6514838713526e-10
1.2437318811693e-09
2.7548351342712e-09
2.486423624505e-09
-1.9445209232644e-09
2.6769824743361e-09
1.1121773340418e-09
-1.7613811822147e-09
2.3037817336982e-09
-2.6097723250445e-09
1.5092726934523e-09
-8.6802845345127e-10
-5.4262499057989e-10
-2.6662518585485e-09
3.9003209163039e-10
7.0329700013838e-11
-3.3403150938915e-10
-1.2760323608033e-09
-1.0780880321378e-09
1.3985375122053e-09
-2.5644543857746e-09
-3.4239713072081e-10
-2.662605825465e-09
-7.4153664861973e-10
-1.5507732102559e-10
-2.4698637209697e-09
7.0851852437838e-10
9.130220369959e-10
2.8799992639683e-10
-2.1564442984939e-09
-1.1072283427382e-09
5.0479908238045e-10
-2.3721408865187e-09
-1.690932334342e-09
-1.1240281617696e-09
-1.8559979970296e-10
-5.7539127345171e-11
-1.3355714273151e-09
-2.1961701024168e-10
2.131066000005e-09
4.3821796826992e-10
1.3111446836328e-10
-2.3247477147651e-09
-4.148726329749e-10
-2.49499966681e-09
5.1431516068621e-10
-3.4092309556313e-10
-1.9701826052862e-10
1.4775118580152e-09
-5.7210759451313e-10
1.1475844096287e-09
-1.4240355741769e-09
3.0953418614336e-09
-7.6419478283693e-10
-4.2136649220291e-10
-8.1476196074567e-10
3.7270801163144e-09
-8.7686970462377e-10
2.0350107609181e-09
-2.0484616984538e-10
-1.9981516707923e-09
6.6213714317107e-10
-3.087150401655e-09
-9.8215331892093e-10
-1.1572919295437e-09
1.7661427742193e-09
1.3806825490791e-10
-6.614305584753e-11
-2.601415959156e-09
1.328961772737e-09
4.3993307424235e-10
-6.337309542897e-10
-4.5958175736246e-11
-1.650752611511e-09
9.5467215122853e-10
8.7145356864418e-11
5.2915286425419e-11
-1.9306700694806e-09
2.2477238543255e-10
9.0670840422007e-10
-1.7698928608399e-09
1.2458721254761e-09
-1.0390987555024e-09
-1.475725834003e-09
-2.2936814509043e-09
1.9669175812827e-11
-1.6200302069989e-09
1.5084904984375e-09
1.5173179796826e-09
2.6269668805902e-10
-5.7017307895217e-10
-1.4475371871731e-11
-2.8161448552128e-10
2.3042364873253e-09
-1.3605581229849e-09
1.4468400944749e-10
-1.482430372113e-09
1.9318996762224e-09
-1.4673652970388e-09
-2.4168134444538e-10
3.0467247623253e-09
-8.4497577114561e-10
-1.303754614803e-09
-1.6625011617481e-09
1.694048888685e-09
1.3621272299147e-09
-2.302543129326e-09
-1.7416538223789e-09
-1.7351325066811e-09
6.0185599834319e-10
-1.1362848485056e-09
4.9029656473706e-10
2.4730236269678e-09
-2.8947740670519e-09
-4.740518366977e-10
1.958616538468e-09
-1.9586781766858e-09
9.9751236869864e-10
-1.8957926991045e-09
4.5822970671699e-10
9.5521864017336e-10
-2.3719387706509e-10
5.5226006930488e-10
2.8815835575049e-11
1.6411997682886e-09
-2.4526569630687e-09
-2.6276532596726e-09
-8.1254615113096e-10
1.4120942049071e-09
-2.849945593032e-09
4.0249106184082e-09
1.7005077538673e-09
-2.7942103702753e-10
3.8885607135201e-09
-2.5178954303734e-09
-2.695393398001e-09
-2.9199653230686e-10
8.3048055692881e-11
-1.6990046325762e-09
2.575518775256e-09
-8.4748712209887e-10
3.5192564694036e-09
9.7189086959499e-10
1.9400475998242e-09
1.2738490596629e-09
-6.8647798249509e-10
1.2963661706923e-09
-1.636595677665e-09
4.3024286753919e-10
-1.7700476852515e-09
2.1222481450873e-09
1.9897153901106e-09
-1.5553007793929e-09
-2.533046607568e-09
9.9764994091745e-10
1.7545897164902e-11
-6.9677357477818e-10
1.2966015636568e-09
9.1989342632897e-10
3.214102070856e-10
-1.2225948060083e-09
1.3182716511671e-10
-5.2582563027777e-10
-1.8096731086753e-09
9.7731892071704e-10
-4.5506072677895e-10
-1.9588476763446e-09
6.832600800714e-10
7.674807254094e-10
-1.9002277392702e-09
1.6448726976926e-09
-1.9256754786348e-09
-3.9886533399798e-10
1.4194116269854e-09
-2.1407328725744e-09
-1.3482343432375e-09
-1.4173017763541e-09
6.0892501287404e-11
-2.0155311251989e-09
1.3336415104422e-09
-1.7377057954319e-09
-1.4096011701912e-09
1.2808389493989e-09
1.2961910506241e-10
2.9661802508623e-10
4.6662467928088e-10
2.2747105165515e-09
-1.891393842869e-11
-9.7617807398165e-10
-1.9945100979598e-09
1.0838118327411e-09
4.2248715354576e-09
-3.3067257157419e-09
-7.0689116714032e-10
7.3998009861598e-10
-4.6284362434427e-10
5.1556920824061e-10
5.9529150624753e-10
-1.6404548590146e-09
-1.2503080114574e-09
2.4658941285221e-09
2.4314967046571e-09
1.2891300834157e-09
1.7598858824929e-09
-5.7232179639953e-10
1.7631361294301e-10
2.3584401634268e-09
4.7751106478479e-10
-1.1596379345936e-10
-1.2314515349755e-09
-2.6440105018811e-09
3.2662114961639e-10
-4.3364752369839e-10
1.9061745190371e-09
-1.8919232706361e-09
-2.1706919116363e-09
-7.0790996732178e-11
-2.3536277560576e-09
-1.2802417392216e-09
-1.9513770925331e-09
-1.4445016009068e-09
7.4665205382149e-10
4.7502427782074e-09
1.345358449295e-09
-1.8575164566618e-09
-3.3528219170821e-09
-2.783731539656e-09
-5.7775062526923e-10
-1.4003070677366e-09
-6.0760108170973e-10
1.1009678306669e-09
-9.8939602421793e-10
1.2953940645844e-09
2.734668335298e-09
-1.8998639242357e-09
8.1669560358864e-10
-2.3843803719811e-09
-1.453134528428e-09
-3.1672287056567e-09
1.812388493922e-09
-1.5744363402345e-09
-5.8134198061863e-10
-9.700206688197e-10
1.024832683116e-09
-2.9351360321712e-10
3.9436054275562e-10
1.4269254173686e-10
-6.6871967937959e-10
-2.0546881281342e-10
-1.0026269329471e-09
4.8984239424187e-10
-2.2764136892332e-09
1.9928069498689e-09
2.2122198559555e-10
-7.6648587371449e-11
1.7678923363324e-09
1.3435371112956e-09
3.4120315161938e-09
8.0531819451649e-10
-9.5583011207905e-10
6.3038577808575e-10
-1.7307819422386e-09
1.2647083268385e-09
-2.6395920968e-09
1.6137530985369e-09
-8.5697620824237e-10
8.1463903010597e-10
6.0535405958213e-10
2.3046478403514e-10
1.0737590601389e-09
-3.7197841993005e-09
4.1199936991458e-10
-1.2121946446206e-09
8.9159635408957e-10
-1.2357316335631e-10
-5.7586478989188e-11
1.3237664543525e-09
1.4796663717755e-09
1.2649569378646e-09
-2.2393452214546e-09
-1.9365777544989e-10
-6.472261359674e-10
-1.7137882830418e-09
1.4924096184135e-10
3.3209035369927e-10
-1.0300392443489e-09
1.501018337949e-09
3.2039265676317e-09
2.4627252470732e-09
1.0396616999458e-09
9.0111614724295e-10
-3.2232726076622e-10
-1.4090158691633e-09
-3.1385165730414e-10
2.0555262740644e-09
1.8127271857969e-09
-7.6558950183015e-10
4.4484176220091e-10
2.3480275251373e-09
9.824219718245e-10
1.1631265595457e-09
-1.0902674207126e-09
-3.8947549310207e-10
-2.5933150701686e-10
2.0019523786193e-10
-1.595124674198e-09
-2.001626307809e-09
2.3999438630345e-09
-2.8443687425727e-10
2.0348898243994e-09
-1.6811237511525e-09
-2.9408103915653e-09
2.1560191488186e-09
-1.5184237010568e-09
1.4088087532692e-09
1.0115311521296e-09
-3.1638500463233e-11
-9.1387609940245e-10
6.3432244310968e-10
-2.8330441447082e-09
-1.1786311435486e-09
2.0633886291235e-10
1.0246766148809e-09
-2.9410047838744e-10
3.2357336433072e-09
1.067553339213e-10
2.6918786329584e-09
-4.07597296019e-10
1.7749757001795e-09
3.1265159466298e-13
-2.3063851817029e-11
2.1940796595732e-10
4.9341351823648e-10
-3.8145142677119e-10
1.8584283153432e-10
1.9520990485245e-10
3.6102818058787e-10
3.3837394657708e-10
2.4599569426474e-10
-1.8549879388603e-10
-8.9141954520962e-10
2.8399641753419e-09
1.8688370725254e-10
-1.219880781905e-09
1.9787576282499e-09
1.4716954728231e-09
1.1900733842794e-09
-5.1693525851635e-11
7.6662171846934e-10
1.2729168829258e-09
7.1757964398343e-10
2.6765085858537e-09
-2.5155379795082e-09
2.7186129750997e-10
-1.8451819730978e-09
2.8675173630323e-09
6.7254677403925e-10
-2.4457660195977e-10
-1.1169941815004e-09
1.3584299110217e-10
-6.1674004615437e-10
-1.9584418182781e-09
5.3578216010685e-10
-8.6310127688931e-10
3.9710722157646e-09
-5.983925835993e-10
-6.0380142486323e-10
4.8812114030242e-10
-1.1504205360748e-09
1.5219649778799e-10
-1.1061307692856e-09
-6.9481358935816e-10
-4.5089652950904e-10
-1.3858724756993e-09
1.7991521666623e-09
1.8575498560811e-10
4.8218831813356e-10
-2.3164889638948e-09
-7.3826355814295e-12
1.2555603683354e-10
-4.6369669071015e-10
-2.100113557354e-09
1.1847866140001e-09
2.1097407586893e-09
2.6206698921749e-10
-1.3959716560687e-09
-1.7437290623664e-09
2.3104638291299e-10
1.0749492064484e-09
3.3323431136238e-09
2.0951643812702e-09
1.0983574730115e-09
1.7309064982299e-09
-2.2853971781011e-09
1.6025781017014e-09
2.9305532051924e-10
4.2261428905828e-10
-9.7501534587439e-10
-2.077847140124e-09
7.9407224797289e-10
1.1778195818861e-09
-1.8882068914827e-10
1.8237300776369e-09
-2.4649352646398e-09
4.5148239318663e-10
5.2358687525553e-10
1.5846864681375e-09
-1.9104657933285e-09
1.0847075410963e-09
6.0068081333381e-11
-1.1777120268379e-09
5.0808151119759e-10
9.0899363197514e-10
-8.5696054435088e-10
9.3359064590091e-10
1.2924020039728e-09
-6.6371354777844e-10
-9.8650482390873e-10
-2.7987981657894e-10
1.2330069811046e-09
6.8046396189826e-10
-9.5880002640413e-10
5.2524553488931e-10
1.7310001902646e-09
2.0490764465658e-10
6.2351786745944e-11
4.4103098579339e-10
5.0265168695344e-10
6.2571368063871e-10
2.6662046807511e-10
5.9471804605188e-10
1.3600468438437e-09
-5.2235094284714e-10
-1.2798159478974e-10
-5.345415608616e-10
-3.3448974884898e-11
2.310193065524e-10
-3.588291713306e-10
-2.4266720134378e-10
2.3805322621593e-09
-2.7762962966048e-10
-4.0056742441388e-09
1.6234229688444e-09
-4.1555811357494e-10
3.7491602356016e-09
2.3251456377361e-09
-9.512253375736e-10
1.4158112120123e-09
4.0886978891343e-10
5.978245380979e-10
-2.8616212324444e-09
1.7018625633926e-11
-1.29358823324e-09
2.1465571931453e-09
-2.591142662302e-09
-8.7976221030318e-10
7.9224864486673e-10
1.7515446545521e-09
8.7498567440336e-10
-8.2255555812398e-10
3.7963942300693e-10
1.4552518426494e-09
-9.1546897145773e-10
-2.1582443253593e-09
-3.4866226596934e-10
-2.2625082356827e-09
-2.4658129765302e-09
1.2213150402829e-09
5.0445861583769e-10
1.3686639553403e-10
-2.4119955245368e-09
-6.016784070765e-10
1.3063458909974e-09
-1.2801509607949e-10
-1.9253179200114e-09
-9.0812216587662e-10
4.7057488374854e-10
1.944370683142e-09
1.4436165469622e-09
9.6701528947962e-10
6.8669894920653e-10
-5.3092104982308e-10
-2.2078707298499e-09
3.4836416641777e-09
1.7973674813236e-10
1.9804150044546e-09
-3.7443855879752e-10
-6.1943686308738e-11
-4.8684778008911e-10
2.1215290509735e-09
-3.7177622140497e-10
-7.5841238592858e-11
2.5236906454651e-09
1.4743108973646e-09
6.7368573052878e-11
1.1246477094362e-09
-4.0997476576125e-10
-1.4427992940549e-09
1.7187588913467e-09
-1.1476813279842e-10
1.0253670182276e-09
1.2149510126996e-09
3.658709538667e-10
2.9675176458786e-10
-1.0801816225716e-10
-1.2275428913486e-09
2.1791749167213e-09
-9.7112700590008e-10
7.4274686938093e-10
-2.3272588009943e-09
-9.0078668872277e-10
-2.8729532346569e-10
1.0833508806679e-09
-3.0861983785009e-10
7.6172186256327e-10
9.2669541550063e-10
-3.9793185441989e-10
1.9868757027912e-09
4.1004268893606e-10
-9.3996225825941e-10
9.9638985456129e-10
-1.0121033281073e-09
-2.184489021928e-09
-1.5342153424803e-09
-5.1067531627229e-10
-2.0379397944628e-09
2.7088840405727e-09
-2.4467737723986e-09
-1.1187256416354e-09
-5.138356479643e-10
-8.6442693753535e-10
-6.6106148906265e-10
-1.9691455975359e-10
6.7670878659773e-10
-1.1591066488106e-09
2.2505141287188e-09
-1.0881901350205e-09
1.608845965923e-09
-7.0741402036943e-10
-1.3173572376584e-10
-1.04406798487e-09
4.7208928790526e-10
3.7068579563269e-10
2.0081659703276e-09
-1.3924777572049e-09
-2.3609233021323e-10
-8.2179623368848e-10
1.3091242427751e-09
1.6845768078693e-10
-7.9083078743671e-10
2.1912530118103e-09
3.3084712749483e-09
-2.6149178874886e-09
6.7388965120542e-10
-7.0926821588644e-10
-2.4145484346606e-09
2.9141678571271e-09
-1.9950290072557e-09
5.5818146718156e-10
-1.0692998891323e-09
-1.1701470634332e-09
2.8248077666685e-10
7.2961291123039e-10
9.5971284359426e-10
-6.7000232387979e-10
-1.1103497814168e-10
9.1328304120007e-10
3.191891257271e-10
-3.5146901097488e-10
3.471242795015e-09
2.5386170299483e-10
-7.8455643657894e-10
7.8729954466126e-10
-6.3779100247511e-10
-1.2095938300074e-09
1.1231265623962e-09
5.9812377788555e-10
2.2285235613264e-09
2.4600835591941e-09
2.3640799447712e-09
1.9184926115098e-09
1.9702328532561e-09
-8.2846009729234e-10
-4.6859029338434e-09
-4.7248635904208e-10
-2.1526742056398e-09
2.0032489772853e-11
3.2557812457674e-10
2.6129812567745e-09
2.0120519001854e-09
2.4999396924083e-09
-1.1429786135051e-10
-2.8949713092551e-09
-3.8913761918403e-10
-1.7490057223733e-09
-3.5241924191315e-09
2.6280670300884e-11
-7.9980810825447e-10
-2.5549847103471e-09
4.5835109062822e-10
7.188665178459e-10
2.8458596754668e-10
-1.0465456749113e-09
-1.0091127476739e-09
-7.3331228184003e-10
-1.0947676313153e-09
-4.1210961563093e-10
2.9619468782066e-10
-2.4097321846628e-10
2.9685999915791e-10
7.8139183587162e-10
2.508845782602e-10
9.1033155844122e-10
1.0378732372028e-09
-3.5080839592526e-10
-1.4751874624223e-09
-1.4373761713157e-09
8.133926060826e-10
-2.7200642650198e-09
-2.6855252514118e-09
-9.4253894519013e-10
-1.7078471012449e-09
1.5194927065532e-09
-4.33348812485e-10
1.2482799576389e-09
-2.7800332876221e-09
2.254759042019e-09
-1.3183459300148e-09
1.0531772712475e-09
-2.9124275994289e-10
-2.4921654625492e-09
-1.0943635490868e-11
-6.5447205924205e-10
3.1735272677609e-09
4.3757069553317e-10
2.1205599015187e-09
-7.260297561065e-10
-6.7694372782837e-10
-9.0348979031726e-10
-2.2939586769082e-09
1.3143211323457e-09
1.2222754863997e-09
-4.3396464524999e-10
-4.6652628505361e-11
1.7478815374563e-09
1.0797135111299e-09
-2.4162139397007e-10
4.3512226336503e-09
-1.9677324597525e-09
-7.2160819939337e-10
1.9381508544942e-10
-8.4355564683277e-10
5.7200338278821e-10
8.8195051977454e-11
6.6266367563395e-10
1.9961747020251e-10
-5.7224086071461e-10
-1.6214672524159e-09
1.0821509779741e-09
2.8003127294337e-10
9.0641484815226e-10
-2.3236880002762e-09
-1.4687097262075e-09
-7.2392489763165e-10
-5.8517824155886e-10
-1.3021880799991e-09
-4.218822529722e-10
-1.9826790233838e-09
1.733753844264e-10
-9.1082888367691e-10
-2.7890215962626e-09
-6.0584927812302e-10
-3.1412595720261e-10
9.1890597651864e-10
-2.7078456944078e-09
9.652462319136e-10
2.893831684693e-09
1.6283331422287e-09
-1.2360381166888e-09
-1.2118418572792e-09
6.3590366692749e-10
-4.074690946763e-09
2.1393242463134e-09
1.0687255328597e-09
2.4410594285277e-09
2.6599277074423e-09
4.9010639783986e-10
-9.2203144218527e-10
-2.8850403198783e-09
-1.8772751943668e-09
1.4878890849486e-09
-3.7527732448939e-10
4.9251402249353e-10
5.3713081546035e-10
-7.9934314667946e-11
-1.4121616746209e-09
-1.6758725893122e-09
-1.4112737574479e-10
-9.963855349926e-10
9.2577392517369e-10
3.1456814044824e-10
-1.2124463836958e-09
5.2055176910935e-10
-2.1160651936462e-09
3.745557977255e-10
1.2945902019529e-09
2.5302955734511e-09
-1.0111274205349e-09
-7.1764083061007e-10
-3.6246791381547e-10
1.9837573116961e-09
2.5617361913435e-09
-2.0219044853133e-09
-9.7136038028957e-10
6.4749986735521e-11
-7.6828303492515e-10
-5.4937006995338e-11
-2.52676809952e-09
1.4151432493401e-09
1.9196619947406e-09
1.2406922510797e-09
7.3108396610444e-12
-1.3925999414469e-09
3.8289905783358e-09
-8.1667780184119e-10
-2.7387095385708e-10
-9.5980622139326e-10
-4.9718277348363e-10
-2.7893994004122e-11
1.7267743383574e-10
-3.0779850605778e-10
-1.5824631911853e-09
7.8063054886736e-10
4.9515091263391e-10
-1.5683239342521e-09
1.0305950691338e-09
1.5678999678399e-09
-8.6656406906244e-11
-4.3478665323261e-10
-1.8668464246058e-10
4.490608814871e-10
-1.1752711507144e-10
1.961352695671e-09
5.5308684122449e-10
6.1993620573201e-10
3.5687324976532e-10
1.8091008434391e-09
2.5933968835596e-10
-4.0072394855922e-10
-1.2928875194305e-09
5.1503467349633e-10
-5.3273279905576e-10
-3.2126186180333e-09
3.8553707307403e-10
-5.7385365839764e-10
-6.7305381213221e-10
6.7354426534516e-10
-4.2105684013129e-10
7.4722916702306e-10
-3.7945318457532e-10
-1.3064675395824e-09
-5.7030146641506e-10
-1.0700890886826e-09
-2.462364571096e-09
3.8000222738561e-09
-2.2493713341666e-10
-8.0543010258367e-10
2.8829109998811e-09
6.3197162361901e-10
7.4141502734299e-10
1.0389390278341e-10
-8.5460354984296e-10
-1.6744699035888e-10
-3.4655595737521e-10
-4.2872196331189e-10
-1.0494636964906e-09
2.0338168889699e-09
2.555861579581e-10
-3.8530956731768e-09
-3.916928553757e-11
-7.4298917951244e-10
1.3701840523003e-09
2.5648178778727e-09
2.2978475603314e-09
1.343936767148e-10
1.7101628111736e-09
2.6134260626882e-12
1.7567312621336e-10
-7.2709842897269e-10
2.4734568696923e-09
-7.8766419356656e-10
1.2174168992476e-09
-7.8172308049043e-10
-1.1498466710966e-09
-5.7583043035868e-12
2.0792308756545e-09
-7.4590520074905e-10
-1.1884407696132e-10
1.1837036428349e-09
-7.8568074807457e-10
-3.2033393358607e-10
3.9571321263266e-09
-4.1271911081964e-10
2.4572714587147e-09
1.1532042609955e-09
3.4281998786192e-10
-2.489819180577e-10
1.3575687650994e-09
-5.7795823740533e-10
4.6131348493194e-10
1.2961217965002e-09
-9.5175468384662e-10
2.7217514820417e-09
-1.3814831792425e-09
2.2376377271023e-10
9.2046335626732e-11
2.5616940455819e-09
-9.8193475540823e-10
-1.2748152079567e-09
-5.1043505647992e-10
-1.1144339169178e-09
2.9875777548276e-09
-1.623590972323e-10
-1.1987355116937e-09
-1.0576313850661e-09
-1.174380658517e-09
1.2161257829166e-09
-1.4429546371773e-09
1.1481972968487e-09
9.5976831108668e-10
-3.4484722151878e-10
-2.1207522569076e-09
-1.2174135791394e-09
2.1314149614916e-09
-2.6942162035645e-09
2.7924438603836e-09
2.4250310022674e-09
5.0576872895705e-10
1.7075729952647e-10
1.2269022179573e-10
9.033346518318e-10
4.2332274137847e-10
-5.0623271896915e-10
-1.6751349392513e-10
-3.4558740117633e-10
-1.8201898805134e-09
4.1252557501289e-09
-1.8862454272507e-09
-1.7537867244395e-09
-2.0611021159329e-09
-1.9122008052133e-09
1.1808676790286e-09
2.5325019073281e-09
1.3455687081304e-10
1.6147147156235e-09
-1.1790015995511e-09
-1.7782869998075e-09
-2.5898017462181e-09
-1.1615074048026e-09
-1.4485948682648e-09
-6.0144094063198e-10
2.1155177692544e-09
3.0979287845172e-09
-2.7904794268757e-09
1.1467584933817e-09
8.7615826586016e-10
-2.8605466215048e-10
-1.5772969050926e-09
-6.3600892144617e-11
-1.5084015221339e-09
-1.6653212035531e-09
1.0685034408081e-09
3.5740109802256e-10
9.2799563558068e-11
4.6462834363465e-10
1.3650812118174e-09
-1.761605809838e-09
6.2657208001487e-10
-2.5275493580446e-10
-2.7187080658564e-10
1.4346416329105e-09
3.6858016450217e-09
1.6024777333316e-09
9.9161550596016e-10
9.3301484383316e-10
-7.1583670312184e-10
1.473738964118e-10
-7.493969507031e-11
-2.2197440836497e-09
1.8473566546358e-09
-3.6634747203636e-10
-5.2899372534913e-10
-5.3714998977172e-11
-1.4236798380103e-09
1.5240853556287e-09
1.0033960328529e-09
-1.3813920095175e-11
1.6144328932682e-09
2.9852273580023e-09
-4.7841628312384e-10
9.6125367804443e-10
2.060744880967e-09
1.319067409216e-09
4.8680374449646e-10
2.4174552169645e-09
-1.8265875420315e-09
7.6023184985397e-10
-4.0795359079055e-09
-6.6236833704517e-10
1.7969420282522e-09
2.2996302548154e-09
1.451984592707e-09
-2.2297786669759e-09
2.6821308239216e-10
7.3673615467988e-10
1.7762089733627e-09
5.435466661432e-10
-1.2645882547922e-09
-6.4896655865454e-10
-5.4331452125015e-10
-7.725851574083e-10
1.461765047355e-10
7.7553323767715e-10
2.7061565235674e-09
-1.0762024955252e-09
-7.1545495699991e-10
1.9234759912671e-09
-9.8273059053811e-10
-1.303199560779e-09
-3.4597920128206e-10
5.747391918229e-10
-1.5205222733563e-09
1.3830877599486e-09
1.3040359087824e-09
1.8129875885608e-09
-8.4125566968675e-11
8.5102749348221e-10
7.3318543938807e-10
2.4117900948962e-10
-1.4935959225104e-10
-6.2672473923152e-10
2.2275956905964e-09
-2.4151099517944e-10
2.8895098362926e-10
4.1650052549056e-10
5.0613423578325e-10
1.5060028242227e-09
-1.4135689049886e-09
2.7961261250213e-09
-1.0580923492311e-09
1.2219116895098e-09
-1.0336010648468e-09
1.4701284138681e-09
-7.2966596525001e-11
2.1058055376622e-09
-1.3488836275531e-09
4.0279079279207e-10
-1.512758822741e-09
-2.7860085919908e-09
-2.2627137796517e-09
7.4129324767024e-11
1.9357160317391e-10
2.5041753509069e-10
3.8062865477125e-09
-1.9596586097359e-09
-7.7055708160302e-10
-5.5527141238845e-10
2.1050037611777e-10
1.0072742951035e-10
2.0603640955402e-09
-1.3240287242592e-09
-2.5431328554977e-10
1.6360350617039e-09
-6.3429256998131e-11
-6.5992935360444e-10
1.4220756094088e-09
-5.6622765923793e-10
1.9321243831676e-09
-5.6234410450323e-10
-1.3493859549865e-09
3.9171051858133e-10
1.231371007529e-09
9.9931940450049e-10
1.0727469812588e-09
1.1317159651832e-09
-1.0915316757047e-09
-1.2181222124975e-09
-1.9112441948955e-09
-1.1021147985771e-09
2.4142842548274e-11
-2.3734386467205e-09
-1.0817099259929e-09
-2.257847938407e-09
-1.0172745550071e-10
-2.6921591211114e-10
9.8191909112345e-10
3.1078233371715e-10
5.3848347721342e-10
1.474047402086e-10
1.2785484659405e-09
-1.7073032329692e-09
-5.9312459673054e-10
4.0326428142801e-10
-5.7355638248022e-10
5.7170436098267e-10
-1.9129168601474e-09
1.199383800448e-09
-7.2112393611014e-10
5.7229788062285e-10
2.9815111702431e-09
-1.8961846057272e-09
1.6509338706417e-09
-1.1812949808942e-09
6.2262770064067e-10
9.9436319898399e-10
-2.7694452353678e-10
3.8880543073195e-10
3.0625900960351e-10
1.5053011906217e-09
-6.3087025811366e-10
9.3923601520053e-10
2.784499497367e-09
-9.8467144119072e-10
1.1895847886492e-09
-1.5691909020215e-09
-2.3313732575305e-09
-7.9692207570977e-11
-2.3398349458629e-10
-6.4803754453481e-10
4.2930139465846e-10
-1.415895752155e-09
-4.9293852622419e-10
-3.1572314893799e-10
-4.7631554238798e-10
-4.7515173147683e-12
-1.2083516586172e-10
3.9181235046906e-09
9.545502160788e-10
-3.6719550230236e-10
1.6120550691001e-09
6.4286649747983e-11
2.5418231029278e-09
2.1579000193867e-10
1.0046019544028e-09
-2.8944602537108e-09
-4.1641850266207e-10
-1.8227467774792e-09
3.5383508865332e-10
1.1798898415792e-09
1.5182240694755e-10
-6.5776888274462e-10
1.6269835205676e-09
-5.3614366983274e-10
5.7215541452035e-10
9.1072350118284e-11
-4.9239774885641e-10
-4.1770295548434e-10
-4.9067428914303e-11
-2.5850572961966e-09
-5.4919764302705e-10
2.7898295001041e-09
1.4499450919677e-09
-1.5477488886966e-09
3.3169020608123e-10
-1.1624012019033e-10
-2.449256632348e-09
2.9547844399948e-10
1.5357107430529e-09
-1.1873693186387e-09
-1.0189554232848e-09
-1.964069009481e-09
-1.6023139093035e-10
-1.4320153932505e-09
1.2167628665729e-10
1.0394953239266e-09
-4.6421572344118e-10
-2.5750591655911e-10
1.2233194863542e-09
5.6937851219537e-10
7.4889109914096e-10
-1.9693129225146e-09
1.7410119972631e-09
-3.0887388702674e-10
-1.8122090207479e-09
2.7254635696311e-10
-6.2176288741061e-10
-2.8812015246377e-10
-2.3471072414913e-09
-1.4520078091592e-09
-6.1992348802892e-10
-2.2514199176928e-09
-3.9899342718439e-10
-2.5362417911056e-09
-3.3955060270469e-10
-4.5795030035446e-10
1.8056860827396e-09
4.8601978891689e-10
2.1623275915938e-10
1.2316162295813e-09
-8.7536532367637e-10
4.0178759163052e-10
6.3604251660462e-10
-7.1875813168131e-11
3.9602931316726e-10
7.0403420913698e-10
5.4594538790771e-11
-1.9664745142368e-09
2.0084232644866e-09
-1.9867707541858e-10
7.0092931852164e-10
5.7128127745178e-10
-9.2015315072828e-10
8.7204040728595e-10
6.9991177314243e-10
-8.3941571449254e-10
-7.304800836763e-10
2.9300582307903e-09
5.0878111331385e-10
-1.4633415836308e-09
2.2659288384451e-09
-1.0508821386825e-09
-6.5979375114169e-10
2.3732174801399e-09
-3.5494432683388e-09
-9.4439246771633e-10
-1.9859334829819e-09
-3.7184679254424e-10
1.2597340528508e-09
2.9957599203936e-10
4.2122544934662e-11
8.1281288928051e-10
1.8721221039845e-09
-1.2686692853455e-11
7.4832251850477e-10
2.6049770126749e-10
1.2964144965578e-09
7.5840987885488e-10
2.1850239044575e-09
1.1859234211324e-09
-4.8352015468206e-10
-2.3645738954834e-10
-1.4233672711328e-09
-1.4935933634111e-09
3.4785096695943e-10
1.8109146159178e-09
1.5074927715734e-09
-1.3376047342247e-09
4.2010573213844e-10
1.0419541693174e-09
-1.5240351757009e-09
8.3942918832726e-10
1.3790076994706e-09
6.6573149638368e-11
-2.6542659478001e-10
8.4995365712683e-10
5.4601112252065e-10
-2.8827540923955e-09
3.7579481786456e-09
-1.6377003201374e-09
6.3090977671886e-10
-1.5786040115317e-10
-1.8619696860137e-09
6.7541993879114e-10
-5.2455921985019e-10
-2.0714449638728e-09
-2.5272333606692e-09
-5.6870505708918e-10
-9.9893268306289e-10
-2.5031603750809e-09
-4.6768641369918e-10
-2.0508206558084e-11
-7.5821498231378e-10
-6.9048611086035e-11
-1.1890835763086e-09
-8.6083404991535e-11
1.8269998534239e-10
-1.7280396448095e-11
-1.6250080997618e-09
1.657907771864e-09
-6.9981565137582e-10
1.2495953785971e-09
1.2512070265256e-09
-1.0330604895659e-09
9.1788499250642e-10
-1.6986153858643e-09
8.7134433195116e-10
-2.0555328848214e-09
4.4548784291642e-10
-1.7933005413227e-09
-1.9545096756988e-09
1.2804036344661e-10
2.1384467541231e-09
-1.2194694360624e-09
1.4751707750117e-09
7.9887000136863e-10
2.6409109185655e-10
-3.8774153956396e-10
-6.4466844912277e-11
3.9337658138294e-10
-5.4144178746605e-10
2.2861343521122e-09
6.2974201363889e-10
6.3045021012571e-11
-3.2217997925093e-10
-1.8160730942537e-10
9.3200158593526e-10
-1.6325515304924e-10
-1.7210441103051e-09
-1.1003484441423e-09
1.3914552498701e-09
-4.6102597331727e-10
-1.1190330099791e-10
1.2005682676466e-09
1.7825339697985e-10
-2.1609523256528e-10
-2.4674424463118e-09
1.696694913237e-09
1.6473069448308e-09
-9.1838925481278e-10
1.0755959349072e-09
-1.0512490622081e-09
6.5896552663222e-10
-1.2834451095701e-09
-7.0277870815287e-10
-7.8277168126543e-10
-9.5727381949568e-10
-2.983623086537e-10
-1.7495785186182e-10
3.6004381900546e-10
-1.3934155605618e-09
2.0634780980768e-09
-1.1601346719498e-09
-4.8689341068953e-10
-1.3291046563525e-10
-5.1657044150498e-10
3.5887418057965e-10
4.862610081803e-10
1.2824052272101e-09
2.3792519576659e-09
2.8428910304583e-09
5.9396279292892e-10
1.2229140598584e-09
-8.457389216812e-10
-1.4275961746196e-09
7.2235864700247e-10
8.1917942752915e-10
-3.2263988517943e-10
3.8252071074021e-09
6.8007268728004e-10
1.8418387381223e-09
-8.0172773403477e-10
-2.0934994039335e-10
1.0720705897662e-09
2.1059825362432e-09
-1.1003693701803e-09
-1.7698044205345e-09
3.9650347970187e-09
1.0050160670351e-09
-8.888398019684e-10
-7.5709154055669e-10
1.7475721380623e-09
-2.4772177146886e-09
1.3647046043409e-09
-7.1137896772266e-10
2.6264527829446e-10
1.0961991791627e-09
-3.4739171946093e-10
-7.5985631817555e-10
-1.1392823814847e-09
-1.1083226375269e-09
2.7577028813815e-10
-2.3319353668487e-09
-1.1326745881116e-09
7.6751540370991e-12
-2.2663648981374e-09
1.5731341046665e-09
7.9371184148486e-11
2.9298022419445e-09
5.5079145481163e-10
2.8150869001464e-09
1.0787031025251e-09
2.7918191788126e-10
8.3395143932672e-10
1.818235565827e-09
-3.9020196358264e-10
1.6792355506583e-09
1.5770577179498e-09
-1.1197849099621e-09
1.657827842904e-09
8.6290426656013e-10
-1.0995212482656e-09
6.6398918134709e-10
-3.2799831691089e-10
4.2260035110673e-10
1.834094266006e-09
-2.6138094202031e-10
1.083837554955e-09
-1.3613038873601e-10
-7.6324464046055e-10
-5.5831904625842e-10
1.0453387149391e-09
9.1889144683784e-11
4.615093328636e-10
1.340187071662e-09
-1.6940808596724e-09
-1.3163142453596e-09
-7.0226794515849e-10
7.6463953393314e-10
2.0390625303313e-10
-8.0181677423818e-10
2.9436107144465e-10
-2.4263838975062e-10
-8.5332056953463e-10
-1.4987054010705e-09
5.8684746481161e-10
3.9627989422673e-10
-2.6648423172207e-09
-1.8047563599063e-09
1.2196836775613e-09
-1.7943565098491e-10
-8.0223059987473e-11
-4.6991623687034e-10
2.706635940766e-11
8.6222550107626e-10
1.321308069467e-09
8.7118459481349e-10
-1.9602964612164e-10
-7.7892890240546e-10
2.1555587891904e-10
-1.3524305975394e-09
3.7511542110055e-10
9.7560625553633e-10
-9.7004675081161e-10
-1.1191688559266e-09
-1.4281490217904e-09
-1.3949045456944e-09
-1.113496480263e-09
-6.6348286742117e-10
1.1086218083651e-09
2.0979710485783e-09
6.5448306395057e-10
-1.3477713642378e-10
1.2527644397687e-09
2.8744258223255e-09
-6.8724721614108e-10
3.2517722780542e-10
-1.9764489346172e-09
2.1375962719301e-10
-2.6498742662282e-09
-6.7510886184842e-10
1.2352992877699e-09
8.2326846445195e-10
1.5370133153175e-09
7.6005862319367e-10
-8.7274908860863e-10
3.7123517501673e-10
3.506266919826e-10
-1.5138567056712e-09
7.0341663012254e-10
8.2498331806076e-10
2.9342480364406e-10
1.9163143029494e-09
6.9271898930604e-10
-4.8331001784227e-10
1.4622791719551e-09
6.6984000857814e-11
1.1442461300992e-09
-5.1417258929222e-10
6.1704258921568e-10
6.1361574164657e-10
-6.441526708765e-10
1.0176756681931e-09
-7.6641239054385e-10
7.0036665049492e-10
-1.2919858937057e-09
-3.5273651658084e-09
5.7663862050507e-10
-2.2636970072123e-09
3.7155682975203e-09
-6.9738921026219e-10
-2.4551432574803e-09
2.7896192228421e-09
2.7632195088813e-09
1.1813242245347e-09
7.9242514616947e-10
3.0834113809713e-09
8.8068026099989e-11
6.1304558401753e-11
8.5349257271932e-10
-1.3426289887451e-09
4.9936098045394e-11
-4.7967543633595e-10
4.2311140789819e-10
4.8938575030339e-10
4.005811768484e-10
2.0605640125644e-10
-6.8851519661521e-10
-1.2406826781639e-09
2.4929026974796e-10
-4.1819710402125e-10
-1.1829090588177e-09
6.5311891136995e-10
-3.3703474386785e-10
6.5901870549403e-10
-8.8126884526608e-12
7.1634285213202e-10
-2.2695410032011e-10
6.9093441718181e-10
-6.6708016035153e-10
-2.0811410035827e-10
2.0525261836208e-10
-7.5966869191647e-10
-5.2921119630437e-10
-2.361482739683e-09
2.2585106988924e-10
-8.1531082848113e-10
3.2553068756901e-11
3.6612068415868e-12
-1.0952836116769e-09
1.7445582128908e-09
8.6711814773945e-10
8.1912752743641e-10
1.4844964274301e-09
3.5653764526646e-10
-1.0258108266055e-09
-4.650502212431e-10
-1.1185444418025e-09
-7.1184593511197e-10
1.0479645686934e-09
-6.9316833922732e-11
-1.7867847508089e-10
-1.9973717767933e-09
-5.6670466784279e-10
6.359774987019e-12
2.4678988218884e-10
1.0665343504789e-09
-1.1692108295913e-09
-7.7909453647234e-10
2.8045930574917e-09
1.5867989346068e-09
-1.050073203753e-09
7.8093437016873e-10
2.1681602196877e-09
-2.106537194129e-09
1.2061312698338e-09
-1.8825466058662e-09
1.2892395266766e-09
3.857210423913e-10
6.4550394904072e-11
-1.9447228313036e-09
-8.4944356210764e-10
-2.9318284626065e-10
-1.1834651861324e-09
9.911854581949e-10
5.725974665658e-10
-9.7126775550213e-10
4.2905248792359e-10
2.1381583711368e-10
-1.0517883785193e-09
7.1625701798792e-10
1.2360060394261e-09
-1.0115816674258e-09
1.28354432866e-09
-1.2189793204733e-09
1.9604554550808e-09
6.858392835756e-10
9.5820803316864e-10
1.6017069494584e-09
1.8946035063168e-09
5.2314178184669e-10
1.3436018314041e-09
9.1321481042419e-10
6.325311316726e-10
-4.0156331671179e-10
2.4130064652473e-10
-2.088069137015e-10
-1.1918772639808e-09
-7.976596491361e-10
-1.3489492862135e-09
6.3516199622622e-10
-1.0129442559873e-09
6.6479687113344e-10
1.9542172713527e-09
2.064920695983e-10
4.3851461802687e-10
2.6864957301308e-09
-7.8720785904988e-10
1.1855813377385e-09
-4.0582438062643e-10
4.4635316381122e-10
3.308290110252e-10
-5.6022257289338e-10
-6.5796008395674e-10
4.401664125865e-10
-2.0536277307511e-10
4.0021413353457e-10
-4.2237467049326e-10
-9.9273738602003e-10
7.2661671132273e-10
-1.0520068388032e-09
7.4074730296881e-10
5.161116477081e-10
-8.5231299646189e-10
1.2052526018442e-09
-3.8176928864987e-10
4.8294901685503e-10
1.9487685237697e-10
3.3679255970665e-10
-1.2185857439864e-11
9.993628043034e-10
9.6180295967321e-12
-1.8639478173832e-09
1.6927283917323e-09
-9.4201877399701e-10
-4.8225259038668e-10
1.8855290954605e-09
1.899048241338e-09
-1.2644851631024e-10
8.95574947618e-10
4.3285781251582e-10
-1.1060032642769e-10
5.0521545812016e-10
-1.4418545912549e-10
-1.9694986558903e-10
7.3581032761532e-10
1.1391745097588e-09
-2.8556591803585e-10
7.1537530911879e-10
9.0547211790178e-10
-2.7021368424007e-11
-1.8001432107342e-09
5.5000718596567e-10
2.8043576780027e-10
3.2816886639452e-10
2.2029584485107e-09
1.3891620114705e-09
1.9100602076023e-10
-1.4714778921522e-09
4.8795225865977e-10
-1.8619953355057e-09
3.6654124876276e-11
2.4009636314891e-09
-9.8480957148295e-11
-5.3838613916839e-10
-2.1804501132072e-09
-1.9449827590444e-10
-6.1351802348078e-10
-1.1534723952557e-09
-1.3569401154073e-09
6.6013659127232e-11
-5.3985949116688e-10
6.0713200174831e-10
4.8002619949672e-10
-1.938675690279e-09
1.7628213643959e-10
2.8488444274271e-10
-8.2325401159004e-10
7.9330980663615e-10
2.0113129972278e-09
3.3201445049686e-10
-5.5060657976581e-10
-6.3439015618153e-10
-2.4770491920435e-10
1.0544456955598e-09
1.1870005105113e-09
-1.7175211961284e-09
1.2790204157512e-09
9.4853025059177e-10
-2.7712378642935e-10
-1.1290751570233e-09
5.4275250957201e-10
8.6758318879693e-10
8.360353973681e-10
1.6059977307098e-09
-6.9421398994579e-10
2.7024322341263e-10
2.0376792910255e-09
-1.6074358717118e-09
7.9275152032961e-10
-2.2402606814602e-09
-9.4660651050592e-10
-1.1130299810909e-09
1.944342154053e-10
-2.0815329484885e-10
-1.1191738198192e-09
-4.795817142936e-10
-1.1441854425391e-09
3.0415004162394e-09
7.0256218212734e-10
-5.7653521896611e-12
-5.3206955788e-10
1.6864990359992e-09
7.3016946927563e-10
-1.0679767152091e-09
1.8297457921236e-10
-2.0931040208353e-09
7.0737899638618e-10
-1.9580315203616e-10
7.0607900164962e-10
1.0947788620935e-09
-2.221995065056e-10
1.7552327793376e-09
-8.6124012167076e-10
-5.8329653973373e-10
4.3627321816595e-11
-2.8227753373674e-10
1.0392906550141e-09
-2.467345708144e-10
-5.9647181144153e-10
1.5549892343893e-09
1.1831537281311e-09
-1.9110612340962e-09
4.963297367507e-10
1.1928480364212e-09
-2.2330630475447e-10
-3.7946261342749e-10
1.1701588726127e-09
1.0248745912341e-09
-1.349506233735e-10
1.0728925485379e-09
-1.6824831589013e-10
6.0288321281143e-10
-7.6701852436663e-10
-1.1829590314396e-09
3.0661298529283e-10
5.8287783098973e-10
-1.7301078482927e-09
-1.0437050712199e-09
3.5800064742359e-10
-1.3346823887912e-09
5.2704258143011e-11
7.5025649499313e-10
1.3439943393326e-09
1.3203475052415e-10
-4.3897091078137e-10
8.9011033449692e-10
-8.4947638425014e-10
9.7572488021409e-10
-1.0900326618669e-10
1.8239522391775e-09
3.0782438983035e-10
7.1655353168016e-10
5.796972084308e-11
-1.5775812256042e-10
-2.184385769216e-09
-3.1255236280637e-09
-1.7692483816644e-10
5.3500394968082e-11
2.6659925008177e-09
2.9631210545615e-10
6.9968894674259e-11
-3.3513783378537e-11
1.0247495774408e-09
-2.0635496818239e-09
-9.4212689654397e-10
-2.4241314756319e-09
-2.4438412801382e-10
1.9013205979944e-09
-1.430857216362e-09
1.0043484517618e-10
-3.8300792630471e-09
-2.0485498935099e-10
-1.841527150814e-09
-1.2603163795191e-10
-1.0427589055769e-10
-7.0558621154272e-10
-1.2637459443506e-09
-9.9861034824127e-10
-1.5519538257177e-09
-1.6527171292208e-09
-4.1093063282925e-11
-2.0476762717285e-09
-4.0425294152036e-10
-1.7117595368998e-09
1.9812246735717e-09
7.7005769681168e-10
-9.9637056400872e-11
3.4448702353097e-09
-1.6716655846237e-09
1.1109425396811e-09
1.6281291544771e-09
-9.6673663757618e-10
5.6476424768985e-10
9.8279630796172e-10
-8.7186571950503e-10
-1.8194919968019e-09
2.1181887720175e-10
7.2561224252353e-10
-1.6580347715929e-09
2.6302340121416e-09
-4.9683784398864e-10
1.8565452659269e-11
1.8373379330963e-09
8.1139376608907e-11
6.2052655974478e-10
2.4988633824345e-10
-9.7295346293412e-10
-3.8489410169201e-10
2.092162552366e-09
1.765983958791e-09
-1.0095892157091e-09
3.6295328625986e-10
5.9573438316861e-10
4.8739053367019e-10
-1.0775036889866e-10
-4.0760978937427e-10
-3.9498779708306e-11
5.2059644727064e-10
1.0060137351386e-09
-1.0304968591007e-09
-1.1461300323714e-09
4.5111245633017e-10
-1.5207608608524e-10
1.6795513254025e-10
4.5014911837183e-10
7.1020078972248e-10
-5.9355133082872e-10
-2.0969264474795e-09
2.3833258746924e-09
-2.8940782262939e-10
3.6204240395326e-10
2.8619074937607e-10
-6.8178486973252e-10
1.2272917924896e-09
-1.239308147358e-09
-1.5832788444584e-09
7.5079304761416e-11
4.9060486786721e-10
-6.256769851353e-10
5.4376244215033e-10
-1.9563253558001e-09
-6.1053619920017e-10
2.1759371225555e-10
1.9058231265055e-09
5.3663934642953e-10
2.1403588933354e-09
1.3612622539922e-09
2.8717460926404e-10
4.716116810827e-10
-1.1686796770681e-09
-1.2911746254657e-09
1.1176957793661e-09
7.4458638162972e-10
2.0287499141346e-09
2.4030697599484e-10
1.5681947149267e-09
2.6669883752186e-10
1.3661205066395e-10
7.8884072241084e-12
2.3016193171082e-09
-9.8621975054598e-10
-3.5282880432372e-09
-3.789788659632e-10
-1.2407666152482e-09
-6.6180369781195e-10
3.3639884089453e-09
-7.0916967782867e-10
1.6944071106836e-09
4.6698703488513e-11
-3.0396993341212e-10
-1.9498219461781e-09
-5.0279250330604e-10
-1.1070195413361e-09
2.3562795015963e-09
2.0451324836635e-09
6.0406468098739e-10
5.7852906916829e-10
1.0534452154836e-09
-1.0336838274023e-09
-1.3206517720514e-09
-1.7703729742194e-09
4.5415295287384e-10
-1.6282060382417e-09
-1.263947886252e-09
-4.9922257239998e-10
-1.1077763451574e-09
-3.4613070491235e-10
-5.3703002075531e-10
-2.5721083125178e-09
5.150943145119e-10
-8.3604028169537e-10
1.3546495546188e-09
1.4272898767033e-10
6.2145392361375e-10
5.4341383982554e-10
-1.1931289858825e-09
2.1933804061515e-09
9.7392087667429e-10
1.0118787108698e-10
2.5010996592014e-10
-1.0039455877671e-09
-7.2459961281013e-11
6.5726664247595e-10
-1.830338878049e-09
9.3838153438246e-11
3.8254157972092e-10
-1.2118968541278e-09
9.350714546913e-10
-7.0613132822382e-10
-9.0203395305337e-10
9.0740885522883e-10
1.4402265725243e-09
1.5987658615149e-09
-5.2532699701419e-10
4.6482000824149e-10
-3.2939133094945e-10
-6.4813193827538e-10
-1.8402303135387e-10
-6.4633954535725e-10
1.5034499962419e-09
1.4107780175557e-10
4.0143950751819e-10
-4.6006357416549e-10
4.3253543626038e-11
8.1705267127899e-11
-1.0412684119517e-09
-2.0019070126549e-11
4.0254474556586e-10
1.4475880156782e-09
1.8150707899989e-09
-8.8288026420315e-10
1.2422076503957e-10
-6.9539404311345e-10
-2.0733408433632e-09
6.480303956441e-10
-2.8325956107724e-10
-1.2141956360237e-09
-9.0905739384057e-10
6.0358761825952e-10
1.1542727770189e-09
6.8748052220794e-10
-9.022421717721e-10
-2.4663607164805e-11
-9.3461675720763e-10
2.1005558485518e-11
-1.5150514482345e-09
5.2710572996884e-10
-9.9442977690889e-10
-5.464277092201e-10
1.3302136155023e-09
-5.7644880904638e-10
1.6307314685981e-09
-7.6179927720133e-10
-5.0061239117748e-10
1.078272390068e-09
2.9697192794206e-10
2.1126698234417e-09
5.041396931246e-10
-3.2108129233678e-10
1.0788762784537e-09
1.1712476006658e-09
8.3954572450437e-10
-4.8971294620308e-10
2.1554408247381e-09
-1.4310157259156e-09
2.3420646686226e-10
1.2178247006745e-09
6.8666780430606e-10
-1.7638990804308e-09
-5.8972840999109e-11
-9.6119798821333e-10
3.1760299476229e-10
1.0407377587592e-09
2.1001158470535e-09
-4.2806186305372e-10
3.0870475657655e-09
1.2114155446954e-09
1.179846372994e-09
-1.1323689801078e-09
7.0783184326669e-11
-1.1164878211729e-09
1.6695673137343e-09
-1.5236691831117e-09
1.7878678894374e-09
2.9592155214439e-10
-7.1700125331092e-12
7.0982826009732e-10
-5.8519773643758e-10
8.3191623868268e-10
-1.1683262811492e-09
3.7927211920883e-10
-1.1429331428308e-09
-1.4410650566226e-09
1.1319583770667e-09
-1.864251130976e-10
-3.6400747763644e-10
3.4374950469726e-10
1.7170791853611e-09
-8.9514162156191e-10
-7.8905807933594e-10
-1.5874795207634e-10
3.2758051635227e-10
2.0722465289889e-09
3.7058311825774e-10
1.3854625376042e-11
-1.16073917686e-10
-6.4885741206593e-10
1.042691437029e-11
-6.1322371665546e-10
1.121365846845e-09
-1.9526356131984e-09
-6.1338759918103e-10
-2.0535909744428e-09
-2.253737057391e-09
1.6582185801516e-10
-7.3036024067177e-11
8.0701765341616e-10
-1.6349651241918e-09
7.7168722110146e-10
1.002445608325e-09
6.5294265700709e-10
7.8645410273154e-10
-8.181474916756e-10
7.8177365572914e-10
-7.3861333987014e-10
2.8762458822139e-10
1.5395198387671e-09
-7.2765197650191e-11
5.6331640869138e-10
-7.8968049431717e-10
-1.2983862040907e-09
1.2546276841532e-09
1.275209570438e-09
3.3980470162942e-11
-3.3348799355372e-10
6.7324671700366e-10
-1.2210268490195e-09
-9.6516953819812e-10
1.20618173414e-09
-9.3759192938957e-10
7.8735580587925e-10
2.2573865445374e-10
2.2950721904114e-10
7.8742618462299e-10
-6.190422511427e-10
-1.0833206650956e-09
-1.0836115178644e-09
6.9468367496661e-10
-5.6389033783062e-10
1.2581579317073e-10
-9.9685659774613e-12
2.974496291085e-10
-2.483394314526e-09
-1.8914440012013e-09
8.9601089664953e-11
-3.987104222763e-10
4.2045025027995e-10
-9.6125317986473e-10
5.2551872246315e-10
-1.2780286507171e-09
-1.0446942155941e-10
-2.002567104614e-09
-2.2490055276644e-09
2.1115090906236e-09
1.1969157356882e-09
2.4624813016498e-10
1.781091930699e-09
1.3761347323804e-09
-1.4339720601877e-09
2.2281530260155e-10
-1.612495671635e-09
3.8982454891821e-10
-5.3435838230402e-10
1.1269248582859e-09
-4.8271168111676e-10
2.3497326936577e-09
-7.8114464261943e-10
8.6723524176625e-10
-1.2002381672115e-10
-1.1702412136954e-09
9.809962249362e-10
-4.3261480582262e-10
-1.3852166679849e-09
-1.3189688355609e-09
1.2597110703413e-09
2.7759048057018e-09
-4.019564589065e-10
1.4137921759352e-10
-4.7332102697925e-10
-4.5609883852228e-10
-5.0704732780678e-10
1.1229591109062e-09
-7.899109642121e-12
5.7354423470975e-10
1.2577304350065e-09
7.4111388124279e-10
-1.7223989541104e-09
1.7625126235007e-09
-7.0847869434886e-10
4.0222721817343e-10
1.1980610093043e-09
-2.4342794008766e-09
-3.9723891865246e-10
-1.4591605351754e-09
4.9906015546456e-10
9.2976789239475e-10
6.8949169190513e-10
-7.9520041208021e-10
9.5020922624038e-10
-5.8860621021666e-10
8.3028976531294e-10
2.674265990012e-10
-9.6051281984434e-10
-5.6046175612019e-10
2.0870585800193e-10
-8.7801403083351e-10
-1.0586393840404e-09
-1.4421729144042e-09
9.1004004158636e-10
-7.6245123231339e-10
-2.0621321857894e-09
-2.1111696641493e-09
1.0915092542418e-09
5.7376341391278e-10
1.7733916673145e-09
8.640449773745e-11
-5.3354109790554e-10
1.4515971445788e-09
-2.6293375079884e-10
-7.275662997591e-10
-7.7315565900585e-11
1.3714883198661e-09
1.4045641213223e-09
6.0285681606179e-10
-4.1572136568159e-10
-7.0514660354855e-10
1.3813587262687e-09
5.6500488209172e-10
-6.1018504009824e-10
8.156017581836e-10
6.8324793383316e-11
8.0662042987096e-10
1.3870509298924e-09
-1.3977177847678e-09
-1.5868698750198e-09
6.5187669222518e-10
3.4444122361527e-10
-2.1472666678808e-10
-4.8551246118152e-10
-1.1916492228066e-09
-9.7901240592219e-10
4.7303105684986e-11
2.6355837622259e-10
-2.1549348766932e-09
7.8327609569405e-10
1.2256834858347e-09
1.5890145800455e-10
3.7125090026951e-10
4.1643321703187e-10
4.9707515593626e-10
-2.814359736719e-09
-2.7289360131432e-10
-1.4518146901748e-09
1.3842056970115e-10
-1.5495988763156e-10
-2.1975201510326e-09
-9.5076428103784e-10
-2.6187267769458e-10
1.7815943558577e-09
-9.8566574838376e-10
-2.4202160946395e-09
-1.5189406614692e-10
-6.9453182689556e-10
-2.3765176609936e-12
-1.3045902354917e-09
2.0709614604243e-10
6.4089606797646e-10
3.7697786932754e-10
7.8398431566093e-10
5.7694195575827e-10
-3.1179114479776e-09
2.6463414460632e-10
-2.2438922691076e-09
-9.9445219508084e-10
-4.6876392193675e-10
2.3980530049657e-09
-7.8640630930601e-10
-4.9618076823329e-10
7.8804239209207e-10
-7.2043116528812e-10
1.0714231345506e-09
-2.565476897704e-11
-9.7094015243686e-10
1.2076797414967e-09
-8.9916114870308e-11
9.9084421921504e-10
-3.1315557549176e-09
4.3237777075944e-10
-1.50813244369e-09
2.8654358094985e-10
1.9057987803701e-09
3.9569143998114e-10
1.1568099792585e-09
1.0815659192588e-10
-1.5133199072042e-09
2.3984705857636e-10
-3.172654158312e-09
4.0346157170682e-10
-1.5453471422221e-09
-9.7784957622752e-10
1.1927833392753e-09
-1.4086026069078e-09
-7.9657513330401e-10
-1.4231576773819e-09
-3.436095012042e-10
-1.3233048585073e-10
-1.563460395937e-11
7.006851227084e-10
-5.5530388178696e-10
9.3541075244484e-10
-1.0939976353903e-10
1.2452480640352e-09
5.439658844039e-12
2.1637088659095e-09
8.93808489298e-10
1.3594666464028e-09
-1.3636626108755e-09
8.8243875104334e-10
1.2519854494692e-09
1.215264241932e-11
-6.432294233646e-10
-1.1055575861382e-09
-7.6203691351474e-10
2.2936596147703e-09
-1.1924000873283e-09
2.7449457283966e-11
-5.3750633091898e-10
-3.6345059466422e-11
2.6286680533598e-09
-7.7017923886485e-10
3.1149564193044e-11
9.4404736838669e-10
1.2140706763856e-09
-7.3700881141503e-10
-1.0081298106885e-09
2.1750183507729e-09
-6.7256473547018e-10
-5.0085251642385e-10
2.1927683725123e-09
-1.9223147422773e-09
-5.2401372709853e-10
-6.0906690200731e-13
3.1753873507615e-10
9.9665627819385e-10
-3.7751658843415e-10
-9.4044082381837e-11
-1.3276444991762e-10
6.3060545958043e-10
-5.1063397190874e-10
3.4800576977931e-10
8.082945242452e-10
-5.4577207313303e-10
-7.5524135876131e-10
3.1631046770522e-09
-7.3653781068152e-11
1.5882752324893e-09
-2.0807512691067e-11
3.7303974620754e-11
9.808657243077e-10
-1.05153479022e-09
-8.4246395581575e-10
-2.7474380974929e-09
3.0104683804444e-10
-1.9114711725027e-09
2.5455365168615e-10
1.4232487370282e-10
-8.7575233105394e-10
-8.0786326348608e-10
-1.281243572713e-09
1.7757806531195e-10
1.3758632528579e-09
-1.8196317763835e-09
-6.8117189928903e-10
-6.7574915175118e-10
-9.8160706965927e-10
-7.6140669337175e-10
5.299640701965e-10
1.9708625895321e-09
-5.6612692076973e-10
4.1447473251431e-10
-6.7599425887697e-10
-8.3025811873122e-10
-3.5044608147614e-10
-7.2444959395613e-10
2.3211085907963e-09
-4.5497299582925e-10
7.9887350046289e-10
-1.8934962537119e-09
-2.6895761047254e-09
1.2395108017726e-11
1.082990849042e-09
-1.1606368782509e-09
1.7013804940776e-09
-1.8129713961358e-09
-6.7990044198317e-10
-1.8256325892234e-09
-4.6365109884348e-10
-2.7788980593544e-10
-1.0679770422563e-09
-1.57758313682e-10
-5.8933258849506e-10
-6.7601692273099e-10
-1.1680064277498e-09
-7.4398689678963e-10
9.3568895542807e-10
-1.5668741580315e-09
6.7238789448337e-10
6.11679705377e-12
-2.5749849942748e-09
-7.8960287320794e-10
-2.8955354528363e-10
9.016057006479e-10
-8.2745180254614e-10
1.2769307942257e-09
-1.6451050727452e-09
-5.8274077207981e-10
2.3736203869558e-09
-6.6903751231184e-10
1.687602475947e-09
7.3877506530324e-10
2.028950877783e-09
2.4141976056694e-09
5.8350531385363e-10
1.7377835898902e-09
5.6859969344969e-10
1.7258350434389e-09
3.3611511104885e-10
-2.2305316701707e-09
6.3258893487985e-10
2.168539743791e-10
5.1872707630764e-10
-1.5369394511471e-10
-6.737435879607e-10
-1.1253951662133e-09
-5.5734945924615e-10
2.0966709410232e-09
-2.3019156311146e-09
-6.9508199118488e-11
1.050150844168e-09
-1.7974288779908e-09
-1.8803825500506e-10
-9.374990213982e-10
2.6274692302057e-09
-3.7339212550955e-10
2.8702992162443e-10
6.0106758096526e-10
6.9439530250807e-10
-1.9447275209995e-11
-8.6804493234978e-10
-1.7332461380028e-10
-4.5090606208273e-11
-7.1376458006513e-10
3.6941088246676e-10
1.7419351348343e-10
2.4272627298482e-10
-6.504216737749e-10
1.3068180214428e-09
7.1794022949631e-10
-6.3086438704478e-10
-3.1276444037187e-10
-7.240412950656e-10
-9.1235430813228e-10
2.5993339736423e-10
1.6891573848775e-09
1.1212586946997e-09
1.0381430918632e-09
-7.4669325540352e-10
-2.2874769516489e-10
4.1858324612805e-10
8.7257858407909e-10
-2.0063938287706e-09
-6.4245129605635e-10
-7.5020104390394e-10
-1.0742442344427e-10
-3.184863023248e-10
-1.5669734671733e-09
-1.6057355762133e-11
3.9708874934703e-10
8.3893161826591e-10
6.6748411382289e-10
-6.0404895126093e-10
2.856796339662e-10
2.9781968408188e-10
-2.37567232487e-09
-3.8703495564314e-10
4.7003164952838e-10
-1.2287803303351e-09
1.5406223032964e-09
-3.2230632141021e-11
-8.6525915853949e-10
-9.5292539093751e-10
-6.3473328269193e-10
-2.453871593119e-09
-4.1109566747336e-10
2.2718533175593e-09
4.5803127726176e-10
2.5891967257239e-09
-5.8672609242477e-10
1.580924109483e-09
2.0675319502621e-09
-8.8633184969884e-10
1.1725985422455e-09
-1.8236758492438e-11
-7.2950635430139e-11
-6.0693026507616e-10
-1.5350952738654e-09
-1.4534688890281e-10
-1.4523602180176e-09
-1.0531683953428e-09
-2.9663625495951e-10
-1.0418465726927e-09
1.534397944374e-09
6.3164075206496e-10
-5.9577912401256e-10
-1.4355947352155e-09
5.1838209614888e-10
-8.1940929444104e-10
2.7761636291145e-10
5.9051406921747e-10
-1.7406408758082e-09
1.2391838494327e-09
5.7271024145088e-10
1.4050773936497e-09
-8.3185316552653e-10
1.9652484403275e-09
-1.7834250325506e-09
2.0187482492962e-13
3.7654731871375e-10
-6.0151321499331e-10
1.4535306138114e-09
1.1335825877961e-09
9.5974561926524e-10
1.3220896722268e-09
-4.3664890121667e-10
-3.3338904433182e-10
-1.9557081087026e-09
2.0618718804773e-09
2.308172284455e-09
-1.5826346373663e-09
2.0189844934686e-10
-1.4977203655225e-10
-5.1074388228594e-10
3.5130164191877e-11
-5.6826719440398e-10
-1.7002009210834e-10
-3.9165534840545e-10
-6.1266939104263e-10
-5.0042253989075e-10
7.8435901551511e-12
5.6535265463765e-10
8.2684938320135e-10
-2.1701828571634e-10
-2.0133862613765e-09
6.7437781504799e-10
6.8036876521338e-10
-2.6657855084396e-10
1.5064770350883e-09
-9.4558438532946e-10
-1.185256513573e-09
1.049368803269e-10
1.8375081650923e-10
3.7019690779772e-10
-1.9587254831722e-11
-6.3227257186688e-10
7.4831581247818e-10
1.1546017793746e-09
7.709841941018e-10
2.3252146370028e-09
2.7911903760442e-10
8.0700306128686e-10
-2.1202687109939e-09
-6.5991735582332e-10
-2.2670205893074e-10
4.6879961770438e-10
1.5113978320207e-09
1.4201222007477e-09
1.3237461872186e-09
-6.5433926148013e-10
-6.5193815792858e-10
-1.1638657941666e-09
-4.2831745442649e-11
2.0106485434003e-09
4.6438094526796e-10
8.8266192901613e-10
4.9281955797682e-10
1.9217419398711e-09
-4.4360111100441e-10
-1.4921782537341e-11
-8.186840510638e-10
-3.0170561782296e-09
-6.9231480743038e-10
-2.6184385019275e-10
2.666873646589e-10
1.3807203147702e-09
1.084899635219e-09
1.0406618392565e-09
-2.0044795739401e-09
-1.0900971304704e-09
-1.3557155898133e-10
-5.9268336955707e-10
1.305176190511e-09
5.5960501120118e-10
1.0377938116332e-09
-1.6762634576275e-10
6.0460810348531e-10
4.6647587622483e-10
-4.8242738428617e-10
-1.7677219842027e-10
1.7717154006573e-09
-1.4520792267273e-09
1.7654358427848e-09
-7.5980089396793e-11
2.1782230496906e-09
-9.7615014720513e-10
-5.6112705742105e-10
2.1430312660178e-10
7.0062759838807e-11
1.5572170135691e-09
-5.9318827685134e-10
5.7433128892667e-10
1.2720802104718e-09
-7.4473686899127e-10
-2.8690014993047e-10
-5.407581991304e-10
1.9658858257858e-09
1.0812813210501e-09
2.0866124726962e-09
1.847802189362e-09
-4.8977106320828e-11
-7.6661839151696e-10
1.3848714380334e-09
7.0881001389347e-10
1.0496488748075e-09
-3.5860017665682e-10
-2.1243189567814e-09
-1.2244867141434e-09
-6.9802692946854e-10
-1.5746830888808e-09
5.9406333719336e-11
-1.8574760892366e-09
-2.544615059784e-10
-9.7804156925503e-10
-1.7771977603516e-09
-1.2808313482591e-09
1.4499771461535e-09
-4.0935422446574e-11
1.1366237218745e-10
-1.3442716359935e-09
3.8081292126168e-10
1.2926600535556e-09
1.2057358922561e-09
9.1872296120414e-10
-2.4413212149321e-09
1.585073008658e-09
-7.5803501569123e-10
1.5149416621942e-09
-1.2459182331193e-10
5.7080864557139e-10
-2.6046880249711e-11
-2.5006324297801e-09
-1.0757608817667e-09
-9.8892171808914e-10
1.5134083019046e-09
-1.4244184872315e-10
-8.669381499581e-10
1.1328717430385e-09
-1.8938789069118e-09
-2.7583010801617e-10
7.6868246960952e-10
-6.4229527969273e-10
-4.6952034289199e-10
1.234823951001e-09
3.137192901544e-10
-6.1331641513098e-10
6.3826032394368e-10
6.3668385854382e-10
5.3406149095923e-11
5.7521407080603e-10
7.2450332658056e-10
-1.7014289401078e-09
5.0315591405689e-10
4.0063777716563e-10
-7.0761100319768e-10
-4.2243053693063e-10
1.184076054231e-10
1.3579874457781e-09
-2.671888273046e-10
1.5683982256066e-09
-2.8529973467024e-11
2.3906098829633e-09
3.2124154674088e-09
-8.8691969044223e-10
-1.9435476897513e-09
-7.4454038753601e-10
1.4468663716661e-09
-1.0632173737501e-09
-6.1258297643121e-10
-6.3839007193678e-10
-8.6915075127457e-10
2.064619586814e-09
2.9785098224337e-10
5.221074381958e-10
2.1195844895592e-09
-1.405637293255e-09
-1.2292550260061e-09
1.0867156527122e-09
-8.8648516974571e-10
2.7070464329908e-09
1.9942310738457e-09
4.2126815995894e-10
4.9291811491168e-10
1.1265152200837e-09
-2.2399199547887e-09
6.2905232498988e-10
-9.7784739649624e-10
-1.3342250074955e-10
7.5448419017723e-10
-3.6301107656472e-10
-2.7294009143782e-10
-2.2610592751493e-09
-2.0480101201473e-10
7.0112940477993e-10
6.0953730753325e-10
-3.3186602293116e-11
1.3148622784025e-09
3.0145083190961e-10
2.4556251554659e-09
1.3692769535618e-09
5.9728519003895e-10
7.5101105581757e-10
-1.8132089781348e-09
-8.8404612752742e-10
-6.136351864949e-10
-3.1170122340323e-10
1.4932507943841e-09
5.3555220519924e-10
1.3227864718526e-09
5.1296121637493e-10
2.6381901685813e-10
2.278912120931e-09
2.951537761672e-10
1.5593706019045e-10
4.902252272438e-10
-1.7122454484893e-09
-1.1153410639075e-10
-1.1411650353483e-09
-6.0072599201968e-10
-1.5995064969197e-09
-1.1666953633316e-09
-8.9410936132392e-10
-1.0639523951918e-09
-1.2900587361804e-09
-1.5016046629774e-09
-1.2131023573734e-09
9.8671073399659e-10
-1.1298323266219e-09
8.4504002810097e-10
-8.5229715502189e-10
-1.3613674583517e-09
1.9256927708229e-09
-1.2767469723975e-09
1.341570286723e-10
-2.6003293119978e-10
1.4577723760737e-09
1.3282694467925e-09
3.2144980561282e-10
-3.6448236244753e-10
-8.3786357113515e-10
1.2838530431749e-09
-1.2457341061121e-11
-1.4220021120224e-09
1.1869329099833e-09
8.7548552386341e-10
-1.7609555844606e-09
-6.2910028670993e-10
2.4227674519102e-10
-9.295473038995e-10
-3.4400379308019e-11
4.8853973822163e-10
-1.2771368590944e-09
1.0208259219427e-09
7.3446496602719e-10
-4.1656313719145e-10
2.11607575697e-10
-8.5918652428124e-10
-1.0513677761057e-09
-1.1568924393463e-09
3.2429161061292e-10
-1.49549918067e-09
8.2518216857867e-10
1.4507223505646e-09
4.5956871929688e-10
-3.0947447318405e-10
-7.6245173789765e-10
1.4023679905765e-09
6.3811995697221e-10
-1.9636866845619e-10
2.2656538299462e-10
-4.5714045224998e-10
2.1729537847019e-13
-5.6432359660648e-10
-6.8882424197893e-10
-1.3730297542045e-09
1.9924308136082e-09
-7.4710375197977e-11
1.4830396097185e-09
-1.3755386070542e-09
2.2544507717746e-09
-5.0003310639113e-10
-1.2122169456255e-10
-1.0137792329419e-09
-1.0936323420271e-09
5.1620071972795e-10
1.7575374021885e-09
1.446873464023e-09
1.161164993026e-09
1.9266416955418e-09
-1.5260972784597e-10
2.3447236325782e-10
-5.8122818329981e-10
1.8651823843361e-09
-2.293189451767e-10
-1.821118435942e-10
-2.0352717245275e-09
-8.5137386771052e-10
-1.1388059231715e-09
1.0409786440021e-09
6.1255444621015e-11
-1.5188053971227e-09
-7.8334599230565e-10
-1.1735364311925e-10
-1.229098153931e-09
2.2123766302854e-12
-4.2613505834867e-10
1.7707086139897e-09
1.2873301620781e-10
1.5346615837829e-09
1.7908553247445e-09
3.1752426465034e-10
1.4107268781343e-09
-6.5288193791299e-10
1.3050266165003e-10
5.1657793153461e-10
4.8110083618336e-10
8.0166575002855e-10
-1.8610908568057e-09
-2.0151287095096e-10
-3.5281253654568e-10
-8.0307812689948e-10
5.9246790331884e-10
-9.6233684349408e-10
5.0330160639239e-10
-1.1666682562989e-09
1.9521494122757e-09
-1.6881628772759e-09
1.665493516369e-09
9.5090073322472e-11
1.8433076085287e-10
-1.6669127200538e-09
-9.4611003109789e-10
-3.7149735840606e-10
4.5647360556561e-10
-1.8253981705832e-10
-5.4070754161785e-10
1.4257894336629e-09
-6.8379675121721e-10
-8.0146029652988e-10
-7.8794489180537e-10
-5.0411812963963e-10
-1.580437813513e-10
1.4396441067543e-09
-1.8008231249041e-09
1.1654317798242e-09
1.570716459308e-10
1.3473590241216e-10
2.3041010762374e-09
-1.9576966684994e-09
1.8669474552015e-10
5.8247986392259e-10
7.8805986282035e-10
8.0031879021337e-10
-5.1450830757083e-10
2.683983557179e-09
-2.4388289987921e-09
-3.0202680094186e-10
1.1424863095607e-09
1.0979161463601e-10
1.2101980609315e-09
-1.0392651318788e-09
-1.202328969485e-09
-1.0429190762052e-09
1.7901420249674e-10
-1.7063312701856e-10
-4.1561025367695e-10
-3.5892495734577e-10
-1.6449051329339e-10
2.5691923274296e-10
3.8812489545816e-10
3.5765768662871e-10
-2.7696300148992e-09
1.0215654953785e-09
-2.3311003291212e-09
1.2160786069077e-11
6.5187152489371e-10
6.9028935187824e-11
3.3768033976697e-09
-5.9595152965539e-10
-2.5807282189598e-10
-6.2420589074552e-10
-7.0658923619462e-10
-1.2649111985999e-09
-7.9398387941174e-10
1.2807395358562e-09
-1.2704866225474e-09
1.5645035586287e-09
2.7748625514418e-10
6.3728534731991e-10
1.0493957203027e-10
-5.456910061302e-10
-3.1551314086892e-10
6.3732917237379e-10
-7.456713428615e-10
1.267955210082e-10
6.6772739135222e-10
4.6896204946888e-10
-2.0503517300044e-09
2.8251861903036e-11
3.1136939249525e-10
-1.1360180647479e-09
6.5195142279806e-10
-6.5627287942594e-10
6.8258136163216e-11
-8.2501041760381e-10
-8.5966514283095e-10
-1.8617459873602e-09
1.096611153268e-09
-4.9516185744159e-10
-7.5551021243317e-10
-7.7728230653462e-10
-2.0288775753699e-10
-8.4744568512981e-11
-7.6807501194689e-10
1.0897318021531e-09
-3.7310139495191e-10
1.3413471612704e-09
-1.0726329199489e-09
-1.4556764370118e-09
-5.7698477567214e-10
-1.1515913837885e-09
-1.4499871610195e-09
-4.8093089411607e-10
-5.92125140748e-10
1.4313599673651e-09
1.8525207638985e-09
-8.0185125957282e-11
-1.4354098495849e-10
-4.6310351490991e-10
-5.6332116555916e-10
-3.4963688472277e-10
-1.4214972911332e-09
-2.6592517842413e-09
6.1491180413336e-10
-1.5071460445734e-10
-2.2320116053769e-09
-2.1790390028152e-10
-1.3511836039048e-09
3.6271880704644e-10
5.0558666664115e-10
7.6552379356212e-10
-1.0859237039071e-09
-3.0134435228052e-12
8.7613355629286e-10
2.103355789323e-10
7.9293378097483e-10
5.6023687134402e-10
-2.7941626406036e-10
1.7002178886488e-09
-1.8766833655064e-10
1.2946935797208e-09
-3.628839678792e-10
6.7808031578927e-11
-6.9170488628468e-10
5.2523425828665e-10
-5.5279398279537e-10
1.2467161795685e-09
1.872496272928e-09
-2.298750974604e-10
3.2683162753124e-10
-2.0739734569327e-09
1.2107872157927e-09
1.2740042933421e-09
-1.6349707092858e-10
1.1551179315428e-09
-2.4593035261548e-10
1.1063153412917e-09
-1.2933211465546e-09
-5.9785732743134e-10
1.5120579701413e-09
-3.6376127431687e-10
1.0261949302965e-09
3.9208851594272e-10
-8.9596671459374e-10
6.1049321778647e-10
-3.0296949165651e-10
-7.8730507677005e-10
2.3464677026406e-10
-1.1900352761558e-09
2.4679639021924e-10
3.9278116701365e-10
4.4359243513966e-10
8.1726211108233e-10
-1.1598367928792e-09
1.0855990362979e-10
-2.6086717613859e-10
1.1674755371512e-11
9.7656427956334e-10
-2.8683121935304e-11
-3.4283301978491e-10
1.9169130372279e-10
-1.0769710192611e-09
8.3366544386714e-10
-1.1789598580089e-09
-7.512199776606e-10
-7.8998718724816e-11
3.662895618339e-10
-1.2223808656148e-09
1.5024947570268e-10
-1.1509008501053e-09
-1.0252560462528e-09
6.2135632634058e-10
-2.000651103106e-10
-2.1151680733639e-11
4.0398264153683e-10
-5.1874428038929e-10
6.2859864628279e-10
-1.5980487455465e-09
-1.4858084728324e-09
-3.7849714743231e-10
-1.4144002687651e-09
1.6709479139035e-09
8.2576037117398e-11
-6.7821386556489e-10
3.0684057327957e-10
-1.1766302691933e-09
-3.4631616632594e-10
-9.4796394320626e-11
1.8125017149326e-09
-2.5091606419864e-10
-1.2533608590878e-09
-9.9695208873899e-10
-3.1267372651711e-10
1.1992262227954e-09
2.0996432960569e-10
2.1564218855291e-09
4.9906091215848e-10
4.9581809458885e-10
3.6446890417322e-10
-1.0052567658737e-09
3.5968343736169e-10
-2.3537318053196e-09
-7.4982325916191e-10
-1.0081105413244e-09
-1.2752110787715e-09
5.3971333386429e-10
-1.2816649717881e-09
1.7087232217698e-09
4.0495002523469e-10
-2.3380027979175e-10
-5.5737088149787e-10
-4.1816126997476e-10
4.5817472482798e-10
1.9024906309293e-10
-1.2658785076336e-10
2.1753844978618e-10
1.6403180101519e-10
-2.20893708695e-09
-1.5644921581534e-09
7.4783107486269e-11
-1.2095382964182e-09
-7.558472968066e-10
-1.4341482328082e-10
-2.5300222597421e-10
-2.9417810444545e-09
1.4414620149913e-09
3.6884474078137e-11
1.5125065850582e-09
-2.7022445429485e-10
3.4221585846537e-10
-5.9170836841433e-11
1.2264392385223e-09
2.652125306487e-10
1.3381646100485e-09
-1.4670658765204e-09
-3.2306225736337e-11
1.5865772089116e-09
-4.3022768532528e-10
1.6409470164426e-09
-6.2699715667742e-10
1.253743594232e-09
-5.3667749783754e-10
-1.3607968920508e-09
4.759759542274e-10
3.0403605456638e-10
1.9176378247895e-09
-6.3665067504423e-10
-1.2241858964339e-10
7.966648320048e-10
1.6619507236418e-10
2.8615424075843e-10
-1.3414227083128e-09
9.6496356214921e-10
-9.5361169754818e-10
-1.1102197273711e-09
2.0168506828446e-09
4.1654160465504e-10
1.5553656035761e-09
5.2733659064454e-10
5.1140469708893e-11
-2.322865319536e-11
-2.3902054648666e-10
7.513514955925e-10
5.9268771302473e-10
-2.4945340393308e-10
3.3138001558525e-10
4.3857164794395e-10
-9.0161934258857e-10
2.1677644469478e-09
5.0362332355706e-10
1.193003217375e-09
1.9947540060039e-10
-2.3088624103827e-09
1.8322374760796e-10
-9.9869083451507e-10
-4.8745840930556e-10
1.7803102948396e-10
4.6780698959681e-10
2.0911741669984e-09
2.0127985536324e-09
5.2587232879628e-10
5.9991318645364e-10
-1.7211637090333e-09
-1.0944528282716e-09
-8.6789724718147e-10
3.3899438379598e-10
3.0524418111415e-11
1.4853510851303e-09
-1.266367000474e-09
1.8617092975988e-10
-4.504220506862e-10
9.5618344162469e-11
3.5762951233515e-10
-2.3494861670598e-10
-1.1991528696493e-10
-1.547543974788e-09
5.9265191302862e-10
1.008458239222e-09
-7.7959532063357e-10
1.0603665681092e-09
-1.4039967971443e-09
-3.031757278831e-10
-6.2472052042108e-10
-2.0608795255409e-09
9.6457042210831e-10
-6.4752966840349e-10
1.5523272530572e-09
1.1929795015638e-09
-3.5757383779872e-10
6.6710564726947e-10
4.4531145072506e-10
9.7128839640258e-13
-1.0456470405816e-11
2.260504978732e-12
1.6048296291146e-10
-8.5558663220454e-10
6.5099532890019e-10
7.2177903479324e-11
9.5499930021979e-10
-2.3779586375014e-10
-1.189835670534e-09
-2.3856281597246e-09
-2.5242941300974e-09
-9.3109337837659e-10
-9.8891606469371e-10
1.2477169429698e-09
1.6709944296885e-09
2.3623008864263e-09
-4.59837777619e-10
2.5723300239748e-09
1.1384324511977e-09
1.5605110955281e-09
-5.1086681672752e-10
2.3131805662056e-10
-1.4127944858459e-09
2.1396625080191e-10
1.9630332132975e-11
2.4913488263048e-10
5.2878231839196e-10
2.0891076906977e-09
-1.4906323648975e-09
1.6168100141711e-09
-3.1458857199193e-10
-7.0877647844518e-10
4.6919500353862e-10
-8.0086182720443e-10
1.5513772269721e-09
6.7289793057326e-10
5.4413247539033e-10
-1.5174688493258e-09
1.759227253629e-09
3.9713528427958e-10
-3.4945938798979e-10
-1.2964833941254e-09
6.5515370809742e-10
-9.2692237921065e-11
-9.666096588814e-10
1.0918429369576e-09
-1.0917723560399e-09
6.8661061911058e-10
-9.5474481316343e-10
5.5700453770924e-10
3.6219982038604e-10
1.1200942842519e-09
1.1716490300722e-09
-1.000169191167e-09
1.6411605103738e-09
-5.9317529527005e-10
-6.1511506387845e-10
1.4932559748381e-09
-9.6043240983679e-10
9.6083197477004e-10
2.4783229003975e-10
-1.3266391229969e-10
-2.4961464055266e-10
2.1063160640178e-09
-5.4690133507375e-11
5.7681300730655e-10
4.1644318882566e-10
8.6468717423278e-10
-5.5164908507622e-10
3.8547900292465e-11
2.7653893904688e-10
1.0328030423703e-10
-5.854080410247e-11
5.9395994254113e-10
1.3127852507311e-10
1.5103946388417e-13
5.69693841316e-10
-4.1418691005882e-10
-1.0886662009557e-10
6.9167909756832e-10
7.4334200048591e-10
1.2416941517156e-11
-9.044334953439e-10
1.5432910126775e-10
-2.29571589351e-09
3.6520527007095e-10
9.0094057257635e-10
5.8637313258626e-10
-4.0748096990337e-10
2.3188163276171e-10
-1.1920656029046e-09
-6.4697600433657e-10
-2.1644806296992e-09
-2.3597784566729e-09
2.5566935693416e-12
-1.0692929230583e-10
-4.1464510077869e-10
9.3529334399376e-10
1.8470567273377e-09
7.7885866667258e-10
-5.3269254870822e-10
-2.4989857339611e-09
2.51552455296e-10
-6.7705905885773e-11
8.3252875957461e-10
1.7912025619901e-09
1.4300848849424e-09
9.7914479117167e-10
-4.3231561174881e-10
-7.7078541230195e-10
-1.8073942610832e-09
-3.9611701112988e-10
-6.5172003031974e-10
2.8094506139352e-10
1.8375202172277e-10
6.3154973026192e-10
-1.2216921117355e-10
1.3242216812577e-09
1.6283524245252e-09
3.763954585217e-10
5.6240346709874e-10
8.9283185964623e-12
-6.6266758083254e-11
3.0613682136447e-10
-1.8307049529831e-09
-1.1764302190734e-10
6.111183241748e-10
2.5204636123852e-10
-2.1555513991483e-10
-4.1959746254018e-10
-1.8744087576912e-11
-1.328919427056e-09
7.7978375529689e-10
8.1086359464656e-10
1.6036064079964e-09
1.9480109890522e-09
1.8745245942027e-09
6.675531605313e-10
1.8178367066212e-09
1.4395260595384e-09
4.3658007233505e-10
1.7124298117371e-09
-1.0274713769251e-09
1.0578296242742e-09
8.7938284501827e-11
1.4729535472574e-10
7.874704013368e-11
1.0062098095868e-10
5.482884885061e-10
-2.2918092012353e-10
-2.8004082855612e-10
2.7437957885387e-10
-1.6560218856868e-10
9.5231908531008e-10
-5.2886681295129e-11
-7.0991981776353e-10
3.6737952680889e-10
-4.2945975401873e-10
1.472945411e-10
-5.5355810047523e-10
-1.9536014822603e-10
-8.4516693839768e-10
-9.4884108397693e-10
-1.2788408239536e-09
1.4915905062396e-10
2.7714588956986e-10
8.1111212710638e-11
-9.4335796493114e-10
9.3298581872936e-10
-1.6202989689318e-10
-4.5168546354073e-10
1.1530021161352e-09
-2.2993418101919e-10
-1.1545403506331e-09
-1.0402186362377e-09
-1.3852854998538e-09
-4.7629069390772e-10
9.7234587020163e-10
1.4625492786163e-09
-1.0787355967834e-09
6.3242106729983e-10
1.6821961308938e-09
1.4658602926573e-09
1.0232320411572e-09
3.6719321785701e-10
-1.2981259511232e-09
4.9014740548827e-11
-5.7355220413197e-10
1.8133466813671e-10
-4.3611616984884e-10
-5.9848073709167e-10
8.6379962638505e-10
1.3678103811088e-09
5.778601288672e-10
2.8295574023501e-10
-3.2627350318619e-10
-4.7984536510813e-10
-1.5786232192898e-10
7.8827923737277e-10
-2.3060894655647e-10
-7.5678068214053e-10
2.4918936663459e-10
1.1978747566896e-09
-9.344387314294e-11
-1.0321293819053e-09
-5.8061610839949e-10
-5.5474272851324e-10
1.1256929383445e-09
-1.1605315509188e-09
8.1406922348573e-10
3.0659243301797e-11
1.965839692596e-10
1.8065177573972e-10
-1.9029070307459e-11
-1.1937299211314e-09
-4.4021567583061e-11
2.6292774442356e-09
1.3903404251043e-09
-1.0428659039626e-09
-3.2049948750751e-11
-2.1847809429871e-10
-4.7557258458911e-10
1.8275888705385e-09
-2.174459922666e-09
-9.7636521953517e-10
-2.7558834537965e-09
-1.4302084216924e-09
-3.5803246090673e-10
-4.7574437140554e-11
-7.3542261059746e-11
1.2355749506746e-10
1.2963169980199e-09
3.2386204715565e-10
-8.1746378464429e-10
1.0805881099029e-09
1.105341070682e-09
-2.696511908591e-10
1.9620159601534e-10
-3.1195491053923e-10
1.6985158176266e-09
1.0506431290659e-09
8.7659816240213e-10
9.4731999059353e-10
-1.1146372295368e-10
-5.3799046959431e-10
-5.4880671166802e-10
-6.6873741540265e-10
-7.7554259622057e-11
2.5695453830905e-10
9.2320982956069e-10
5.9271386513352e-10
2.4399286013335e-09
1.4406671137758e-09
3.0115537980135e-10
1.9554140420625e-09
7.7907786295358e-10
-1.3810943870015e-10
2.0174206129674e-09
-1.0158067386907e-09
1.739964135524e-09
1.0537266634036e-09
1.5038715072341e-09
-2.9894734007183e-11
8.2458298011806e-10
7.1729493851205e-10
-1.3148335821575e-09
-1.2659157983928e-09
-2.9422097699164e-10
6.794162842275e-10
-4.8955534033126e-10
-3.9562360905728e-10
-5.2593316882531e-10
1.1999944315296e-09
1.076287541186e-10
3.9072133589224e-10
-1.9121799506342e-09
4.3336392128203e-11
-6.6242113782013e-10
-9.0933640550917e-10
4.7367801592497e-11
-6.059512605044e-10
3.8339104024474e-10
-1.5984672616657e-09
-5.5978554180829e-10
1.1388179798601e-09
-1.2128004872599e-09
-4.5082782568774e-10
-9.6871648315881e-11
-3.6920730466445e-10
5.7748480421161e-10
-5.5988586920159e-10
1.2599198364976e-10
4.6521135278935e-10
1.6099413048774e-10
7.9346423481087e-10
-8.1454376788892e-10
7.4753524225683e-10
7.8982958891034e-10
-1.5378704382836e-09
3.7533747680643e-10
-1.2988687915679e-09
-2.8842522467254e-10
3.7627562068967e-11
-2.1418034676643e-10
-4.7001303986993e-10
-9.3694868801637e-11
-1.0365807089228e-09
4.4827252954877e-11
1.344299642786e-09
-5.6662798817342e-10
-1.651383464522e-10
-2.8733333988284e-11
-3.9997588104538e-10
-2.2689138841688e-10
2.2801069318474e-10
-1.4421526669919e-09
-2.1071213305605e-09
9.102101512302e-11
-3.5087297266139e-10
1.1705802881808e-10
8.4708021990974e-10
1.2214568024496e-09
9.6839654599028e-10
7.5309112894493e-10
-1.441052682268e-09
1.3165631268191e-09
-1.0510682742112e-09
-1.0550081036743e-09
1.2120036330054e-09
-1.9497218407989e-10
-7.011999849931e-10
9.4335917348147e-10
1.167012756906e-09
-1.4638626401841e-10
-1.3745244922327e-10
-9.5576147151256e-10
-5.2029037362249e-10
1.130524763418e-09
-1.0247019106376e-10
-3.1130550861886e-09
-5.4301591518207e-10
3.4249802366557e-10
8.7269339126168e-11
1.3951734179973e-09
1.2362641146698e-09
1.4249788865276e-09
6.198096750308e-11
-3.155736071466e-10
8.059676951305e-10
-5.3061538843264e-11
-4.5697007677271e-10
-6.5516981816319e-10
1.3294722801618e-09
-7.3612382958947e-10
1.3792540317336e-09
1.4488790553708e-09
2.0667885832592e-09
2.186967717607e-09
-3.3625540343368e-10
7.854749392401e-11
-3.972987660632e-12
-9.4192210950611e-10
1.2864237804709e-09
-8.8763279960756e-10
-2.2297081342164e-10
1.1571521204562e-09
-1.1842221504315e-10
-1.7806163367043e-09
1.1635167455728e-09
-4.4760016951913e-10
4.7436089640436e-10
-3.0250551876573e-10
2.3338827745943e-10
-1.9734243711157e-09
2.8856477505849e-10
-2.7523337000669e-10
2.6070087532263e-10
8.9606456218516e-10
-4.2321804202649e-11
-6.5997809518924e-11
-1.3489383206547e-11
-3.3409798758577e-10
-7.86625697884e-10
-1.3015579778762e-09
-7.612491323528e-10
9.1373089755915e-10
-3.387994116884e-10
-5.9784926508805e-10
-1.8237287436395e-10
-2.8836338392405e-10
-2.521448643572e-10
1.3733462295461e-10
-5.5257232340188e-10
9.8834604540679e-10
1.2467062065963e-11
-8.5594329425236e-10
1.3296764813013e-09
1.0003130731407e-09
-5.2924792737408e-10
2.4713792385354e-11
-1.2271865445772e-10
9.3822457919714e-10
-1.5410135676125e-09
3.4480466354334e-11
-4.5402001218575e-10
-1.0703995389916e-09
5.8912581107945e-10
4.2546136239225e-10
2.1248561743692e-09
-1.4643664159694e-10
-9.5104039803854e-10
-6.3019857256086e-10
1.0770383584168e-09
6.2046164181454e-10
-1.7359088547481e-09
-1.2994994280793e-09
-1.1616387979218e-09
-4.1640236824065e-10
3.5361025506977e-10
2.6654864889544e-10
9.4379544605038e-10
9.5038310687308e-10
7.8398785767565e-10
6.8386019724043e-10
-8.0366974509848e-10
1.3673738429526e-09
-9.8989719419381e-10
-5.8220398908794e-10
-7.013999643864e-10
-2.0366620641733e-10
9.1092775490656e-10
9.9738196621629e-11
3.6058550946555e-10
2.9184472078943e-10
1.9580007274351e-09
-1.9447579949396e-10
4.8601105620027e-10
2.9140435039753e-10
-9.217260124973e-11
1.061114292503e-09
-8.373051666565e-10
-1.440595168041e-09
1.3876503506496e-11
1.1473575054102e-09
1.598148362553e-09
1.2341037472849e-09
1.521599723376e-11
-1.047300119771e-09
-2.3984618058979e-09
4.4815123687333e-10
-1.1735790137666e-09
9.2964292587103e-11
9.5277189615366e-10
-1.2725789469173e-11
-1.6999520594698e-09
-2.2500153191433e-09
9.2985521712609e-11
-1.8098954720172e-09
1.4391118167773e-09
-4.5027447927523e-10
2.7302924274615e-10
5.1132644565692e-10
1.5303263735948e-09
1.0071189432239e-09
-1.0147591226977e-09
-2.6471928077354e-10
-2.0641506867987e-10
-9.4374239495711e-10
1.1905823358261e-09
-5.3707786493484e-10
8.2831592969222e-11
7.4825110502248e-10
3.4659649344121e-10
7.0572143995139e-10
-7.7002645598016e-10
-9.8700664892068e-11
5.4233303003471e-10
-3.9269124400712e-10
-2.1533806862291e-10
3.8732823185053e-10
1.4971324360938e-09
7.1003220125723e-10
1.4732338249052e-10
4.876497168947e-10
-2.0246828764872e-09
-1.1301125972923e-09
-6.0961454426899e-10
-9.576982949076e-10
3.5309143653144e-10
-1.9650813954695e-09
-3.131677296833e-10
-6.3085419130581e-10
9.0566393644265e-10
-1.0237190295167e-09
-2.7273042977853e-09
4.5219272754744e-10
-8.4463227106524e-10
-4.5953020922724e-10
-1.5016587978771e-09
-6.225466462232e-10
-3.9052159561098e-10
-1.5894920681576e-09
3.3373759213896e-10
-2.6100816266197e-10
-1.2287616781751e-09
1.0707201545118e-09
-9.7295754948334e-11
-8.8386392164852e-10
-2.9687574633058e-10
-1.0773983715241e-09
1.8464998661446e-09
4.1085802240479e-10
4.2041243775577e-10
1.0226805741659e-10
9.2662336022185e-10
1.3559529337968e-09
-1.2757763700493e-09
1.405600744258e-09
-6.9267755090569e-11
-4.5646469473357e-11
5.7202438239067e-10
4.2534184064703e-10
3.054357549618e-09
-7.2461161455518e-10
-1.4647163252484e-09
1.1273126721524e-09
-8.3018162932854e-10
-9.8160739737027e-10
-2.7898443013036e-10
-2.9163550342821e-10
5.408843801312e-10
-1.1246180561576e-09
6.6955258692502e-10
1.429103562475e-09
8.7774845950002e-11
1.0327775745867e-09
-1.0502174739772e-09
2.2597657461423e-11
1.1136939104764e-10
-6.9884431415174e-10
2.0047459748836e-10
4.3253495665249e-10
-4.5960736951295e-10
3.4834776012433e-10
6.2149687663836e-10
-9.8357665181648e-10
-6.215086762443e-10
-3.0173315700937e-10
-2.9416803215808e-10
-1.0105627162879e-09
-7.9936771863736e-11
-5.3051606810629e-10
-5.8105424681802e-10
-1.1921877145752e-09
3.9974497655166e-10
5.7605331043837e-10
-9.9839315475937e-10
-2.3342505568471e-10
-1.7644478151711e-09
-1.7265142071437e-09
7.5150887353048e-10
-6.9785986620484e-10
-7.6281427746408e-11
-4.1493472831693e-10
-1.2996624467234e-09
-2.1810675491088e-10
8.435709866604e-10
7.9456747216741e-10
-7.6122243682754e-10
-1.6780686269263e-10
-4.4386079730588e-10
-9.837054810372e-10
2.8715165152121e-09
4.1530333914547e-10
2.4517843568267e-10
-4.0801219742206e-10
-5.9009776198031e-10
-1.2979534658046e-09
-4.7416320141396e-10
1.4415304244968e-09
1.2056233545077e-10
3.2670392160447e-10
-6.2711291357574e-10
1.5642542352937e-11
-3.4209857722677e-10
6.6956019934932e-11
1.890052217245e-09
1.0960605798585e-10
1.2816893653128e-10
-8.145455434231e-10
-1.6239636367504e-10
-4.5856098221843e-10
-1.1364065781837e-09
-1.9106751760544e-09
-1.3181300670496e-09
6.5115822049851e-10
1.5337148781355e-10
1.1125629672205e-09
3.0955485397338e-10
6.1217642577828e-10
-8.2837970712243e-10
-6.1831081989947e-10
-3.9490731273065e-10
-1.0099504311775e-09
6.7560117876072e-10
-1.0438495103483e-09
-8.7645711813238e-10
1.6618294841343e-10
-8.765394754268e-10
-1.4830934969689e-09
-1.2021639962771e-09
-1.2872615763498e-09
-1.7535103193582e-09
-1.4132913057821e-09
-5.4688904504006e-10
-1.5041402071721e-09
-9.5772140956616e-11
-9.1262580964536e-10
-1.0349774750636e-10
5.922156123639e-10
-2.1600429962738e-10
-1.0211425225398e-09
-1.2313982461893e-09
3.9108505771598e-10
1.0024146872599e-09
6.0621634757104e-10
1.1519090145083e-10
4.0508140900723e-10
-9.3941922241366e-11
9.1273139937882e-10
-8.6200182173667e-10
1.3768685507944e-10
-4.1703604256661e-10
4.288616167004e-10
1.9554726449579e-10
-1.5263011400433e-09
-2.6585281370352e-12
9.9931823386254e-10
6.1377362391639e-10
-1.6599254318183e-10
1.3161684430472e-10
2.838241216676e-09
-1.3492973081673e-09
-1.4255217284776e-10
1.0813096545808e-09
-2.1339101654785e-09
7.0273991152917e-10
3.9370531470898e-10
-1.4251150183618e-09
-1.9350584667415e-10
-9.5194296250432e-10
5.7699186737363e-10
9.5012773995925e-10
4.4891323728214e-10
9.5390122416469e-10
-6.0691402472527e-10
5.5800639978351e-10
6.0645232607561e-10
-4.0003237311266e-10
-4.1362937114266e-10
-5.5974798900527e-10
-2.7779541778853e-10
-1.5308042294664e-09
1.8225589553499e-09
6.7901570840165e-11
5.508154151465e-11
7.9259810120954e-10
-2.0405942116326e-09
1.1113656946282e-09
-3.9228902660266e-10
3.5404565877522e-10
-7.1201705893183e-10
-9.1598408379988e-10
7.0981319000033e-10
1.8813721256051e-10
-1.4138283457159e-09
-1.6129604480088e-09
-1.0033601258558e-09
-1.0576503433624e-09
-7.490712611829e-11
3.9033838417679e-10
-7.9369413480852e-10
1.4632989150775e-09
-2.6501240989645e-10
1.1062970782398e-09
-5.0907174342615e-10
-1.8685002701568e-09
-7.6223050557807e-10
3.3272638303264e-10
1.6946790334794e-10
9.9870691987484e-10
-1.0440682152477e-10
-2.547790265692e-10
-9.2476581847581e-10
-9.3531460895891e-10
-3.5218464299213e-10
3.9789653770166e-10
-8.0979971021634e-11
1.6326456783572e-10
1.048750835375e-09
-7.7128099878685e-10
-1.6564249249525e-09
